// VNL-1 — Caratulas convertidas a pixeles.
//
// GENERADO por sd/prepare_sd.py. NO editar a mano.
// Cada caratula son 172x172 en RGB565: unos 59KB de flash. El recorte
// circular lo hace el firmware al dibujarla sobre la etiqueta.
#pragma once
#include <Arduino.h>

#define COVER_PX 172

static const uint16_t COVER_02[] = {
  0x2265,0x2265,0x2285,0x22A5,0x22A5,0x22A5,0x22A5,0x22A5,0x22A5,0x22A5,0x22A5,0x22C6,0x2AC6,0x2AE6,0x2AC6,0x22A5,
  0x2285,0x2285,0x22A5,0x22A5,0x22A5,0x2285,0x2285,0x2285,0x2265,0x22A5,0x2285,0x2285,0x2265,0x2285,0x2AC5,0x2285,
  0x2285,0x22A5,0x22A5,0x22A5,0x22A5,0x22A5,0x2AC6,0x22A5,0x22A6,0x2AC6,0x2AE6,0x2AE6,0x2AE6,0x2AC6,0x2AA5,0x22A5,
  0x2AC6,0x2AC6,0x2AC6,0x2AA6,0x2AA6,0x2AC6,0x2AA6,0x2AC6,0x32E7,0x2AA6,0x2285,0x2285,0x2AC6,0x2AA5,0x2285,0x2AC6,
  0x22A5,0x2AC6,0x22A5,0x22A5,0x2AC6,0x22A5,0x22A5,0x2AC6,0x2AE6,0x2AE6,0x2AE6,0x2AC6,0x2AE6,0x2AE6,0x2A86,0x2A86,
  0x2A85,0x2AA6,0x2AA6,0x2AA6,0x2AC6,0x2AC6,0x2AE6,0x2AE6,0x2AC6,0x2AC6,0x32E7,0x2AC6,0x2AC6,0x2285,0x2A85,0x2A85,
  0x2A85,0x2285,0x2AA6,0x2AC6,0x2AC6,0x2AE6,0x2AE6,0x2AC6,0x2AE6,0x2AE6,0x2AC6,0x2AC6,0x2285,0x2A85,0x2285,0x2AA6,
  0x2AA6,0x2AA6,0x2AC6,0x2AC6,0x2AE6,0x2285,0x2265,0x2285,0x2285,0x2285,0x2285,0x22A6,0x22A5,0x2AC6,0x2285,0x1A44,
  0x2265,0x2265,0x2265,0x2285,0x22A5,0x22A5,0x22A5,0x2AC6,0x22A5,0x22A5,0x2AC6,0x2AC6,0x22C5,0x2285,0x22A5,0x22A5,
  0x22A5,0x22A5,0x22A5,0x2AE6,0x2AE6,0x2285,0x22A5,0x22A5,0x22A5,0x22A5,0x2AC6,0x2AC6,0x2AC6,0x22A5,0x22C6,0x2265,
  0x2AE6,0x3346,0x22A5,0x22A5,0x22A5,0x22A5,0x22A5,0x22A5,0x22A5,0x22A5,0x22A5,0x22A5,0x2265,0x2285,0x22A5,0x22A5,
  0x22A5,0x22A5,0x22A5,0x2AC6,0x22A5,0x2285,0x22A5,0x2AA5,0x2AA5,0x2AC6,0x2AC6,0x2AC6,0x22A5,0x22A5,0x2AC6,0x22A5,
  0x22A5,0x2285,0x2285,0x2285,0x2285,0x2285,0x22A5,0x22A5,0x22A5,0x22A5,0x2AE5,0x22C6,0x22A6,0x2AC6,0x22A5,0x2AC6,
  0x22A5,0x22A5,0x22A5,0x22A6,0x22A5,0x22A5,0x2AC6,0x2AE5,0x2AE6,0x2AE6,0x22C6,0x2AC6,0x2AE6,0x2AE6,0x2AE6,0x2AC6,
  0x2AA6,0x2AC6,0x2AC6,0x2AC6,0x2AC6,0x2AC6,0x2AE6,0x22C6,0x2AE6,0x2AC6,0x2AC6,0x2AE6,0x2AC6,0x2AC6,0x22A5,0x2AC6,
  0x2AE6,0x22A5,0x22A5,0x2AC6,0x2AC6,0x2AE6,0x2AE6,0x3307,0x2AE6,0x3307,0x2AE6,0x2AC6,0x2AA6,0x2AA6,0x2AA6,0x2AC6,
  0x2AE6,0x2AE6,0x2AE6,0x2AC6,0x2AC6,0x32E7,0x32E7,0x2AC6,0x2AC6,0x2A86,0x2AA6,0x2AA6,0x2AA6,0x2AA6,0x2AC6,0x2AE6,
  0x2AE6,0x2AE6,0x2AC6,0x2AC6,0x2AE6,0x3307,0x2AE6,0x2AE6,0x2AA6,0x2AA6,0x2AA6,0x2AA6,0x2AA6,0x2AC6,0x2AE6,0x2AE6,
  0x2AE6,0x2AA6,0x2A86,0x2285,0x2285,0x2285,0x22A6,0x2AC6,0x22A6,0x22A6,0x2285,0x2265,0x2285,0x2265,0x2285,0x2285,
  0x22A5,0x2AC6,0x2AC6,0x22A5,0x22A5,0x22A5,0x2AC6,0x22A5,0x2AC6,0x2285,0x22A5,0x22A5,0x2AC6,0x22A5,0x22A6,0x2AE6,
  0x22A5,0x22A5,0x22A5,0x22A5,0x22A5,0x22A5,0x22A5,0x2AC6,0x2AC6,0x22A5,0x22A5,0x22A5,0x2AE6,0x22A5,0x22A5,0x22A5,
  0x22A5,0x22A5,0x2AC6,0x22A5,0x22A5,0x2AC6,0x2AC6,0x22A5,0x2265,0x2265,0x2285,0x2285,0x22A5,0x22A5,0x2285,0x2AC6,
  0x22A5,0x22A5,0x2285,0x2285,0x2AE6,0x22A5,0x2AC6,0x22A5,0x2AC6,0x2AE6,0x2AC5,0x2AA5,0x22A5,0x2285,0x2285,0x2265,
  0x2285,0x2285,0x22A5,0x22A5,0x22A5,0x22A5,0x22C5,0x22C6,0x22C6,0x22A5,0x2AC6,0x2AC6,0x2AC6,0x22A5,0x2AC6,0x2AC6,
  0x2AC6,0x2AE6,0x2AE6,0x2AC6,0x2AE6,0x22C6,0x2AE6,0x2AE6,0x32E6,0x32E7,0x2AE6,0x2AE6,0x2AC6,0x32E7,0x3307,0x2AE7,
  0x32E7,0x2AC6,0x2AE6,0x2AC6,0x2AE6,0x2AE6,0x2AE6,0x2AC6,0x2AC6,0x2AC6,0x2AC6,0x2AE6,0x2AC6,0x2AC6,0x2AA5,0x22A5,
  0x2B06,0x2AC6,0x2AE6,0x2AC6,0x3307,0x3327,0x2AE6,0x2AC6,0x2A86,0x2A65,0x2A85,0x2AC6,0x2AE6,0x2AE6,0x2AC6,0x32E7,
  0x2AA6,0x2AC6,0x32E7,0x2AC6,0x2AC6,0x2AA6,0x2AA6,0x2A86,0x2A65,0x2A85,0x2AC6,0x2AE6,0x2AE6,0x2AC6,0x2AE6,0x2AC6,
  0x2AE6,0x2AE7,0x2AE6,0x2AC6,0x2AA6,0x2AA6,0x2AA6,0x2285,0x2AA6,0x2AC6,0x2AE7,0x2AE6,0x2AC6,0x2AA6,0x2A86,0x2A85,
  0x2245,0x2265,0x2285,0x22A6,0x22A5,0x22A5,0x2285,0x2265,0x2265,0x1A24,0x1A44,0x2285,0x22C5,0x22C5,0x22A5,0x2AC6,
  0x22A5,0x22A5,0x2AC6,0x22A5,0x2AC6,0x22A5,0x22A5,0x2AC6,0x2AC6,0x2AC6,0x2AC6,0x22A5,0x22A5,0x22A5,0x2285,0x22A5,
  0x22A5,0x22A5,0x22A5,0x22A5,0x22A5,0x2AC6,0x22A5,0x2AC6,0x2AC6,0x2285,0x22A5,0x22A5,0x2285,0x22A5,0x2AC6,0x2AC6,
  0x22A5,0x22A5,0x2AC6,0x22A5,0x2265,0x2285,0x2265,0x2265,0x22A5,0x22A5,0x2285,0x22A5,0x22A6,0x22A5,0x22A5,0x22A5,
  0x22C6,0x2AC6,0x22A5,0x22A5,0x2AC6,0x2AE6,0x2AE5,0x2AA5,0x2AC6,0x2285,0x2285,0x2285,0x2285,0x2285,0x22A5,0x2285,
  0x22A5,0x22A5,0x22A5,0x2AC6,0x22A5,0x22A5,0x22A5,0x2AC6,0x2AC6,0x2AC6,0x2AC6,0x2AC6,0x2AE6,0x2AE6,0x2B06,0x2AE6,
  0x2AE6,0x2AC6,0x2AE6,0x3307,0x3307,0x2AE6,0x3307,0x2AE6,0x2AC6,0x2AC6,0x2AE7,0x2AC6,0x2AC6,0x2AC6,0x2AC6,0x2AC6,
  0x2AC6,0x2AE6,0x2AE6,0x2AC6,0x2AC6,0x2AE6,0x2AE6,0x2AE6,0x2AC6,0x2AC6,0x2AC6,0x2AA6,0x2AE6,0x2AE6,0x32E6,0x2AC6,
  0x2AE6,0x3307,0x3307,0x2AE6,0x2AC6,0x2A86,0x2A86,0x2AC6,0x2AE6,0x3307,0x2AC6,0x2AC6,0x2AC6,0x2AC6,0x2AC6,0x32E7,
  0x32C6,0x2AC6,0x2AA6,0x2A86,0x2A86,0x2A85,0x2AC6,0x2AE6,0x2AE6,0x2AE6,0x2AC6,0x2AE6,0x2AC6,0x2AC6,0x2AE6,0x2AE6,
  0x2AC6,0x2AA6,0x22A6,0x2AA6,0x2AA6,0x2AE6,0x3307,0x3307,0x2AE7,0x2AC6,0x2AA6,0x2285,0x2265,0x2265,0x2285,0x2AC6,
  0x22A5,0x22C6,0x2285,0x2265,0x1A44,0x2244,0x2244,0x2265,0x22C5,0x22C5,0x2AC6,0x22A5,0x22A5,0x22A5,0x22A5,0x22A5,
  0x2AC6,0x22A5,0x22A5,0x2AC6,0x22A5,0x22A5,0x22A5,0x22A5,0x22A5,0x22A5,0x22A5,0x22A5,0x22A5,0x2AC6,0x22A5,0x22A5,
  0x22A5,0x22A5,0x2AC6,0x2AC5,0x22A5,0x2285,0x22A5,0x22A5,0x2285,0x2285,0x2AC6,0x2AC6,0x22A5,0x22A5,0x2AC6,0x2AC6,
  0x2285,0x22A5,0x2265,0x2285,0x22C6,0x22A5,0x2285,0x22A5,0x2AC6,0x2AC6,0x22A5,0x22A5,0x22A5,0x22A5,0x2AC6,0x2AC6,
  0x22A5,0x22A5,0x2AC6,0x2AC6,0x2AC6,0x2AA6,0x2285,0x22A5,0x2285,0x2285,0x2285,0x2285,0x2285,0x22A5,0x2AC6,0x2AC6,
  0x22A5,0x2AC6,0x22A5,0x22A5,0x2AC6,0x2AC6,0x2AC6,0x2AC6,0x2B06,0x3306,0x2AE6,0x2AE6,0x2AE6,0x2AE6,0x2AC6,0x2AE6,
  0x3307,0x2AE6,0x2AE6,0x3307,0x2AE6,0x2AE6,0x2AC6,0x2AC6,0x2AC6,0x2AA6,0x2AC6,0x2AE6,0x2AE6,0x2AE6,0x2AE6,0x2AE6,
  0x2AC6,0x2AC6,0x2AE6,0x2AC6,0x2AE6,0x2AE6,0x2AC6,0x2AC6,0x2AE6,0x2AE6,0x2AE6,0x2AE6,0x2AE6,0x2AE6,0x3307,0x3307,
  0x2AE7,0x32E7,0x2AA6,0x2AC6,0x3307,0x3307,0x2AC6,0x2AC6,0x2AC6,0x2AC6,0x2AC6,0x32E7,0x32E7,0x2AC6,0x2AC6,0x2AC6,
  0x2AC6,0x2AA6,0x2AC6,0x2B07,0x2B07,0x2AE6,0x2AE6,0x2AE7,0x2AC6,0x2AC6,0x2AE6,0x2AC6,0x2AA6,0x2AA6,0x2AC6,0x2AC6,
  0x2AC6,0x2AE6,0x3327,0x3307,0x2AE7,0x2AC6,0x2A85,0x2AA6,0x2A85,0x2285,0x2285,0x2AC6,0x2AC6,0x22A5,0x2285,0x2265,
  0x2265,0x2265,0x2244,0x2265,0x22A6,0x2AC6,0x2AC6,0x2AA5,0x2AC6,0x22A5,0x22A5,0x22A5,0x22A5,0x22A5,0x22A5,0x2AC6,
  0x22A5,0x22A5,0x22A5,0x22A5,0x22A5,0x2285,0x22A5,0x22A5,0x22A5,0x22A5,0x22A5,0x22C6,0x22A5,0x2AC6,0x22A5,0x22A5,
  0x22A5,0x2285,0x22A5,0x2285,0x2285,0x2285,0x22A5,0x22A5,0x2AC6,0x22A5,0x22A5,0x2AC6,0x2285,0x22A5,0x2285,0x2285,
  0x22C6,0x2AA6,0x2285,0x22C5,0x2AC6,0x22A5,0x22A5,0x22A5,0x2AC6,0x2AC6,0x22A5,0x22A5,0x2AC6,0x2285,0x22C6,0x22C6,
  0x22A5,0x22A5,0x2285,0x22A6,0x2265,0x2285,0x22A5,0x2285,0x22A5,0x22A5,0x2AC6,0x2AC6,0x2AC6,0x22A5,0x22A5,0x22A5,
  0x2AC6,0x2AC6,0x2AC6,0x2AC6,0x2B06,0x2AE6,0x2AE6,0x2AC6,0x2AE6,0x2AE6,0x3307,0x2AE6,0x2AE6,0x2AE6,0x2AE6,0x2AE6,
  0x2B06,0x2AE6,0x2AA6,0x2AC6,0x2AC6,0x2AA6,0x2AC6,0x2AE6,0x3307,0x2AE6,0x2AE6,0x2AC6,0x2AC6,0x2AC6,0x2AE7,0x2AE6,
  0x2AE6,0x2AE6,0x2AE6,0x2AC6,0x2AE6,0x2AE6,0x2AE6,0x2AE6,0x2B06,0x2AC6,0x2AE6,0x3307,0x2AE6,0x2AE7,0x2AA6,0x2AC6,
  0x2AE7,0x3307,0x2AC6,0x2AC6,0x32E7,0x32E7,0x2AC6,0x2AC6,0x32E7,0x2AC6,0x2AC6,0x2AC6,0x2AA6,0x2AC6,0x2AC6,0x2AC6,
  0x2AE6,0x2AE6,0x2AE6,0x2AE6,0x2AC6,0x2AC6,0x2AE6,0x2AC6,0x2AC6,0x2AC6,0x2AC6,0x2AC6,0x2AE6,0x3307,0x3307,0x3327,
  0x2AC6,0x2AC6,0x2AC6,0x2AA6,0x2AA6,0x2285,0x2285,0x22A5,0x22C6,0x22A5,0x22A5,0x2285,0x2265,0x2265,0x2244,0x2265,
  0x22A5,0x22E6,0x2AC6,0x2AA5,0x2AC6,0x22A5,0x22A5,0x22A5,0x22A5,0x22A5,0x22A5,0x22A5,0x2AC6,0x2AC6,0x22A5,0x22A5,
  0x22A5,0x22A5,0x22A5,0x22A5,0x22A5,0x22A5,0x22C5,0x2AE6,0x2285,0x22A5,0x2285,0x22A5,0x2285,0x2285,0x2285,0x22A5,
  0x22A5,0x22A5,0x22A5,0x22A5,0x22A5,0x22A5,0x2AC6,0x2AE6,0x22A5,0x22A5,0x2285,0x2285,0x2285,0x22A5,0x22A5,0x2AC6,
  0x22A5,0x22A5,0x2AC6,0x22A5,0x22A5,0x2AC6,0x2AC6,0x22A5,0x22A5,0x22A5,0x22A5,0x22C5,0x2285,0x2285,0x22A5,0x22A5,
  0x2265,0x2285,0x2285,0x2285,0x22A5,0x22A5,0x2AC6,0x22A5,0x22A5,0x22A5,0x22A5,0x2AA6,0x2AC6,0x2AC6,0x22A5,0x2AC6,
  0x2AE6,0x2AE6,0x2AE6,0x2AE6,0x3307,0x3307,0x3307,0x3307,0x2AE6,0x2AE6,0x3307,0x2AE6,0x2AC6,0x2AC6,0x2AA6,0x2AC6,
  0x2AC6,0x2AA6,0x2AE6,0x2AE6,0x3307,0x2AE6,0x2AE6,0x2AC6,0x2AC6,0x2AC6,0x2AE7,0x3306,0x2AC6,0x2AC6,0x3307,0x2AE6,
  0x2AE6,0x2AE6,0x2AE7,0x2AC6,0x2AC6,0x2AC6,0x2AC6,0x2AE6,0x2AC6,0x2AA6,0x2AA6,0x2AC6,0x2AC6,0x2AE7,0x2AC6,0x2AC6,
  0x32E7,0x32E7,0x2AC6,0x2AC6,0x2AC6,0x2AC6,0x2AC6,0x2AA6,0x2AA6,0x2AC6,0x2AA6,0x2AC6,0x2AA6,0x2AA6,0x2AC6,0x2AC6,
  0x22A6,0x2AC6,0x2AC6,0x2AC6,0x2AC6,0x2AC6,0x2AA6,0x2AC6,0x2AE6,0x2AC6,0x2AE6,0x3307,0x2AC6,0x2AC6,0x2AC6,0x2AA6,
  0x2AA6,0x2285,0x2285,0x2285,0x22A6,0x22A5,0x2285,0x2265,0x2265,0x2265,0x2265,0x2285,0x22A5,0x22C6,0x22A5,0x22A5,
  0x2AC6,0x22A5,0x2AC6,0x2AC6,0x2AC6,0x22A5,0x22A5,0x22A5,0x22A5,0x2AC6,0x22A5,0x22A5,0x22A5,0x22A5,0x22A5,0x22A5,
  0x22A5,0x22A5,0x2AC6,0x2AC6,0x2AA6,0x22A5,0x22A5,0x22A5,0x22A5,0x2285,0x2285,0x22A5,0x22A5,0x22A5,0x2285,0x22A5,
  0x22A5,0x2AC6,0x2AC6,0x2AC6,0x22A5,0x22A5,0x2285,0x2265,0x2285,0x2AC6,0x22A5,0x22A5,0x2AC6,0x22A5,0x2AC6,0x2AC6,
  0x22A5,0x22A5,0x22A5,0x22A5,0x22A5,0x2285,0x2285,0x22C6,0x22A5,0x2285,0x22A5,0x2285,0x2285,0x2285,0x2285,0x2285,
  0x22A5,0x22A5,0x22A5,0x22A5,0x2AC6,0x22A5,0x22A5,0x2285,0x22C6,0x2AC6,0x2AC6,0x2AE6,0x2AE6,0x2AC6,0x2AE6,0x2AE6,
  0x3307,0x3307,0x3307,0x3307,0x2AE6,0x2AC6,0x2AE7,0x2AC6,0x2AC6,0x2AC6,0x2AA6,0x2AC6,0x2B07,0x2AA6,0x2AE6,0x2AE6,
  0x2AE6,0x2AC6,0x2AE7,0x2AC6,0x2AE6,0x22A6,0x2AE6,0x2AE6,0x2AE6,0x2AC6,0x2AE6,0x2AE6,0x2AE6,0x2AE6,0x2AE7,0x2AC6,
  0x2AC6,0x2AA6,0x2AA6,0x32E7,0x2AE7,0x2AA6,0x2AC6,0x2AC6,0x2AC6,0x32E7,0x32E7,0x2AC6,0x32E7,0x2AC6,0x2AC6,0x2AC6,
  0x2AC6,0x2AC6,0x2AC6,0x2AA6,0x2AA6,0x2AC6,0x2AC6,0x2AC6,0x2AA6,0x2AA6,0x2AC6,0x2AE6,0x2AC6,0x2AC6,0x2AA6,0x2AC6,
  0x2AC6,0x2AC6,0x2AA6,0x2AC6,0x2AC6,0x2AC6,0x2AE6,0x2AE6,0x32E7,0x32C7,0x2AC6,0x2AA6,0x2AA6,0x2AA6,0x2285,0x2A86,
  0x2A85,0x2AA6,0x2285,0x2265,0x2265,0x2265,0x2265,0x2285,0x22A5,0x2AC6,0x22A5,0x22A5,0x22A5,0x2AC6,0x22A5,0x2AC6,
  0x2AC6,0x22A5,0x22A5,0x22A5,0x22A5,0x22A5,0x22A5,0x22A5,0x22A5,0x22A5,0x22A5,0x2AC6,0x22A5,0x22A5,0x2AC6,0x22A5,
  0x22A5,0x2AC6,0x22A5,0x22A5,0x22A5,0x22A5,0x22A5,0x2285,0x22A5,0x22A5,0x22A5,0x2AC6,0x2AC6,0x2AC6,0x2AC6,0x2AC6,
  0x2285,0x22A5,0x2285,0x2265,0x22A5,0x2AC6,0x22A5,0x2285,0x2AC6,0x22A5,0x22A5,0x22A5,0x22A5,0x2285,0x22A5,0x22A5,
  0x22A5,0x22A5,0x22A5,0x2AC6,0x2AC6,0x2285,0x2285,0x22A5,0x2285,0x2285,0x2285,0x22A5,0x22A5,0x22A5,0x2AC6,0x2AC6,
  0x22A5,0x22A5,0x22A6,0x2285,0x2AC6,0x2AC6,0x2AC6,0x3307,0x3307,0x2AE6,0x2AE6,0x2AE6,0x3307,0x3307,0x3307,0x2AE6,
  0x2AE6,0x2AC6,0x2AC6,0x2AE7,0x2AC6,0x2AC6,0x2AC6,0x2AE6,0x2B07,0x2AE6,0x2AC6,0x2AE6,0x2AE6,0x3307,0x2AE6,0x2AC6,
  0x2AE6,0x2AC6,0x2AE6,0x2AC6,0x2AE6,0x2AE6,0x2AE6,0x2AE6,0x2AC6,0x2AA6,0x2AE6,0x2AE7,0x2AC6,0x2AC6,0x2AC6,0x32E7,
  0x32E7,0x32E7,0x2AA6,0x2AC6,0x2AC6,0x32E7,0x3307,0x2AE6,0x2AC6,0x2AC6,0x2AA6,0x2AC6,0x2AC6,0x2AC6,0x2AC6,0x2AA6,
  0x2AA6,0x2AC6,0x2AC6,0x2AC6,0x2AC6,0x2AC6,0x2AC6,0x2AE7,0x22C6,0x2AC6,0x2AA6,0x2AC6,0x2AC6,0x2AC6,0x2AA6,0x2AA6,
  0x2AC6,0x32E7,0x2AE6,0x2AE6,0x2AE6,0x2AE7,0x32E7,0x2AC6,0x2AC6,0x2AA6,0x2AA6,0x2AC6,0x2285,0x2285,0x2285,0x2285,
  0x2265,0x2265,0x2265,0x2285,0x22A5,0x22C6,0x2285,0x22A5,0x22A5,0x22A5,0x22A5,0x22A5,0x22A5,0x22A5,0x2AA5,0x2AC6,
  0x22A5,0x22A5,0x2AC6,0x22A5,0x22A5,0x22A5,0x2AC6,0x2AC6,0x22A5,0x22A5,0x2285,0x22A5,0x2AC6,0x22A5,0x22A5,0x22A5,
  0x2285,0x2285,0x2285,0x2285,0x2285,0x22A5,0x22A5,0x2AC6,0x2AC6,0x2AC6,0x2AC6,0x22A5,0x2285,0x22A5,0x22A6,0x22A5,
  0x22A5,0x22A5,0x2285,0x2285,0x22C5,0x2AC6,0x2AC6,0x22A5,0x22A5,0x22A5,0x22A5,0x22A5,0x22A5,0x22A5,0x2AC6,0x22A5,
  0x22A5,0x22A5,0x2285,0x22A5,0x2285,0x22A5,0x22A5,0x22A5,0x22A5,0x22A5,0x22A5,0x2AC6,0x22A5,0x22A5,0x22A5,0x22C5,
  0x2AE6,0x2AC6,0x2AE6,0x2AE6,0x2AE6,0x2AE6,0x2AE6,0x2AE6,0x2AE6,0x3307,0x3307,0x2AE6,0x2AC6,0x2AE6,0x2AE6,0x2AE6,
  0x2AC6,0x2AE6,0x2AE6,0x3307,0x2AE6,0x2AE6,0x2AE6,0x2AE6,0x2AE6,0x2AE6,0x2AC6,0x2AC6,0x2AC6,0x2AE6,0x3307,0x2AE6,
  0x2AE6,0x3307,0x3307,0x2AE6,0x2AE6,0x2AC6,0x3307,0x3307,0x2AE6,0x2AE6,0x2AE6,0x3307,0x2AE7,0x2AE6,0x2AC6,0x2AA6,
  0x2AC6,0x2AC6,0x3307,0x2AE7,0x2AC6,0x2AC6,0x2AA6,0x2AC6,0x2AC6,0x2AA6,0x2AA6,0x2AA6,0x2AC6,0x2AA6,0x2AC6,0x2AC6,
  0x2AE6,0x2AE6,0x2AC6,0x2AE6,0x2AC6,0x2AC6,0x2AC6,0x2AC6,0x2AC6,0x2AA6,0x2AA6,0x2AC6,0x2AA6,0x32E7,0x2AE6,0x2AE6,
  0x3307,0x2AE6,0x2AC6,0x2AA6,0x2AA6,0x2AA6,0x2AA6,0x2AC6,0x22A5,0x2285,0x2285,0x2AA6,0x2285,0x2265,0x2265,0x2265,
  0x22A6,0x22A5,0x22A5,0x22A5,0x22A5,0x22A5,0x22A5,0x22A5,0x22A5,0x22A5,0x2285,0x22C6,0x22C6,0x2AC6,0x2AC6,0x22A5,
  0x22A5,0x22A5,0x2AC6,0x2AC6,0x22A5,0x22A5,0x22A5,0x22A5,0x22A5,0x2AC6,0x22A5,0x22A5,0x2285,0x2285,0x2265,0x2265,
  0x2285,0x2285,0x22C6,0x2AC6,0x22A5,0x2AE6,0x2AE6,0x2AE5,0x2285,0x22A5,0x2AC6,0x22C6,0x22A5,0x22A5,0x2285,0x22A5,
  0x2AC6,0x2AC6,0x2AC6,0x22A5,0x22A5,0x22A5,0x22A5,0x22A5,0x22A5,0x22A5,0x22A5,0x22A5,0x22A5,0x22A5,0x22A5,0x22A5,
  0x2285,0x22A5,0x22A5,0x22A5,0x22C5,0x22A5,0x2285,0x2AC6,0x22A5,0x22A5,0x22A5,0x22A5,0x22A5,0x2AC6,0x2AE6,0x2AC6,
  0x2AE6,0x2AE6,0x2AE6,0x2AE6,0x2AC6,0x3307,0x2AE6,0x3307,0x2AE6,0x2AE6,0x2AC6,0x2AC6,0x2AE6,0x2AE6,0x2AE6,0x3307,
  0x2AE6,0x2AC6,0x2AE6,0x2AE6,0x2AE6,0x2AC6,0x2AE6,0x2AC6,0x2AC6,0x2AE6,0x2AE6,0x2AE6,0x3307,0x3307,0x3307,0x2AE6,
  0x2AE6,0x2AE6,0x3307,0x2AE7,0x2AE6,0x2AE6,0x2AE6,0x2AE7,0x2AE6,0x3307,0x32E7,0x2AC6,0x2AC6,0x2AC6,0x2AE6,0x2AC6,
  0x2AA6,0x2AC6,0x2AC6,0x2AC6,0x2AC6,0x2AC6,0x2AC6,0x2AA6,0x2A85,0x2AA6,0x2AC6,0x2AC6,0x2AC6,0x2AC6,0x2AC6,0x2AC6,
  0x2AE6,0x2AE6,0x2AC6,0x2AC6,0x2AE6,0x2AC6,0x2AA6,0x2AA6,0x2AA6,0x2AC6,0x2AE6,0x2AE6,0x2AC6,0x2AE6,0x2AE7,0x2AC6,
  0x2AA6,0x2AA6,0x2AA6,0x2AA6,0x2285,0x2AA6,0x2AA6,0x2285,0x2AA6,0x2285,0x2285,0x2265,0x22A5,0x22A6,0x2AC6,0x22A5,
  0x22A5,0x22A5,0x22A5,0x22A5,0x22A5,0x2285,0x22A5,0x2AC6,0x2AE6,0x22A5,0x22A5,0x22A5,0x22A5,0x2AC6,0x22A5,0x2AC6,
  0x2AC6,0x22A5,0x22A5,0x22A5,0x2285,0x2AC6,0x2285,0x22A6,0x2285,0x22A5,0x2285,0x2285,0x22A5,0x2285,0x22A5,0x22A5,
  0x2AA5,0x2AC6,0x2AE6,0x2AC5,0x2285,0x2265,0x22A5,0x22A5,0x22A5,0x22A5,0x22A5,0x22A5,0x2AC6,0x22A5,0x2AC6,0x22A5,
  0x22A5,0x22A5,0x22A5,0x22A5,0x22A5,0x2AC6,0x22A5,0x2AC6,0x22A5,0x2285,0x22A5,0x22A5,0x22A5,0x22A5,0x2AC6,0x22A5,
  0x22A5,0x22A5,0x22A5,0x22A5,0x2AC6,0x22A5,0x22A5,0x22A5,0x22A5,0x2AC6,0x2AC6,0x2AC6,0x2AC6,0x2AC6,0x2AC6,0x2AC6,
  0x2AE6,0x2AE6,0x3307,0x3307,0x2AE6,0x2AE6,0x2AE6,0x2AE6,0x2AE6,0x2AE6,0x2AE6,0x2AE6,0x2AE6,0x2AC6,0x2AE6,0x2AE6,
  0x2AE6,0x2AE6,0x3307,0x2AE6,0x2AE6,0x2AC6,0x2AE6,0x3307,0x2AE6,0x3307,0x2AE6,0x3307,0x2AE6,0x2AE6,0x2AE6,0x32E7,
  0x32C7,0x2AE6,0x2AE6,0x3307,0x2AE6,0x2B07,0x2B07,0x2AC6,0x2AC6,0x32E7,0x2AC6,0x2AC6,0x2AA6,0x2AA6,0x2AC6,0x2AA6,
  0x2AC6,0x2AE6,0x2AC6,0x2AA6,0x2285,0x2AA6,0x2AA6,0x2AA6,0x2AA6,0x2AA6,0x2AA6,0x2AC6,0x2AE6,0x2AC6,0x2AC6,0x2AC6,
  0x2AE6,0x2AC6,0x2AA6,0x2285,0x2AA6,0x2AC6,0x2AC6,0x2AE6,0x2AE6,0x2AE6,0x2AE7,0x2AE6,0x2AC6,0x2AC6,0x2AC6,0x2AA6,
  0x2285,0x2285,0x2AA6,0x2AA6,0x2285,0x2285,0x2285,0x2285,0x22A5,0x22A5,0x22A5,0x22A5,0x22A5,0x2285,0x2285,0x22A5,
  0x22A5,0x2285,0x2AC6,0x2B06,0x2AC6,0x2AC6,0x2AC6,0x22A5,0x2AC6,0x2AC6,0x22A5,0x22A5,0x22A5,0x2AC6,0x22A5,0x22A5,
  0x2AC6,0x22A5,0x22A5,0x2285,0x2285,0x22A5,0x22C5,0x22A5,0x22A5,0x22A5,0x22A5,0x2AC6,0x22A5,0x2AC6,0x2AC6,0x2AC6,
  0x2285,0x2285,0x2AA6,0x2285,0x22A5,0x22A5,0x22A5,0x22A5,0x22A5,0x22A5,0x2AC6,0x22A5,0x22A5,0x22A6,0x2AC6,0x22A5,
  0x22A5,0x22A5,0x2285,0x22A5,0x22A5,0x22A5,0x22A5,0x22A5,0x22A5,0x22A6,0x22A5,0x22A5,0x2285,0x2285,0x22A5,0x22A5,
  0x22A5,0x22A5,0x2AC6,0x22A5,0x22A5,0x22A5,0x2AC6,0x2AC6,0x2AC6,0x2AC6,0x2AC6,0x2AC6,0x2AE6,0x2AE6,0x2AE6,0x2AE6,
  0x2AC6,0x2AE6,0x2AE6,0x2AE6,0x2AE6,0x2AE6,0x2AC6,0x22A6,0x2AE6,0x2AE6,0x2AE6,0x2AE6,0x2AE6,0x2AE6,0x2AE6,0x2AC6,
  0x2AC6,0x2AC6,0x2AC6,0x3307,0x2AE6,0x3307,0x3307,0x3307,0x2AE6,0x2AE6,0x2AC6,0x2AE7,0x2AC6,0x2AE7,0x2AE7,0x3307,
  0x2AE7,0x2AE7,0x2AE7,0x2AC6,0x32E7,0x32E7,0x2AC6,0x2AC6,0x2AA6,0x2AC6,0x2AC6,0x2AA6,0x2AC6,0x2AE6,0x2AC6,0x2AA6,
  0x2285,0x2285,0x2AA6,0x2AA6,0x2AA6,0x2AA6,0x2AA6,0x2AC6,0x2AC6,0x2AC6,0x2AC6,0x2AC6,0x2AE6,0x2AC6,0x2AA6,0x2285,
  0x2285,0x2AC6,0x2AC6,0x2AE6,0x2AE7,0x2AC6,0x2AE6,0x2AC6,0x2AC6,0x2AE6,0x2AA6,0x2AA6,0x2285,0x2285,0x2AA6,0x2AA6,
  0x2285,0x2285,0x2285,0x22A5,0x22A5,0x2285,0x22A5,0x22A5,0x22A6,0x22A5,0x22A5,0x22A5,0x22A5,0x22A5,0x22A5,0x2AC6,
  0x2AC6,0x2AC6,0x2AC6,0x22A5,0x2AC6,0x22A5,0x2AC6,0x22A5,0x22A5,0x2AC6,0x2AC6,0x2AC6,0x2AC6,0x22A5,0x2AC6,0x2285,
  0x22A5,0x2285,0x2285,0x22A5,0x22A5,0x22A5,0x22A5,0x22A5,0x2285,0x22A5,0x2AC6,0x22A5,0x2285,0x2285,0x22A5,0x22A5,
  0x22A5,0x22A5,0x22A5,0x22A5,0x2285,0x22A5,0x22A5,0x22A5,0x22A5,0x22A5,0x2AC6,0x2AC6,0x22A5,0x22A5,0x22A5,0x22A5,
  0x2AC6,0x22A5,0x2AC6,0x2AC6,0x2AC6,0x22A5,0x22A5,0x22A5,0x2285,0x22A5,0x22A5,0x22A5,0x22A5,0x22A5,0x22A5,0x2AC6,
  0x2AC6,0x22A5,0x22A5,0x2AC6,0x22A6,0x2AC6,0x2AC6,0x2AE6,0x2AC6,0x2AC6,0x2AE6,0x2AC6,0x2AC6,0x22A6,0x2AC6,0x3307,
  0x2AE6,0x2AC6,0x2AC6,0x2AC6,0x2AE6,0x2AE6,0x2AE6,0x2AE6,0x3307,0x3307,0x2AE6,0x2AC6,0x2AC6,0x2AC6,0x2AE6,0x2AE6,
  0x2AE6,0x2AE6,0x2AC6,0x2AE6,0x3307,0x2AE6,0x2AC6,0x2AE6,0x2AE6,0x2AC6,0x2AE7,0x3307,0x2AE7,0x32E7,0x32C7,0x32E7,
  0x3307,0x3307,0x2AE7,0x2AE7,0x2AC6,0x2AC6,0x2AC6,0x2AA6,0x2AA6,0x2AC6,0x2AC6,0x2AC6,0x2AA6,0x2285,0x2AC6,0x2AA6,
  0x2AA6,0x2AC6,0x2AC6,0x2AC6,0x2AE6,0x2AC6,0x22A6,0x2AC6,0x2AC6,0x2AE6,0x2AE6,0x2AA6,0x2AA6,0x2AC6,0x2AC6,0x2AE6,
  0x2AE6,0x2AC6,0x2AC6,0x2AC6,0x2AC6,0x2AE6,0x2AE6,0x22A6,0x2AA6,0x2285,0x2285,0x2AA6,0x2285,0x2285,0x2285,0x2285,
  0x2285,0x2285,0x2285,0x2285,0x22A5,0x22A5,0x22A5,0x22A5,0x22A5,0x2AC6,0x22A5,0x2AC6,0x2AE6,0x2AC5,0x22A5,0x22A5,
  0x22A5,0x22A5,0x2AC6,0x22A5,0x2AC6,0x22A5,0x22A5,0x2AC6,0x2AC6,0x22A5,0x22A5,0x22A6,0x22A5,0x2285,0x2265,0x22A5,
  0x22A5,0x22A5,0x22A5,0x22A5,0x22A5,0x22A5,0x22A5,0x22A5,0x22A5,0x22A6,0x2285,0x22A5,0x2AC6,0x22A5,0x22A5,0x22A5,
  0x2AC6,0x22A5,0x22A5,0x22A5,0x2285,0x2285,0x22A5,0x22A5,0x22A5,0x22A5,0x22A5,0x2285,0x22A5,0x22A5,0x22A5,0x2AC6,
  0x22A5,0x2AC6,0x22A5,0x22A5,0x2285,0x22A5,0x22A5,0x22A5,0x22A5,0x22A5,0x2285,0x2AC6,0x2AC6,0x22A5,0x22A5,0x22A5,
  0x22A5,0x22A6,0x2AC6,0x2AC6,0x2AC6,0x2AC6,0x2AC6,0x2AC6,0x2AC6,0x22A5,0x22A6,0x2AC6,0x2AC6,0x2AC6,0x2AE6,0x2AE6,
  0x2AC6,0x2AE6,0x2AE6,0x3307,0x2AE6,0x2AE6,0x2AE6,0x2AE6,0x2AC6,0x2AC6,0x2AC6,0x2AE6,0x2AC6,0x2AE6,0x2AC6,0x2AE6,
  0x3307,0x2AE6,0x2AC6,0x2AC6,0x2AC6,0x2AC6,0x2AC6,0x2AE7,0x2AE6,0x2AC6,0x2AC6,0x2AC6,0x3327,0x3307,0x2AE6,0x2AE6,
  0x2AC6,0x2AA6,0x2AA6,0x2AA6,0x2AA6,0x2AA6,0x2AC6,0x2AC6,0x2AC6,0x2AA6,0x2AC6,0x2AC6,0x2AA6,0x2AC6,0x2AC6,0x2AC6,
  0x2AC6,0x2AC6,0x2AC6,0x22A6,0x2AC6,0x2AE6,0x2AE6,0x2AC6,0x2AA6,0x2AC6,0x2AE6,0x2AE6,0x2AE6,0x2AC6,0x2AC6,0x2AA6,
  0x2AE6,0x3307,0x2AE6,0x22C6,0x22A6,0x2285,0x2285,0x2285,0x2285,0x2285,0x2285,0x2285,0x2285,0x2285,0x2285,0x2285,
  0x22A5,0x22A5,0x22A5,0x2285,0x22A5,0x22A5,0x2AC6,0x2AC6,0x2AC5,0x2AC5,0x2AC6,0x22A5,0x2AC6,0x2AC6,0x2AC6,0x22A5,
  0x2AC6,0x22A5,0x22A5,0x2AC6,0x2AC6,0x2AC6,0x22A5,0x22A5,0x22A5,0x2285,0x2285,0x22A5,0x22A5,0x2285,0x22A5,0x22A5,
  0x22A5,0x22A5,0x22A5,0x22A5,0x22A5,0x22A5,0x22A5,0x2AC6,0x2AC6,0x22A5,0x22A5,0x22A5,0x2AC6,0x2AC6,0x22A5,0x22A5,
  0x22A5,0x22A5,0x2285,0x22A5,0x22A5,0x22A5,0x22A5,0x22A5,0x22A5,0x22A5,0x22A5,0x22A5,0x22A5,0x22A5,0x22A5,0x2AC6,
  0x22A5,0x22A5,0x22A5,0x2AC6,0x22A5,0x2AC6,0x2AC6,0x2AC6,0x2AC6,0x22C5,0x2AC6,0x22A5,0x22A5,0x2AC6,0x22A5,0x2AC6,
  0x22A5,0x2AE6,0x2AC6,0x2AC6,0x2AC5,0x2AE6,0x2AC6,0x2AC6,0x2AC6,0x2AC6,0x2AE6,0x2AC6,0x2AE6,0x2AE6,0x2AE6,0x2AE6,
  0x2AE6,0x2AE6,0x2AE6,0x2AE6,0x2AE6,0x2AE6,0x2AE6,0x2AE6,0x2AE6,0x2AE6,0x3307,0x3307,0x2AE6,0x2AE6,0x2AE6,0x2AE6,
  0x2AC6,0x2AE6,0x2AE6,0x2AC6,0x2AE6,0x2AC6,0x2AA6,0x2AC6,0x3307,0x3307,0x2B06,0x2AC6,0x2AC6,0x2AA6,0x2AC6,0x2AE6,
  0x2AE6,0x2AE6,0x2AE6,0x2AC6,0x2AE6,0x32E7,0x2AE6,0x2AC6,0x2AC6,0x2AA6,0x2AC6,0x2AA6,0x2AA6,0x2AA6,0x2AA6,0x2AA6,
  0x2AC6,0x2AC6,0x2AC6,0x2AE6,0x2AC6,0x2AE6,0x2AE6,0x2AC6,0x2AC6,0x2AC6,0x2AA6,0x2285,0x2AE6,0x2AE6,0x2AE6,0x22C6,
  0x2AA5,0x2285,0x2285,0x22A5,0x2AC6,0x2AC6,0x2AC6,0x22A5,0x2AC6,0x2AC6,0x2AC6,0x2AC6,0x22A5,0x22A5,0x22A5,0x2AC6,
  0x22A5,0x2285,0x22A5,0x22C6,0x22A5,0x22A5,0x22A5,0x22A5,0x2AC6,0x22A5,0x22A5,0x2AC6,0x2AC6,0x22A5,0x22A5,0x2AC6,
  0x2AC6,0x2AC6,0x22A5,0x22A5,0x22A5,0x22A5,0x22A5,0x22A5,0x2285,0x22A5,0x22A5,0x22A5,0x22A5,0x22A5,0x2285,0x22A5,
  0x2285,0x22A5,0x22A5,0x2AC6,0x22A5,0x22A5,0x22A5,0x22A5,0x22A5,0x2AC6,0x22A5,0x22A5,0x2AC6,0x22A5,0x22A5,0x22A5,
  0x22A5,0x22A5,0x22A5,0x22A5,0x22A5,0x22A5,0x22A5,0x22A5,0x22A5,0x22A5,0x22A5,0x22A5,0x2AC6,0x2AC6,0x2AC6,0x22A5,
  0x2AC6,0x2AC6,0x2AC6,0x2AC6,0x2AC5,0x2AE5,0x2AE6,0x22A5,0x22A5,0x2AC6,0x2AC6,0x2AC6,0x22A5,0x2AC6,0x2AC6,0x2AC6,
  0x2AC6,0x2AE7,0x2AC6,0x2AC6,0x2AC6,0x2AC6,0x2AE6,0x2AE6,0x2AE6,0x2AE6,0x2AE6,0x2AE6,0x3307,0x2AE6,0x2AC6,0x2AE6,
  0x3307,0x3307,0x3307,0x2AE6,0x2AE6,0x3307,0x3307,0x3307,0x2AE6,0x3307,0x3307,0x2AE6,0x2AC6,0x2AE6,0x2AE6,0x2AE6,
  0x2AE6,0x2AC6,0x2AA6,0x32E7,0x3307,0x2B07,0x2AE6,0x2AC6,0x2AC6,0x2AA6,0x2AC6,0x2AC6,0x3307,0x3307,0x2AE6,0x2AE6,
  0x2AE6,0x3307,0x3307,0x2AC6,0x2AC6,0x2AC6,0x2AC6,0x2AA6,0x2AA6,0x2AA6,0x2285,0x2AA6,0x2AC6,0x2AC6,0x2AE6,0x2AE6,
  0x2AE6,0x2AE6,0x2AE6,0x2AC6,0x2AE6,0x2AE6,0x22A6,0x2AA6,0x2AE6,0x2AE6,0x2AC6,0x2AC6,0x2AA5,0x2AA6,0x2285,0x22C5,
  0x2AC6,0x2AE6,0x2AC6,0x22A5,0x2AC6,0x2AC6,0x2AE6,0x2AC6,0x2AC6,0x2AC6,0x22A5,0x2AC6,0x2AC6,0x2285,0x2285,0x22C5,
  0x22A5,0x22A5,0x22A5,0x22A5,0x22A5,0x22A5,0x22A5,0x2AC6,0x2AC6,0x2AC6,0x22A5,0x22A5,0x2AE6,0x22A5,0x22A5,0x22A5,
  0x22A5,0x22A5,0x22A5,0x2285,0x2285,0x22A5,0x2285,0x22A5,0x22A5,0x22A5,0x22A5,0x22A5,0x2285,0x22A5,0x2AC6,0x22A5,
  0x22A5,0x2AC6,0x2AC6,0x22A5,0x22A5,0x22A5,0x2285,0x22A5,0x2AC6,0x2AC6,0x2AC6,0x22A5,0x2285,0x22A5,0x22A5,0x22A5,
  0x2AC6,0x22A5,0x22A5,0x22A5,0x22A5,0x22A5,0x22A6,0x2285,0x22A5,0x22A5,0x22A5,0x2AC6,0x2AC6,0x2B06,0x2AC6,0x2AC6,
  0x2AC6,0x2AE5,0x2AE6,0x22A5,0x22A5,0x2AC6,0x22A5,0x22A5,0x22A5,0x22A5,0x22A6,0x22A5,0x2AC6,0x2AE6,0x2AE6,0x2AC6,
  0x2AC6,0x2AC6,0x2AC6,0x2AC6,0x2AE6,0x2AE6,0x2AE6,0x2AE6,0x3307,0x2AE6,0x2AE6,0x2AC6,0x2AC6,0x2AE6,0x2AE6,0x3307,
  0x2AE6,0x3327,0x3327,0x3307,0x3307,0x3307,0x3307,0x3307,0x2AE6,0x2AE6,0x2AE6,0x32E6,0x2AC6,0x2AC6,0x2AA6,0x2AC6,
  0x3307,0x3307,0x3307,0x2AE6,0x2AC6,0x2AC6,0x3307,0x2AE6,0x2AE6,0x2AE6,0x2AE6,0x2AE6,0x3307,0x3307,0x3307,0x2AE6,
  0x2AC6,0x2AE6,0x2AC6,0x2AC6,0x2AA6,0x2AA6,0x2AA6,0x2AC6,0x2AA6,0x2AC6,0x2AC6,0x2AE6,0x2AA6,0x2AC6,0x2AE6,0x2AE7,
  0x2AE6,0x2AA6,0x2AA6,0x2AA6,0x2AC6,0x2AE6,0x2AC6,0x2AE6,0x22A5,0x22A5,0x2AC6,0x2AC6,0x22A5,0x2AC6,0x2AC6,0x2AC6,
  0x22A5,0x2AE6,0x2AA5,0x22A5,0x2AC6,0x2AC6,0x22A5,0x2AC6,0x22C6,0x2AA5,0x2265,0x22A5,0x22A5,0x22A5,0x2AC6,0x2AC6,
  0x22A5,0x22A5,0x2AC5,0x2AE6,0x2AE6,0x2AE6,0x2AC5,0x22A5,0x2AC6,0x22A5,0x2285,0x2285,0x22A5,0x22A5,0x22A5,0x22A5,
  0x2285,0x2285,0x22A5,0x22A5,0x22A5,0x22A5,0x22A5,0x22A5,0x22A5,0x22A5,0x22A5,0x22A5,0x22A5,0x2AC6,0x2AC6,0x2285,
  0x22A5,0x22A5,0x22A5,0x22A5,0x22A5,0x22A5,0x22A5,0x22A5,0x22A5,0x22A5,0x1A65,0x2285,0x22A5,0x22A5,0x22A5,0x22C5,
  0x22A5,0x22A5,0x22A5,0x2285,0x22A5,0x2AC6,0x22A5,0x22A5,0x2AC5,0x2AE5,0x2AE6,0x2AC6,0x22C5,0x2AE5,0x2AE6,0x2AC6,
  0x2AC6,0x22A5,0x22A5,0x22A5,0x22A5,0x2AC6,0x22A6,0x2AC6,0x2AC6,0x2AE6,0x2AC6,0x2AC6,0x2AC6,0x2AE7,0x2AA6,0x22A5,
  0x2AC6,0x2AE6,0x2AC6,0x2AE6,0x2AE6,0x2AE6,0x2AE6,0x2AC6,0x2AC6,0x2AE6,0x2AE6,0x2AE6,0x2AE6,0x3327,0x3307,0x3307,
  0x2AE6,0x3307,0x3307,0x3307,0x3307,0x2AE6,0x2AE6,0x2AE6,0x2AA6,0x2AC6,0x2AC6,0x2AA6,0x2AC6,0x2AE6,0x2AE6,0x2AE6,
  0x2AC6,0x2AE6,0x3307,0x3307,0x3307,0x3307,0x2AE6,0x2AE6,0x3307,0x2AE6,0x2AE6,0x3307,0x3307,0x2AE6,0x2AE6,0x2AA6,
  0x2AA6,0x2AA6,0x2AA6,0x2AA6,0x2AC6,0x2AC6,0x2AE6,0x2AC6,0x2AA6,0x2AC6,0x2AE6,0x2AC6,0x2AC6,0x2AA6,0x2AA6,0x2285,
  0x22A5,0x2AC6,0x2AC6,0x2AC6,0x22A6,0x22C5,0x2AC6,0x2AE6,0x2AC6,0x2AC6,0x2AC6,0x22A5,0x2AC6,0x2AC6,0x2285,0x2AA5,
  0x2AC6,0x22A5,0x2AC6,0x2AC6,0x22A5,0x22A5,0x2285,0x22A5,0x22A5,0x22A5,0x22A5,0x2AC6,0x22A5,0x22A5,0x22C5,0x2B06,
  0x2AE6,0x2AE6,0x2AE5,0x22A5,0x2AC6,0x22A5,0x22A5,0x22A5,0x22A5,0x2285,0x2285,0x2285,0x22A6,0x22A5,0x22A5,0x22A5,
  0x22A5,0x22A5,0x22A5,0x22A5,0x22A5,0x22A5,0x2AC6,0x22A5,0x22A5,0x22A5,0x2AC6,0x22A5,0x22A5,0x22A5,0x22A5,0x22A5,
  0x22A5,0x22A5,0x22A5,0x22A5,0x22A5,0x2285,0x22A5,0x2285,0x2285,0x2285,0x2285,0x22A5,0x22A5,0x22A5,0x2285,0x2285,
  0x22A5,0x22A5,0x22A5,0x2285,0x2AE6,0x22C5,0x2AC6,0x2AC6,0x2AE6,0x2B06,0x2AE6,0x2AC6,0x2AC6,0x2AC5,0x2AC5,0x22A5,
  0x22A5,0x2AA6,0x22A5,0x2AA6,0x2AC6,0x2AC6,0x2AC6,0x2AC6,0x2AC6,0x2AC6,0x2AC6,0x2AE6,0x2AC6,0x2AC6,0x2AC6,0x2AE6,
  0x2AC6,0x2AE6,0x2AC6,0x2AA6,0x2AC6,0x2AE6,0x2AE6,0x2AC6,0x2AE6,0x3307,0x32E6,0x3307,0x2AE6,0x3327,0x3327,0x3307,
  0x3307,0x3307,0x3306,0x2AE6,0x2AC6,0x2AC6,0x32E7,0x2AC6,0x2AC6,0x2AE6,0x2AE6,0x2AC6,0x2AE6,0x3307,0x2B07,0x3307,
  0x3307,0x3307,0x3307,0x3307,0x2AE6,0x2AE6,0x2AE6,0x2AE6,0x3307,0x2AE6,0x2AE6,0x2AC6,0x2AC6,0x2AA6,0x2AC6,0x2AA6,
  0x2AC6,0x2AE6,0x2AE6,0x2AC6,0x2AC6,0x3307,0x2AE6,0x2AC6,0x2AC6,0x2AA6,0x2AA6,0x2AC6,0x22A6,0x2AC6,0x2AC6,0x22A6,
  0x22A6,0x2AC6,0x2AE6,0x2AC6,0x2AE6,0x2AC6,0x2AE6,0x2AE6,0x2AC6,0x22C5,0x2AA6,0x22A5,0x22A5,0x22A5,0x22A5,0x22C6,
  0x22C6,0x2285,0x22A5,0x2AC6,0x2AC6,0x22A5,0x2AC6,0x2AC6,0x2AC6,0x2AC6,0x22A5,0x2AE6,0x2AE6,0x2AC6,0x22A5,0x2AC6,
  0x2AC6,0x22A5,0x2285,0x2285,0x2285,0x2285,0x2285,0x22A5,0x2285,0x2285,0x22A5,0x2AC6,0x22A5,0x2AC6,0x22A5,0x22A5,
  0x22A5,0x22A5,0x22A5,0x22A5,0x22A5,0x22A5,0x22A5,0x22A5,0x22A5,0x22A5,0x22A5,0x22A5,0x22A5,0x2265,0x2265,0x2285,
  0x22A5,0x2285,0x22A5,0x2285,0x22A5,0x2285,0x2285,0x2265,0x22A5,0x22A5,0x2285,0x2265,0x2285,0x22A5,0x22A5,0x2AC6,
  0x2AE6,0x2AC5,0x2AC5,0x2AC6,0x2AC6,0x2B06,0x2AE5,0x22A5,0x2AC5,0x2AE5,0x2AE5,0x2AE6,0x22A5,0x2265,0x2AA6,0x2AA6,
  0x2AC6,0x22A6,0x2265,0x2AA6,0x2AC6,0x2AC6,0x2AE6,0x2AE6,0x2AC6,0x2AC6,0x2AC6,0x22A6,0x2AC6,0x2AE6,0x2AC6,0x2AC6,
  0x22A5,0x2AE6,0x2AE6,0x2AE6,0x3327,0x3307,0x32E6,0x3307,0x2AE6,0x3326,0x3326,0x2AE6,0x2AE6,0x2AE6,0x3307,0x2B07,
  0x2B06,0x2AC6,0x32C7,0x32E7,0x3307,0x3307,0x2AE6,0x2AE6,0x2AC6,0x3307,0x3307,0x3307,0x3307,0x3307,0x3307,0x2AE6,
  0x2AE6,0x3307,0x2AE6,0x2AC6,0x2AE6,0x2AE6,0x2AC6,0x2AE7,0x2AC6,0x2A85,0x2AA6,0x2AC6,0x2AC6,0x2AE7,0x2AC6,0x2AC6,
  0x2AC6,0x2AE6,0x2AC6,0x2AE6,0x2AE6,0x2AA6,0x2AC6,0x2AC6,0x2AE6,0x2AE6,0x2AC6,0x2AC6,0x22A6,0x2AC6,0x2AE6,0x2AE5,
  0x2AE6,0x2AE6,0x2AE6,0x2AC6,0x22A5,0x2AC6,0x2AC6,0x2285,0x22A5,0x22A5,0x22A5,0x2AC6,0x22C5,0x2AA5,0x22A5,0x2AC6,
  0x22A5,0x2AC6,0x22A5,0x22A5,0x2AC6,0x22A5,0x2AC6,0x2AC6,0x2AC6,0x2AC6,0x2AC6,0x2AE6,0x2AC6,0x22A5,0x2285,0x2265,
  0x2265,0x2265,0x2285,0x2285,0x2265,0x2285,0x2AC6,0x2AE6,0x22A5,0x22A5,0x22A5,0x2AC6,0x2285,0x22A5,0x22A5,0x22A5,
  0x22A5,0x2285,0x2285,0x2AC6,0x22A5,0x22A5,0x22A5,0x22A5,0x22A5,0x2265,0x2265,0x2265,0x2285,0x22A5,0x22A5,0x22A5,
  0x22A5,0x2285,0x2285,0x22A5,0x22A5,0x2285,0x2285,0x2285,0x2285,0x22A5,0x22A5,0x2AC6,0x2AE6,0x2AC6,0x2AC5,0x2AC6,
  0x2AC5,0x2AE6,0x2AC6,0x2AC6,0x2AC6,0x2AE6,0x2AE6,0x2AC6,0x2AC6,0x2285,0x2285,0x2AC6,0x2AC6,0x2AA6,0x2A85,0x2A85,
  0x2AA6,0x2AC6,0x2AE6,0x2AE6,0x2AE7,0x2AC6,0x2AC6,0x2AC6,0x2AE6,0x2AE6,0x2AC6,0x2AC6,0x2AC6,0x2AE6,0x2AE6,0x2B07,
  0x3327,0x3307,0x32E7,0x2AE6,0x2AE6,0x2B06,0x3327,0x2AE6,0x32E7,0x3307,0x3307,0x3307,0x3307,0x32E6,0x2AE6,0x2AE6,
  0x3307,0x3307,0x3307,0x2AE6,0x3306,0x3327,0x3307,0x3307,0x2AE6,0x2AE6,0x2AE6,0x2AE6,0x2AE6,0x3307,0x2AE6,0x2AE6,
  0x2AC6,0x2AC6,0x2AE6,0x2AE6,0x2AC6,0x2AA6,0x2AA6,0x2AA6,0x2AC6,0x32E7,0x2AC6,0x2AC6,0x2AE6,0x2AC6,0x2AC6,0x2AC6,
  0x2AE6,0x2AC6,0x2AC6,0x2AC6,0x2AE6,0x2AE6,0x2AC6,0x2AE6,0x2AC6,0x2AE6,0x2AE6,0x2AE6,0x2AC6,0x2AC6,0x2AC6,0x2AC6,
  0x2AC6,0x2AC6,0x2AC6,0x22A5,0x22A5,0x22A5,0x22A5,0x2AC6,0x2AC6,0x2285,0x22A5,0x22A5,0x22A5,0x22A5,0x22A5,0x2AC6,
  0x2AE6,0x2AC6,0x22A5,0x2AC6,0x2AC6,0x2AC6,0x2AC6,0x2AC6,0x2AC6,0x22A5,0x2285,0x22A5,0x2285,0x2285,0x2285,0x2285,
  0x2285,0x2285,0x2AE6,0x2AC6,0x2AC6,0x2AC6,0x22A5,0x22A5,0x2285,0x22A5,0x22A5,0x22A5,0x22A5,0x2AC6,0x22A5,0x22A5,
  0x22A5,0x22A5,0x22A5,0x22A5,0x22A5,0x2285,0x2265,0x2265,0x2265,0x22A5,0x22C5,0x22A5,0x22A5,0x2285,0x2285,0x2285,
  0x2285,0x22A5,0x2285,0x2285,0x2AC6,0x2AC6,0x2AC6,0x2AC6,0x2AC6,0x2AC6,0x2AC6,0x2AC6,0x22A5,0x2AE6,0x2AC6,0x2AC6,
  0x2AC6,0x2AC6,0x2AE6,0x2AC6,0x2AC6,0x2AA6,0x2AA6,0x2AC6,0x2AC6,0x2AC6,0x2AA6,0x22A6,0x2AA6,0x2AA6,0x2AE6,0x2AE6,
  0x2AE6,0x2AC6,0x2AC6,0x2AC6,0x2AC6,0x2AC6,0x2AE6,0x2AA6,0x2AC6,0x3307,0x2AE6,0x3307,0x3307,0x3307,0x3307,0x2AE6,
  0x2AE6,0x2AE6,0x3307,0x2AE6,0x3307,0x3307,0x3307,0x3307,0x2AE6,0x3307,0x2AE6,0x3327,0x3307,0x3307,0x3307,0x3307,
  0x3306,0x3326,0x3307,0x3307,0x3306,0x2AE6,0x2AE6,0x3307,0x2AE6,0x2AE6,0x3307,0x2AE6,0x2AC6,0x2AE6,0x2AC6,0x2AC6,
  0x2AE6,0x2AE7,0x2AA6,0x2AC6,0x2AA6,0x2AC6,0x2AC6,0x2AC6,0x2AE6,0x2AC6,0x2AE6,0x2AE6,0x2AE6,0x2AE6,0x22A6,0x2AC6,
  0x3307,0x2AE6,0x2AE6,0x2AE6,0x2AC6,0x2B06,0x2B06,0x3307,0x2AC6,0x2AC6,0x2AC6,0x2AC6,0x2AC6,0x22A5,0x2AC6,0x2AC6,
  0x22A5,0x22A5,0x22A5,0x22A5,0x22A5,0x22A5,0x2AC6,0x22A5,0x22A5,0x22A5,0x2AC6,0x2AC6,0x2AE6,0x2AC6,0x22C5,0x22A5,
  0x2AC6,0x2AC6,0x22A5,0x2AC6,0x2AA6,0x2285,0x2285,0x22A5,0x22A5,0x22A5,0x22A5,0x22A5,0x22A5,0x2285,0x2AA5,0x2AE6,
  0x2AC6,0x2AC6,0x22A5,0x22A5,0x22A5,0x22A5,0x22A5,0x22A5,0x22A5,0x22A5,0x22A5,0x22A5,0x22A5,0x22A5,0x2AC6,0x22A5,
  0x22A5,0x2285,0x2265,0x2285,0x2265,0x2285,0x22A5,0x22A5,0x22A5,0x22A5,0x2285,0x2265,0x2285,0x22A5,0x2265,0x2265,
  0x22A5,0x22A5,0x2AC6,0x22A5,0x2AC6,0x2AC6,0x22A5,0x2AC6,0x2285,0x22A5,0x2AC6,0x2AC6,0x2AC6,0x2AC6,0x2AE6,0x2AE6,
  0x2AE6,0x2AA6,0x2AC6,0x2AC6,0x2AC6,0x2AC6,0x2AA6,0x2AC6,0x2AC6,0x2AA6,0x2AE6,0x2AE6,0x2AE6,0x2AE6,0x2AE7,0x2AC6,
  0x2AA6,0x2AC6,0x2AC6,0x2AA6,0x2AC6,0x2AE6,0x2AE6,0x3307,0x2AE6,0x3307,0x2AE6,0x2AE6,0x2AE6,0x2AC6,0x2AE6,0x3307,
  0x3307,0x2AE6,0x3307,0x3307,0x3307,0x2AE6,0x2AE6,0x3307,0x3307,0x2AE6,0x3307,0x3327,0x3307,0x3307,0x2AE6,0x3307,
  0x3307,0x2AE6,0x2AC6,0x2AE6,0x2AE6,0x2AE6,0x2AE6,0x2AE6,0x2AE6,0x2AE6,0x2AC6,0x2AC6,0x2AE7,0x2AC6,0x2AC6,0x2AC6,
  0x2AA6,0x2AA6,0x2AC6,0x2AC6,0x22A6,0x2AE6,0x2AE6,0x2AE6,0x2AE6,0x2AE6,0x2AC6,0x2AC6,0x2AE6,0x2AE6,0x2AC6,0x2AE6,
  0x2AE6,0x2AE6,0x2AE6,0x2AC6,0x2AE6,0x2AE6,0x22A5,0x2AC6,0x2AC6,0x22A5,0x2AC6,0x22A5,0x22A5,0x2AC6,0x22A5,0x22A5,
  0x22A5,0x22A5,0x2285,0x22A5,0x2AC6,0x2AC6,0x2AC6,0x2AC6,0x2AC6,0x2AC6,0x22A5,0x2AC6,0x2AC6,0x22C5,0x2AC5,0x2AC6,
  0x22A5,0x2265,0x2265,0x2285,0x22A5,0x22A5,0x22A5,0x22A5,0x22A5,0x2AA6,0x2AC6,0x2AC6,0x2AC6,0x2AC6,0x22A5,0x22A5,
  0x22A5,0x22A5,0x22A5,0x22A5,0x22A5,0x22A5,0x22A5,0x22A5,0x22A5,0x22A5,0x22A5,0x22A5,0x22A5,0x2285,0x2285,0x22A5,
  0x2265,0x2285,0x22A5,0x22A5,0x2285,0x22A6,0x2285,0x2265,0x2265,0x22A5,0x2265,0x2285,0x22A5,0x22A5,0x22A5,0x22A5,
  0x22A5,0x22A5,0x22A5,0x22A5,0x22A5,0x2AC6,0x2AC6,0x2AC6,0x2AE6,0x2AC6,0x2AC6,0x2AC6,0x2AC6,0x2AA6,0x2AA6,0x22A6,
  0x2AC6,0x2AC6,0x2AC6,0x2AC6,0x2AC6,0x2AA6,0x2AE6,0x2AE6,0x2AE6,0x2AE6,0x2AC6,0x2AA6,0x2AA6,0x2AC6,0x2AC6,0x2AA6,
  0x2AC6,0x2AC6,0x2AE6,0x2AC6,0x2AC6,0x2AE6,0x2AE6,0x2AC6,0x2AC6,0x2AE6,0x2AE6,0x2AE6,0x3307,0x3307,0x2AE6,0x2AE6,
  0x3307,0x2AE6,0x2AE6,0x2AE6,0x2AE6,0x2AC6,0x2AE6,0x3307,0x3327,0x3307,0x3307,0x2AE6,0x2AE6,0x2AE6,0x2AC6,0x2AC6,
  0x2AE6,0x2AE6,0x2AE6,0x2AE6,0x2AE6,0x2AC6,0x2AE6,0x2AC6,0x2AC6,0x2AC6,0x2AE6,0x2AC6,0x2AA6,0x2AA6,0x2AA6,0x2AA6,
  0x2AC6,0x2AC6,0x2AE6,0x2AE6,0x2AE6,0x2AC6,0x2AC6,0x2AC6,0x2AC6,0x2AC6,0x2AC6,0x2AE6,0x2AE6,0x2AE6,0x2AC6,0x2AC6,
  0x2AC6,0x2AC6,0x22A5,0x2285,0x22C6,0x22A5,0x22A5,0x22A5,0x2AC6,0x22A5,0x22A5,0x2285,0x2285,0x22A5,0x22A5,0x2AC6,
  0x2AC6,0x2AC6,0x2AC6,0x2AA5,0x22C6,0x22A5,0x2285,0x22A6,0x2AC6,0x2AE5,0x2AC5,0x22A5,0x2AC6,0x22A5,0x2265,0x2265,
  0x2285,0x2285,0x2285,0x22A5,0x22A5,0x22A5,0x2AC6,0x22A5,0x22A5,0x2AE6,0x22A5,0x22A5,0x22A5,0x2285,0x2AC6,0x22A5,
  0x22A5,0x22A6,0x2AC6,0x2AC6,0x22A5,0x22A5,0x22A5,0x22A5,0x22A5,0x22A5,0x2285,0x2265,0x1A44,0x2285,0x22A5,0x2285,
  0x2285,0x2285,0x2265,0x2265,0x2265,0x22A5,0x2285,0x2285,0x22A5,0x22A5,0x22A5,0x2285,0x22A5,0x22A5,0x22A5,0x22A5,
  0x2AC6,0x2AC6,0x2AC6,0x2AC6,0x2AE6,0x2AC6,0x2AC6,0x2AC6,0x22A5,0x2AA6,0x2AC6,0x2AC6,0x2AE6,0x3307,0x2AE6,0x2AC6,
  0x2AA6,0x2AA6,0x2AE6,0x2AC6,0x2AC6,0x2AC6,0x2AA6,0x2AA6,0x2AA6,0x2AC6,0x2AC6,0x2AA6,0x2AC6,0x2AE6,0x2AC6,0x2AC6,
  0x2AC6,0x2AC6,0x2AE6,0x2AE6,0x2AE6,0x3307,0x2AE6,0x3307,0x3307,0x3307,0x2AE6,0x2AE6,0x2AE6,0x2AC6,0x2AE6,0x2AE6,
  0x2AE6,0x2AE6,0x2AE6,0x2AE6,0x3307,0x3307,0x3307,0x2AE6,0x2B07,0x2AE6,0x2AC6,0x2AC6,0x2AE6,0x2AE6,0x2AE6,0x2AC6,
  0x2AC6,0x2AC6,0x2AE6,0x2AC6,0x2AE6,0x2AC6,0x2AC6,0x2AA6,0x2AA6,0x2285,0x2AA6,0x2285,0x2AC6,0x2AE6,0x2AC6,0x2AC6,
  0x2AE6,0x2AE6,0x2AC6,0x22A5,0x2AC6,0x22A5,0x2AC6,0x2AC6,0x2AC6,0x2AE6,0x2AC6,0x2AC6,0x2AE6,0x2AC6,0x2AA5,0x22A5,
  0x2AC6,0x22C5,0x22A5,0x22A5,0x22A5,0x22A5,0x22A5,0x2285,0x22A5,0x2285,0x22A5,0x2AC6,0x22A5,0x2AC6,0x2AE6,0x2AE6,
  0x2AC6,0x22A5,0x2AC6,0x22A5,0x2AC5,0x2AE6,0x2AC5,0x2AC6,0x2AC6,0x22A5,0x2285,0x2285,0x2285,0x2285,0x22A6,0x22A5,
  0x2285,0x22A5,0x22A5,0x22A5,0x22A5,0x2AC5,0x22A5,0x22A5,0x2285,0x2285,0x22A5,0x22A5,0x22A5,0x2265,0x22A5,0x2AC6,
  0x22A5,0x22A5,0x22A5,0x2AC6,0x22A5,0x22A5,0x2285,0x2265,0x2285,0x2265,0x2265,0x2285,0x22A5,0x2285,0x2265,0x2265,
  0x2285,0x2285,0x22A5,0x22A5,0x22A5,0x22A5,0x22A5,0x22A5,0x22A5,0x22A5,0x22A5,0x22A5,0x2AC6,0x2AC6,0x2AC6,0x2AC6,
  0x2AC6,0x2AE6,0x2AC6,0x2AC6,0x2AC6,0x2AC6,0x2AC6,0x2AE6,0x2AE6,0x3307,0x3307,0x2AE6,0x2AC6,0x32E7,0x2AA6,0x2AC6,
  0x2AE6,0x2AC6,0x2AA6,0x2AA6,0x2AC6,0x2AC6,0x2AC6,0x2AC6,0x2AC6,0x2AE6,0x2AC6,0x2AE6,0x2AE6,0x2AE6,0x2AC6,0x2AE6,
  0x3307,0x3307,0x2AE6,0x3307,0x2AE6,0x3307,0x3307,0x2AE6,0x2AE6,0x2AE6,0x2AE6,0x2AE6,0x2AE6,0x2AE6,0x2AE6,0x2AE6,
  0x2AE6,0x2AE6,0x2AE6,0x2AE6,0x2B07,0x2AE6,0x2AA6,0x22C6,0x2AE7,0x2AC6,0x22A6,0x2AA6,0x2AA6,0x2285,0x2AC6,0x2AC6,
  0x22A6,0x2AA6,0x2AA6,0x2285,0x2AA6,0x2285,0x2AA6,0x2AA6,0x2285,0x2AC6,0x22A6,0x2AC6,0x2AE6,0x2AE6,0x2AE6,0x2AC6,
  0x2AC6,0x2AC6,0x2AC6,0x2AC6,0x2AC6,0x2AC6,0x2AC6,0x2AC6,0x2AC6,0x2AE6,0x22A5,0x22A5,0x22A5,0x2AC6,0x2285,0x22A5,
  0x22A6,0x2285,0x22A5,0x22A5,0x2285,0x22A5,0x2285,0x22A5,0x22A5,0x2AC6,0x2AE6,0x2AE6,0x2AC6,0x2AC6,0x2AC6,0x22A5,
  0x2AC6,0x2AC6,0x22A5,0x2AC6,0x2AC6,0x22A5,0x2285,0x2285,0x2285,0x22A5,0x22A5,0x2285,0x22A5,0x22A5,0x22A5,0x22A5,
  0x2285,0x22A5,0x22A5,0x22C6,0x2265,0x2285,0x22A5,0x22A5,0x22A5,0x2265,0x2285,0x22A5,0x22A5,0x22A5,0x2AC6,0x22A5,
  0x22A5,0x2285,0x22A5,0x2285,0x2285,0x2265,0x2265,0x2285,0x22A6,0x2285,0x2265,0x2285,0x2285,0x2285,0x22A5,0x22A5,
  0x22A5,0x22A5,0x22A5,0x22A5,0x22A5,0x22A5,0x22A5,0x2AC6,0x2AC6,0x2AC6,0x2AC6,0x2AC6,0x2AC6,0x2AC6,0x2AC6,0x2AC6,
  0x2AC6,0x2AC6,0x2AC6,0x2AE6,0x2AE6,0x2AE7,0x2AE6,0x32E7,0x32E7,0x2AC6,0x2AC6,0x2AC6,0x2AE7,0x2AE6,0x2AC6,0x2AA6,
  0x2AC6,0x2AC6,0x2AC6,0x2AE6,0x2AC6,0x2AE6,0x2AE6,0x2AC6,0x2AE6,0x2AE6,0x2AE6,0x2AE6,0x3307,0x3307,0x3307,0x2AE6,
  0x2AE6,0x3307,0x3307,0x2AE6,0x2AC6,0x3307,0x2AE6,0x2AE6,0x2AE6,0x2AE6,0x2AE6,0x2AE6,0x2AE6,0x2AE6,0x2AE6,0x2AE6,
  0x2B07,0x2AC6,0x2AC6,0x2AC6,0x2AA6,0x2285,0x2AA6,0x2AA6,0x2AA6,0x2285,0x2AA6,0x2A85,0x2A85,0x2AA6,0x2AA6,0x2285,
  0x2AA6,0x2AA6,0x2AA6,0x2AA6,0x2AA6,0x2AC6,0x2AC6,0x2AA6,0x2AE6,0x2AC6,0x2AC6,0x2AC6,0x2AC6,0x2AC6,0x2AC6,0x2AC6,
  0x2AC6,0x2AC6,0x2AC6,0x22A5,0x2AC6,0x2AC6,0x2285,0x22A5,0x22A5,0x2285,0x2285,0x22A5,0x22A5,0x2285,0x22A5,0x22A5,
  0x22A5,0x22A5,0x22A5,0x22A5,0x22A5,0x22A5,0x2AE6,0x22C6,0x2AE6,0x2AC6,0x2AC6,0x22A5,0x22A5,0x2AC6,0x2AC6,0x2AC6,
  0x2AC6,0x22C5,0x2285,0x2265,0x2285,0x2AC6,0x22A5,0x22A5,0x22A5,0x22A5,0x22A5,0x22A5,0x22A5,0x22A5,0x2285,0x22A5,
  0x2285,0x2285,0x22A5,0x22A5,0x2285,0x22A5,0x22A5,0x2285,0x22A5,0x22A5,0x2285,0x22A5,0x22A5,0x22A5,0x2285,0x2285,
  0x2265,0x2265,0x2285,0x2285,0x22A5,0x22A5,0x2285,0x22A5,0x22A5,0x22A5,0x22A5,0x22A5,0x22A5,0x22C5,0x22A5,0x22A5,
  0x22A5,0x22A5,0x22A5,0x2AE6,0x2AC6,0x22A5,0x22A5,0x22A5,0x2AC6,0x2AC6,0x2AC6,0x2AC6,0x2AC6,0x2AC6,0x2AC6,0x2AE6,
  0x2AE6,0x2AE6,0x2AC6,0x32E7,0x2B06,0x3307,0x3307,0x2AE6,0x2AE6,0x2AE6,0x2AC6,0x2AC6,0x2AE6,0x2AC6,0x2AE6,0x2AE6,
  0x2AC6,0x2AE6,0x2AE6,0x2AC6,0x2AE6,0x2AE6,0x2AE6,0x2AE6,0x3307,0x2AE6,0x2AE6,0x2AC6,0x2AE6,0x3307,0x2AE6,0x3307,
  0x2AE6,0x2AE6,0x2AE6,0x2AE6,0x2AE6,0x2AE6,0x2AE6,0x2AE6,0x2AE6,0x2AE6,0x2AE6,0x2AE6,0x2AE6,0x2AE6,0x2AC6,0x2AA6,
  0x2285,0x2285,0x2AC6,0x2AC6,0x22A6,0x2AA6,0x2AA6,0x2285,0x2AA6,0x2AC6,0x2AA6,0x2AA6,0x2285,0x2AA6,0x2AA6,0x2AA6,
  0x2AC6,0x2AC6,0x2AA6,0x2285,0x2AC6,0x2AC6,0x2AE6,0x2AE6,0x2AC6,0x2AC6,0x22A5,0x2AC6,0x2AC6,0x2AC6,0x2AC6,0x2AC6,
  0x2AC6,0x22A5,0x22A5,0x2285,0x2285,0x2265,0x2285,0x2AA6,0x2285,0x2285,0x2285,0x22A5,0x22A5,0x22A5,0x22A5,0x22A5,
  0x22A5,0x2285,0x2AC6,0x22A5,0x2AC6,0x2AC6,0x2AC6,0x2AC6,0x22A5,0x2AC6,0x2AC6,0x22A5,0x2AC6,0x2AC6,0x22A5,0x22A5,
  0x2285,0x22A5,0x22A5,0x22A5,0x22A5,0x22A5,0x22A5,0x22A5,0x22A5,0x22A5,0x22A5,0x22A5,0x2265,0x1A44,0x2285,0x22A5,
  0x22A5,0x2AC6,0x22A5,0x22A5,0x2285,0x22A5,0x2285,0x22A5,0x22A5,0x22A5,0x22A5,0x2265,0x2285,0x2265,0x2285,0x2285,
  0x2285,0x22A5,0x2285,0x22A6,0x22A5,0x22A5,0x22A5,0x22A5,0x2265,0x22A5,0x22A5,0x22A5,0x22A5,0x2AC6,0x2AC6,0x2AC6,
  0x22A5,0x22A5,0x22A5,0x22A5,0x2AC6,0x2AC6,0x2AC6,0x2AC6,0x2AE6,0x2AE6,0x2AC6,0x2AE6,0x2AE6,0x2AE6,0x2AC6,0x2AC6,
  0x2AE6,0x3307,0x2AE6,0x2AC6,0x2AE6,0x2AE6,0x2AC6,0x2AC6,0x2AE6,0x2AE6,0x2AC6,0x2AE6,0x2AA5,0x2AA6,0x2AE6,0x2AC6,
  0x2AE6,0x2AE6,0x3307,0x2AE6,0x2AE6,0x2AE6,0x2AC6,0x2AE6,0x2AE6,0x3307,0x2AE6,0x2AE6,0x3307,0x2AE6,0x2AE6,0x2AE6,
  0x2AE6,0x2AE6,0x2AC6,0x2AC6,0x2AE6,0x2AC6,0x2AE6,0x2AC6,0x2AC6,0x2AC6,0x22A5,0x2285,0x2285,0x2285,0x2AA6,0x2AC6,
  0x22A6,0x22A6,0x2285,0x2285,0x2AA6,0x2AC6,0x2AA6,0x2AA6,0x2285,0x2285,0x2AA6,0x2AA6,0x2AC6,0x2AC6,0x2AA6,0x2AA6,
  0x2AC6,0x2AC6,0x22A5,0x2AC6,0x2AC6,0x2AC6,0x2AC6,0x22A5,0x2AC6,0x2AC6,0x22A5,0x2AC6,0x22A5,0x22A5,0x22A5,0x2285,
  0x2265,0x2265,0x2285,0x22A5,0x22A5,0x2285,0x2265,0x2285,0x22A5,0x22A5,0x22A5,0x22A5,0x22A5,0x22A5,0x22A5,0x2AA5,
  0x22A5,0x22A5,0x22A5,0x2AC6,0x2AC6,0x22A5,0x22A5,0x22A5,0x2AC6,0x2AC6,0x22A5,0x22A5,0x22A5,0x2AC6,0x22A5,0x22A5,
  0x22A5,0x2AC6,0x22A5,0x22A5,0x22A5,0x22A5,0x22C6,0x22A5,0x2285,0x2265,0x2265,0x2285,0x22A5,0x2AC6,0x22A5,0x22A5,
  0x2285,0x22A5,0x22A5,0x22A5,0x22A5,0x2285,0x2AA6,0x2285,0x2285,0x2265,0x2265,0x2265,0x2285,0x2285,0x2265,0x2285,
  0x22A5,0x22A5,0x22A5,0x22A5,0x22A5,0x22A5,0x22A5,0x22A5,0x2AC6,0x2AC6,0x2AC6,0x22A5,0x22A5,0x22A5,0x22A5,0x22A5,
  0x2AC6,0x22A5,0x2AC6,0x22A5,0x2AC6,0x2AC6,0x2AC6,0x2AA6,0x2AC6,0x2AA6,0x2AC6,0x2AC6,0x2AC6,0x2AC6,0x2AC6,0x2AA6,
  0x2AC6,0x2AC6,0x2AC6,0x22A5,0x2AC6,0x2AE6,0x2AC6,0x2AC6,0x2AE6,0x2AC6,0x2AE6,0x2AE6,0x2AE6,0x3307,0x3307,0x3307,
  0x2AE6,0x2AE6,0x2AC6,0x2AE6,0x2AE6,0x2AE6,0x2AE6,0x2AE6,0x2AE6,0x2AE6,0x2AE6,0x2AC6,0x2AE6,0x3307,0x2AC6,0x2AC6,
  0x2AC6,0x2AE6,0x2AC6,0x2AC6,0x2AC6,0x22C5,0x22A5,0x2AA6,0x22A5,0x2AA6,0x2AA6,0x2AC6,0x22A6,0x2AA6,0x2AA6,0x2285,
  0x2AA6,0x2AA6,0x2AA6,0x2285,0x2285,0x2AA6,0x2AA6,0x22A5,0x22A6,0x2AC6,0x2AA6,0x2AA6,0x22A5,0x22A6,0x2AC6,0x2AC5,
  0x22A5,0x2AE6,0x2AC6,0x22A5,0x22A5,0x2AC6,0x22A5,0x22A5,0x22A5,0x22A5,0x22A5,0x2285,0x2285,0x2265,0x2285,0x22A5,
  0x22A5,0x2285,0x2285,0x22A5,0x22A5,0x22A5,0x22A5,0x22A5,0x22A5,0x22A5,0x22A5,0x22A5,0x22A5,0x22A5,0x22A5,0x2AE6,
  0x2AC6,0x22A5,0x22A5,0x2AC6,0x22A5,0x2AC6,0x22A5,0x22A5,0x22A5,0x2AC6,0x22A5,0x22A5,0x22A5,0x22A5,0x22A5,0x22A5,
  0x22A5,0x22A5,0x22A5,0x22A5,0x2285,0x2285,0x2285,0x2265,0x2285,0x2AC6,0x22A5,0x22A5,0x22A5,0x22A5,0x2285,0x2285,
  0x22A5,0x2285,0x2285,0x2285,0x2285,0x2285,0x2265,0x2285,0x2265,0x2285,0x2285,0x2285,0x2285,0x22A5,0x2285,0x22A6,
  0x22A5,0x2285,0x22A5,0x22A5,0x2AC6,0x2AC6,0x2AC6,0x22A5,0x2AC6,0x22A5,0x22A5,0x22A5,0x2AC6,0x22A5,0x2AC6,0x2AC6,
  0x2AC6,0x2AC6,0x2AC6,0x2AC6,0x2AC6,0x2AC6,0x2AA6,0x2AA6,0x2AA6,0x2AC6,0x2AA6,0x2AA6,0x2AC6,0x2AC6,0x2AC6,0x2AC6,
  0x2AC6,0x2AC6,0x2AC6,0x2AC6,0x2AE6,0x2AC6,0x2AC6,0x2AE6,0x2AE6,0x3307,0x3307,0x3307,0x2AE6,0x2AE6,0x2AE6,0x2AE6,
  0x2AE6,0x2AE6,0x2AE6,0x2AC6,0x2AC6,0x2AC6,0x2AE6,0x2AE6,0x2AE6,0x2AE6,0x2AC6,0x22A5,0x2AC6,0x2AE6,0x2AC6,0x2AC6,
  0x2AC6,0x2AC6,0x2AC6,0x22A6,0x22A6,0x2AA6,0x2285,0x2AC6,0x22A6,0x2AA6,0x2AA6,0x2AA6,0x2285,0x2AA6,0x2AA6,0x2AA6,
  0x2AA6,0x2AA6,0x2A86,0x22A5,0x22C6,0x2AC6,0x2AA6,0x2AA6,0x22A6,0x22A5,0x22A5,0x2AC6,0x22A5,0x2AC6,0x2AC6,0x22A5,
  0x22A5,0x2AC6,0x22A5,0x22A5,0x22A5,0x22A5,0x22A5,0x2285,0x2285,0x2285,0x2265,0x2285,0x22A5,0x22A5,0x22A5,0x22A5,
  0x2285,0x2285,0x22A5,0x22A5,0x22A5,0x22A5,0x22A5,0x2285,0x22A5,0x2AC6,0x22A5,0x2AC6,0x22A5,0x22A5,0x22A5,0x2AC6,
  0x22A5,0x22A5,0x22A5,0x22A5,0x2AC6,0x22A5,0x22A5,0x22A5,0x2AC6,0x22A5,0x22A5,0x22A5,0x2AC6,0x22A5,0x22A5,0x22A5,
  0x2285,0x2285,0x22A6,0x2285,0x2285,0x22A5,0x22A5,0x22A5,0x22A6,0x22A5,0x2285,0x2285,0x22A5,0x2285,0x2285,0x22A6,
  0x2285,0x2285,0x2265,0x2285,0x2285,0x2285,0x22A5,0x22A5,0x22A5,0x22A5,0x22A5,0x22A5,0x22A5,0x22A5,0x22A5,0x22A5,
  0x2AC6,0x2AC6,0x2AC6,0x22A5,0x2AA5,0x2AC6,0x2AC6,0x2AC6,0x2AC6,0x2AC6,0x2AC6,0x2AE6,0x2B06,0x2AC6,0x2AC6,0x2AC6,
  0x2AE6,0x2AC6,0x2AA6,0x2A85,0x2AA6,0x2AA6,0x2AA6,0x2AA6,0x2AC6,0x2AC6,0x2AC6,0x2AE6,0x2AC6,0x2AC6,0x2AC6,0x2AC6,
  0x2AC6,0x2AC6,0x2AE6,0x2AE6,0x2AE6,0x2AE6,0x3307,0x2AE6,0x2AE6,0x3307,0x3307,0x3307,0x3307,0x2AE7,0x2AE6,0x2AC6,
  0x2AA6,0x2AA6,0x2AC6,0x2AC6,0x2AE6,0x2AC6,0x2AC6,0x22A5,0x2AC6,0x2AC6,0x22A5,0x2AC6,0x2AC6,0x2AC6,0x2AC6,0x22A5,
  0x22A6,0x22A5,0x22A5,0x22A6,0x2AC6,0x2AC6,0x2AC6,0x2AA6,0x2285,0x2AA6,0x2AA6,0x2AA6,0x2AA6,0x2285,0x2285,0x2AA6,
  0x2AC6,0x22A5,0x2AA6,0x2AA6,0x22A5,0x22A5,0x2AA6,0x2AA6,0x2AA6,0x2AC6,0x22A5,0x22A5,0x22A5,0x22A5,0x22A5,0x22A6,
  0x22A6,0x22A5,0x22A5,0x22A5,0x2285,0x22A5,0x2285,0x2285,0x22A5,0x22A5,0x22A5,0x2285,0x2265,0x2285,0x22A5,0x2285,
  0x22A5,0x22A5,0x22A5,0x22A5,0x22A5,0x22A5,0x22A5,0x22A5,0x22A5,0x22A5,0x22A5,0x22A5,0x22A5,0x22A5,0x22A5,0x2285,
  0x22A5,0x22A5,0x22A5,0x2AC6,0x2AC6,0x22A5,0x22A5,0x22A5,0x2AC6,0x2AC6,0x22A5,0x22A5,0x2285,0x2285,0x22A6,0x2265,
  0x2285,0x22A5,0x22A5,0x2285,0x22A5,0x2285,0x2265,0x2265,0x22A6,0x2285,0x2285,0x22A5,0x22A6,0x2285,0x2265,0x2285,
  0x22A5,0x22A5,0x2AC6,0x22A5,0x22A5,0x2285,0x22A5,0x22A5,0x22A5,0x22A5,0x2AC6,0x22A5,0x22A5,0x2AC6,0x2AC6,0x22A5,
  0x22A5,0x2AC6,0x2AC6,0x2AC6,0x2AE6,0x2AC6,0x2AE6,0x2B06,0x2B06,0x2AE6,0x2AC6,0x2AC6,0x2AC6,0x2AC6,0x2AA6,0x2285,
  0x2285,0x2AA6,0x2AA6,0x2AA6,0x2AC6,0x2AC6,0x2AE6,0x2AE6,0x2AC6,0x2AC6,0x22A5,0x2AC6,0x2AE6,0x2AE6,0x2AE6,0x2AE6,
  0x2AE6,0x2AE6,0x3307,0x2AE6,0x2AE6,0x2AE6,0x3307,0x2AE6,0x3307,0x2AE7,0x2AC6,0x2AC6,0x2AA6,0x2AA6,0x2AA6,0x2AA6,
  0x2AC6,0x2AC6,0x2AC6,0x22A5,0x2AC6,0x22A5,0x22A5,0x2AC6,0x22A5,0x22A5,0x22A5,0x22A5,0x2AC6,0x2AC6,0x22A5,0x22A5,
  0x2AC6,0x2AC6,0x2AC6,0x2AC6,0x2285,0x2AA6,0x2AA6,0x2AA6,0x2AA6,0x2AA6,0x2285,0x2A86,0x2AA6,0x2AA6,0x2AC6,0x22A5,
  0x2AA6,0x2AA6,0x2285,0x2285,0x2AA6,0x22A5,0x22A5,0x22A5,0x22A5,0x22A5,0x22A5,0x22A5,0x22A5,0x22A5,0x2285,0x2285,
  0x22A5,0x22A6,0x2285,0x2285,0x2285,0x22A5,0x22A5,0x22A5,0x2285,0x2285,0x22A5,0x22A5,0x22A5,0x22A5,0x22A5,0x22A5,
  0x22A5,0x22A5,0x22A5,0x22A5,0x22A5,0x22A5,0x2285,0x22A5,0x22A5,0x22A5,0x22A5,0x2285,0x22A5,0x2AC6,0x22A5,0x2AA5,
  0x22A5,0x22A5,0x2AC6,0x22A5,0x22A5,0x2AC6,0x22A5,0x2285,0x2285,0x2285,0x2285,0x2285,0x2285,0x2285,0x2285,0x22A5,
  0x2285,0x2285,0x2285,0x2285,0x2285,0x22A5,0x2285,0x22A5,0x22A5,0x2285,0x2285,0x2265,0x2285,0x22A6,0x22A5,0x22A5,
  0x22A5,0x2285,0x22A5,0x2285,0x2265,0x22A6,0x22A5,0x22A5,0x2AC6,0x2AC6,0x2AC6,0x2AC6,0x22A5,0x22A5,0x22C6,0x2AC6,
  0x2AC6,0x2AC6,0x2B06,0x2B06,0x2AE6,0x2AC6,0x2AC6,0x2AC6,0x2AC6,0x2AC6,0x2AA6,0x2285,0x2285,0x2AA6,0x2AA6,0x22A5,
  0x2AC6,0x2AE6,0x2AE6,0x2AE6,0x2AC6,0x2AC6,0x22A5,0x2AC6,0x22A5,0x2AC6,0x2AE6,0x2AE6,0x2AE6,0x2AE6,0x3307,0x2AE6,
  0x3307,0x2AE6,0x2AE6,0x2AE6,0x2AE6,0x2AE6,0x2AC6,0x2AC6,0x2AA6,0x2AA6,0x2AA6,0x2AA6,0x2AC6,0x2AC6,0x2AE6,0x2AC6,
  0x22A5,0x22A5,0x22A5,0x22A5,0x2285,0x22A5,0x22A5,0x22A5,0x2AC6,0x22A5,0x22A5,0x2AA6,0x2AA6,0x2AC6,0x2AC6,0x2AC6,
  0x2285,0x2AA6,0x22A5,0x22A5,0x2AA6,0x22A5,0x2285,0x2285,0x22A6,0x2AC6,0x22A5,0x22A5,0x2AA6,0x22A5,0x22A6,0x2285,
  0x22A5,0x22A6,0x22A6,0x2AC6,0x2285,0x2285,0x22A5,0x22A5,0x2285,0x2285,0x2285,0x2285,0x22A5,0x22A5,0x2285,0x22A5,
  0x22A5,0x2285,0x2285,0x2285,0x2285,0x2285,0x22A5,0x22A5,0x22A5,0x22A5,0x22A5,0x22A5,0x22A5,0x2285,0x22A5,0x22A5,
  0x22C6,0x2AC6,0x2285,0x22A5,0x22A5,0x22A5,0x22A5,0x2285,0x22A5,0x22A5,0x22A5,0x22C6,0x22A5,0x22A5,0x2AC6,0x22A5,
  0x22A5,0x22A5,0x2AC6,0x22A5,0x2265,0x2285,0x2285,0x22A5,0x2285,0x2265,0x2285,0x22A5,0x22A5,0x2285,0x2285,0x22A5,
  0x22A5,0x22A5,0x22A5,0x22A5,0x22A5,0x2285,0x2285,0x2265,0x2265,0x22A5,0x22A5,0x22A5,0x22A5,0x22A5,0x22A6,0x2285,
  0x2265,0x2285,0x22A5,0x2285,0x2AC6,0x2AC6,0x22A5,0x22A5,0x22A5,0x22A5,0x2AC6,0x2AC6,0x22A5,0x2AA6,0x2AE6,0x2AE6,
  0x2AE6,0x2AC6,0x2AC6,0x2AC6,0x2AE6,0x2AC6,0x2AC6,0x22A5,0x2A86,0x2AA6,0x2AC6,0x2AC6,0x2AC6,0x2AE6,0x2AC6,0x2AC6,
  0x2AC6,0x2AC6,0x2AC6,0x2AC6,0x22A5,0x22A5,0x2AC6,0x2AC6,0x2AE6,0x3307,0x2AE6,0x2AE6,0x2AE6,0x2AE6,0x3307,0x3307,
  0x2AE6,0x2AC6,0x2AC6,0x2AE6,0x2AA6,0x2AA6,0x2285,0x2285,0x22A5,0x22A5,0x2AE6,0x2AC6,0x22A5,0x22A5,0x22A5,0x2AC6,
  0x22A5,0x2285,0x2285,0x22A5,0x2AC6,0x22A5,0x22A5,0x2285,0x2AA6,0x2AC6,0x2AC6,0x2AC6,0x22A5,0x2AC6,0x22A5,0x22A5,
  0x2A86,0x2285,0x2285,0x22A5,0x22A5,0x2AC6,0x22A5,0x2AC6,0x2AC6,0x22A5,0x2285,0x2285,0x2285,0x22A6,0x22A6,0x2AC6,
  0x22A5,0x22A5,0x22A5,0x22A5,0x22A5,0x2285,0x2265,0x2285,0x22A5,0x22A5,0x22A5,0x2285,0x22A5,0x22A5,0x2285,0x2285,
  0x2285,0x2285,0x2285,0x22A5,0x2AC6,0x22A5,0x22A5,0x22A5,0x2285,0x2285,0x22A5,0x22A5,0x22A5,0x2AC6,0x22A5,0x22A5,
  0x22A5,0x2AA5,0x2AC6,0x2285,0x2285,0x2AC6,0x22A5,0x22C5,0x2AC6,0x22A5,0x22A5,0x22A5,0x22A5,0x22A5,0x22A5,0x2AC6,
  0x22A5,0x2285,0x22A5,0x22A5,0x2285,0x22A5,0x2285,0x2AC6,0x22A5,0x2285,0x22A5,0x22A5,0x22A5,0x22A5,0x2285,0x2285,
  0x22A5,0x22A5,0x2285,0x2285,0x2285,0x2285,0x2285,0x2285,0x2285,0x2285,0x2285,0x2285,0x22A5,0x2285,0x22A5,0x22A5,
  0x22A5,0x22A5,0x22A5,0x22A5,0x22A5,0x22A5,0x22C6,0x2AC6,0x22A5,0x2AC5,0x2AE6,0x2AC6,0x2AE6,0x2AE6,0x2B06,0x2AE6,
  0x2AC6,0x22A5,0x2AC6,0x2AA6,0x22A5,0x22A5,0x22A5,0x2AC6,0x22A5,0x2AC6,0x2AC6,0x2AC6,0x22A6,0x2AC6,0x22A5,0x2285,
  0x22A5,0x2AA6,0x2AA6,0x2AE6,0x2AE6,0x2AE6,0x2AC6,0x2AE6,0x2AE6,0x2AE6,0x3306,0x2AE6,0x2AC6,0x2AC6,0x2AC6,0x2AA6,
  0x2AA6,0x2285,0x2AA6,0x2AA6,0x22A5,0x22A5,0x22A5,0x2AC6,0x2AC6,0x2AC6,0x22A5,0x22A5,0x2AC6,0x2AA6,0x2285,0x22A5,
  0x22A5,0x22A6,0x2AC6,0x22A5,0x22A5,0x2AC6,0x22A6,0x22A5,0x2AC6,0x2AE6,0x22A5,0x22A5,0x2AC6,0x2AA6,0x2285,0x2285,
  0x22A5,0x22A6,0x22A5,0x22A6,0x22A5,0x22A5,0x2AA6,0x22A5,0x22A5,0x22A5,0x22A5,0x22A5,0x2285,0x2285,0x22A5,0x22A5,
  0x22A5,0x2285,0x2285,0x2285,0x22A5,0x22A6,0x22A6,0x2285,0x2285,0x2285,0x2285,0x2285,0x2285,0x2265,0x22A5,0x2AC6,
  0x2AC6,0x22A5,0x22A5,0x22A5,0x22A5,0x22A5,0x2285,0x22A5,0x22A5,0x22A5,0x2285,0x22A5,0x22A5,0x22C5,0x22A5,0x2285,
  0x22A5,0x22A5,0x22A5,0x22C5,0x2AC6,0x22A5,0x22A5,0x2285,0x22A5,0x2AC6,0x22A5,0x22A5,0x22A5,0x2285,0x22A5,0x22A5,
  0x22A5,0x22A5,0x22A5,0x22A5,0x22A5,0x22A5,0x22A5,0x22A5,0x22A5,0x2285,0x2285,0x22A5,0x22A5,0x22A5,0x22A5,0x2285,
  0x22A5,0x2285,0x22A5,0x22A5,0x22A5,0x2285,0x22A5,0x22A5,0x22A5,0x22A5,0x22A5,0x22A5,0x2285,0x22A5,0x22A5,0x2285,
  0x22C5,0x2285,0x22A5,0x22C6,0x2AC5,0x2B06,0x2B06,0x2AC6,0x2AC6,0x2AE6,0x2B06,0x2AE6,0x2AC6,0x2AC6,0x2AC6,0x2AC6,
  0x2AC6,0x2AC6,0x2AC6,0x2AC6,0x2AC6,0x2AC6,0x2AC6,0x2AC6,0x2AC6,0x22A6,0x22A6,0x2285,0x2265,0x2285,0x2AA6,0x2AE6,
  0x2AE6,0x2AC6,0x22A5,0x2AE6,0x2AE6,0x2B06,0x2AE6,0x2AC6,0x22A6,0x22A5,0x2AC6,0x2AA6,0x2A86,0x2285,0x2285,0x2AA6,
  0x22A5,0x2AC6,0x2AC6,0x22A5,0x22A5,0x2AC6,0x2AC6,0x22A5,0x22A5,0x2285,0x2285,0x2AA6,0x2285,0x22A6,0x2AC6,0x2AC6,
  0x22C5,0x22A6,0x22A5,0x22A5,0x2AC6,0x22A5,0x22A5,0x22A5,0x2AC6,0x22A5,0x2285,0x2265,0x2285,0x2AA6,0x22A5,0x22A6,
  0x22A5,0x22A5,0x22C5,0x22A5,0x22A5,0x22A5,0x22A5,0x22A6,0x2285,0x2265,0x2285,0x22A5,0x22A5,0x2285,0x2285,0x2285,
  0x22A5,0x2285,0x2285,0x2285,0x2285,0x2265,0x2285,0x2285,0x22A5,0x2285,0x2AA5,0x2AE6,0x22C6,0x2AC6,0x2AC6,0x22A5,
  0x22A5,0x22A5,0x22A5,0x22A5,0x22A5,0x22A5,0x22A5,0x2285,0x22C5,0x22C6,0x2285,0x22A5,0x22A5,0x22A5,0x22A5,0x22A5,
  0x22A5,0x22A5,0x22A5,0x22A5,0x2AC6,0x2AC6,0x22A5,0x2285,0x22A5,0x2285,0x2285,0x22A5,0x22A5,0x2285,0x22A5,0x22A5,
  0x22A5,0x22A5,0x22A5,0x22A5,0x22A5,0x2265,0x2285,0x2285,0x22A5,0x2285,0x22A5,0x22A5,0x22A5,0x22A5,0x22A5,0x22A6,
  0x22A5,0x2285,0x22A5,0x22A5,0x22A5,0x22A5,0x2285,0x2285,0x22A5,0x22A5,0x22A5,0x22A5,0x22A5,0x2285,0x2AC6,0x2AC6,
  0x2AC6,0x2AE6,0x2AE6,0x2AE6,0x22C5,0x22C5,0x2B06,0x2AE6,0x2AC6,0x2AC6,0x2AC6,0x2AC6,0x2AC6,0x2AC6,0x22A5,0x2AC6,
  0x2AC6,0x2AC6,0x2AE6,0x2AC6,0x2AA6,0x22A5,0x2285,0x2AA6,0x2285,0x22A6,0x22A6,0x22A5,0x2AC6,0x2AC6,0x2AC6,0x2AC6,
  0x2AE6,0x2AE6,0x2AE6,0x2AE6,0x2AC6,0x2AA5,0x2AC6,0x2AA6,0x22A5,0x2285,0x2285,0x2AA6,0x2AC6,0x2AC6,0x2AC6,0x2AC6,
  0x2AC6,0x2AC6,0x22A5,0x22A5,0x22A5,0x2285,0x22A5,0x2285,0x22A6,0x22A5,0x2AC6,0x22A6,0x22A5,0x22A5,0x22A5,0x2AC6,
  0x2AC6,0x2AC6,0x22A5,0x22A5,0x2AC6,0x22A5,0x22A5,0x2285,0x2285,0x22A5,0x22A6,0x22A6,0x2AC6,0x22A5,0x22A5,0x22A5,
  0x2AC6,0x22A5,0x22A5,0x2285,0x2285,0x2285,0x22A5,0x2285,0x2285,0x2285,0x2265,0x2285,0x22A5,0x2285,0x2285,0x2285,
  0x2285,0x2285,0x22A5,0x2285,0x22A5,0x22A6,0x2285,0x2AC6,0x2AC6,0x2AC6,0x22A5,0x22A5,0x22A5,0x2AC6,0x22A5,0x22A5,
  0x22A5,0x22A5,0x22A5,0x2285,0x22A5,0x22A5,0x2285,0x2285,0x22A5,0x2AC6,0x22A5,0x22A5,0x22A5,0x2AC6,0x22A5,0x22A5,
  0x2AC6,0x2AC6,0x22A5,0x22A5,0x22A5,0x22A5,0x2AC6,0x22A5,0x22A5,0x22A5,0x22A5,0x22A5,0x22A5,0x22A5,0x22A5,0x22A5,
  0x2285,0x2265,0x2285,0x22A5,0x22A5,0x2285,0x2265,0x2285,0x22A5,0x22A5,0x2285,0x2285,0x22A5,0x2285,0x22A5,0x22A5,
  0x22A5,0x22A5,0x22A5,0x22A5,0x2285,0x2285,0x2285,0x22A5,0x2285,0x22A5,0x22C6,0x22A5,0x2AC6,0x2AC6,0x2AC6,0x2AE6,
  0x22E5,0x2AE6,0x2AE5,0x2AC6,0x2AC6,0x22A5,0x2AE6,0x2AC6,0x2AC6,0x2AC6,0x22A5,0x22A5,0x2AC6,0x2AC6,0x2AC6,0x22A5,
  0x2285,0x2285,0x22A5,0x22C5,0x2AC6,0x22A5,0x22A5,0x22A5,0x2AC6,0x2AC6,0x2AC6,0x2AC6,0x22A5,0x2AE6,0x2AE6,0x2B06,
  0x2AE6,0x2AA5,0x2AE6,0x2AC6,0x2AC6,0x2AC6,0x22A5,0x22A5,0x2AC6,0x2AE6,0x2AA5,0x22A5,0x2AC6,0x2AC6,0x22A5,0x22A5,
  0x22A5,0x22A5,0x2285,0x2265,0x2AA6,0x2285,0x2285,0x22A6,0x22A5,0x22A5,0x22A5,0x22A5,0x2AC6,0x22A5,0x22A5,0x22A5,
  0x22A5,0x22C6,0x2AC6,0x22A5,0x2285,0x2AC6,0x22A5,0x2AC6,0x2AC6,0x22A5,0x22A5,0x22A5,0x2AC6,0x2AC6,0x2AC6,0x22A5,
  0x22A5,0x2285,0x2285,0x2285,0x2265,0x2285,0x22A5,0x2285,0x2265,0x2285,0x2265,0x2285,0x2285,0x2285,0x22A5,0x22A5,
  0x22A5,0x22A5,0x22A5,0x2AC6,0x2AC6,0x2AC6,0x22A5,0x22A5,0x22A5,0x22A5,0x22A5,0x22A5,0x22A5,0x22A5,0x22A5,0x2285,
  0x2265,0x22A5,0x22A5,0x2265,0x2285,0x22A5,0x22A5,0x22A5,0x22A5,0x2AC6,0x22A5,0x22A5,0x2AC6,0x22A5,0x2285,0x22A5,
  0x22A5,0x22A5,0x22A5,0x22A5,0x22A5,0x22A5,0x2AC6,0x22C5,0x22A5,0x22A5,0x22A5,0x22A5,0x22A5,0x2285,0x2285,0x22A5,
  0x2285,0x2285,0x2285,0x2285,0x22A5,0x22A5,0x22A5,0x22A5,0x22A5,0x2285,0x22A5,0x22A5,0x22A5,0x22A5,0x22A5,0x22A5,
  0x22A5,0x22A5,0x22A5,0x22A5,0x2285,0x22A5,0x22A5,0x22A5,0x2AC6,0x22A5,0x22A5,0x2AE5,0x2AE5,0x2AE6,0x2AE5,0x2AC6,
  0x22A5,0x22A5,0x2AC6,0x2AC6,0x2AC6,0x2AC6,0x22A5,0x2AC6,0x22A5,0x2AC6,0x22A5,0x22A5,0x22A5,0x2285,0x2AC6,0x22A5,
  0x22A5,0x2285,0x22A5,0x22A5,0x22A5,0x2AC6,0x22A5,0x22A5,0x22A5,0x2AC6,0x2AC6,0x2AE6,0x2AE6,0x2AC6,0x2AC6,0x2AC6,
  0x2AC6,0x2AC6,0x2AC6,0x22C6,0x2AA5,0x22C6,0x22C6,0x22C5,0x2AC6,0x2AC6,0x22A5,0x22A5,0x22A5,0x22A5,0x2285,0x2265,
  0x2285,0x2265,0x2265,0x22A5,0x22A5,0x22A5,0x22A5,0x22A5,0x22A5,0x22A5,0x22A5,0x2285,0x22A5,0x22C6,0x2AC6,0x2AC6,
  0x22A5,0x22A5,0x2AC6,0x2AC6,0x2AC6,0x22A5,0x22A5,0x22A5,0x2AC6,0x2AC6,0x2AC6,0x22A5,0x22A5,0x2285,0x2265,0x2285,
  0x2285,0x2285,0x22A5,0x2285,0x2285,0x2285,0x2285,0x2265,0x2285,0x2285,0x22A5,0x22A5,0x22A5,0x22A5,0x22A5,0x2AC6,
  0x22A5,0x2AC6,0x2AC6,0x22A5,0x22A5,0x22A5,0x22A5,0x22A5,0x22A5,0x22A5,0x22A5,0x2285,0x2285,0x22A5,0x22A5,0x2285,
  0x2285,0x2285,0x22A5,0x22A5,0x2AC6,0x2AC6,0x2AC5,0x22A5,0x22A5,0x22A5,0x22A5,0x2AC6,0x2AE5,0x2AE6,0x22A5,0x22A5,
  0x22A5,0x2AC6,0x2AC6,0x22A5,0x2AC6,0x22A5,0x2AC6,0x22A5,0x2AC6,0x22A5,0x22A5,0x22A5,0x22A5,0x22A5,0x22A5,0x2AC6,
  0x22A5,0x22A5,0x22A5,0x2AC6,0x22A5,0x22A5,0x2AC6,0x22A5,0x2AC6,0x22A5,0x2AC6,0x2AC6,0x22A5,0x22A5,0x2285,0x2285,
  0x2285,0x22A5,0x22A5,0x22A5,0x22A5,0x2265,0x22A5,0x22A5,0x22A5,0x2AC6,0x2AE6,0x2AC6,0x2AC6,0x22A5,0x2AC6,0x2AC6,
  0x22A5,0x2AE6,0x22A6,0x2AE6,0x2AC6,0x22A5,0x2285,0x2285,0x22A5,0x22A5,0x22A5,0x22A5,0x2285,0x2285,0x22A5,0x2AC6,
  0x22A5,0x22A5,0x22A5,0x22A5,0x22A5,0x22A5,0x2AC6,0x2AC6,0x2AC6,0x2AE6,0x22A5,0x2AC6,0x2AC6,0x2AC6,0x2AC6,0x2AE6,
  0x1A64,0x4387,0x5BE8,0x22A5,0x2AC6,0x2AC6,0x2AE6,0x2AC6,0x22A5,0x22A5,0x22A5,0x2285,0x2265,0x2265,0x2285,0x22A5,
  0x22A5,0x22A5,0x22A5,0x22A5,0x2285,0x2285,0x2285,0x2285,0x22A5,0x22A5,0x22A5,0x2AC6,0x2AC6,0x22A5,0x2AC6,0x22A5,
  0x22A5,0x22A5,0x2285,0x22A5,0x22C6,0x2AC6,0x22A5,0x22A5,0x22A5,0x2285,0x2285,0x22A5,0x2AC6,0x2AC6,0x2AC6,0x22A5,
  0x2AC6,0x2AC6,0x2AC6,0x2AC6,0x22A5,0x22A5,0x22A5,0x2AC6,0x22A5,0x2285,0x22A5,0x22A5,0x22A5,0x22A5,0x22A5,0x22A5,
  0x2285,0x22A5,0x22A5,0x22A5,0x22A5,0x22A5,0x22A5,0x22A5,0x22A5,0x22A6,0x22A5,0x2AC6,0x22A5,0x2AC6,0x22A5,0x22A5,
  0x2AC6,0x2AC6,0x2AE5,0x2AC5,0x2AC6,0x2AC6,0x2AC6,0x2AA6,0x2AE6,0x2AE5,0x2AC6,0x22A5,0x2AC6,0x2AC6,0x2AC6,0x2AC6,
  0x2AC6,0x22A5,0x1A85,0x2AC6,0x22A5,0x2AC6,0x22C6,0x22A5,0x22A5,0x22A5,0x2AC6,0x2AC6,0x22A5,0x22A5,0x2AC6,0x2AC6,
  0x2285,0x22A5,0x2AC6,0x22A5,0x2AC6,0x22A5,0x22A5,0x2AC6,0x22A5,0x22A5,0x22A5,0x2285,0x22A5,0x22A5,0x2285,0x2285,
  0x22A5,0x2265,0x22A5,0x22A5,0x22A5,0x2AC6,0x2AC6,0x22A5,0x2AC6,0x2AC6,0x2AC6,0x2AC6,0x22A5,0x2AC6,0x2AC5,0x2AE6,
  0x2AC6,0x2AC6,0x22C6,0x22A5,0x22A5,0x22A5,0x22A5,0x22A5,0x22A5,0x22A5,0x22A5,0x22A5,0x2AC6,0x22A5,0x22A5,0x22A5,
  0x22A5,0x22A5,0x2AC6,0x2AC6,0x2AC6,0x2AC6,0x2AE6,0x2AE6,0x2AC6,0x2AE6,0x2AC6,0x22A5,0x2AA5,0x8467,0x8CA8,0x4326,
  0x22A6,0x2AC5,0x2AE6,0x2AC6,0x22A5,0x22A5,0x2285,0x2285,0x2265,0x2265,0x2285,0x2285,0x22A5,0x22A5,0x22A5,0x22A5,
  0x22A5,0x2285,0x2285,0x22A5,0x22A5,0x22A5,0x22A5,0x2AC6,0x2AC6,0x22A5,0x2AC6,0x2AC6,0x2AC6,0x22A5,0x2285,0x22A5,
  0x22C5,0x22A5,0x22A5,0x22A5,0x22A5,0x2285,0x2285,0x22A5,0x22A5,0x2AE6,0x2AC6,0x22A5,0x22A5,0x2AC6,0x2AE6,0x2AC6,
  0x2AC6,0x2AC6,0x2285,0x2AC6,0x2AC6,0x2285,0x2285,0x22A5,0x22A5,0x2285,0x2285,0x22A5,0x22A5,0x22A5,0x22A5,0x22A5,
  0x22A5,0x2285,0x22A5,0x2AC6,0x22A5,0x2285,0x2285,0x2AA5,0x2AC6,0x1A65,0x2285,0x2AE6,0x2AC6,0x2AC6,0x2AE5,0x2AC5,
  0x2AC6,0x2AE6,0x2AC6,0x2AC6,0x22A5,0x2AC6,0x2AC6,0x22A5,0x2AC6,0x2AC6,0x2AC5,0x22C5,0x2AE6,0x7428,0x4B46,0x2285,
  0x1A65,0x2AA5,0x2AE6,0x22A5,0x22A5,0x22A5,0x22A5,0x22A5,0x22A5,0x2AC6,0x2AC6,0x2AC6,0x22A5,0x22A5,0x22A5,0x22A5,
  0x22A5,0x22A5,0x22A5,0x22A5,0x22A5,0x22A5,0x22A5,0x22A5,0x22A5,0x22A5,0x2285,0x2285,0x2285,0x2285,0x2285,0x22A5,
  0x22A5,0x22A5,0x22A5,0x2AC5,0x2AE6,0x2AC6,0x2AC6,0x2AE6,0x2AE6,0x2AC5,0x2AE6,0x2AC5,0x2AE6,0x2AE6,0x2AC6,0x2AC6,
  0x22A5,0x22A5,0x22A5,0x22A5,0x22A5,0x22A5,0x22A5,0x22A5,0x22A5,0x22A5,0x22A5,0x22A5,0x22A5,0x22A5,0x2AC6,0x2AC6,
  0x2AC6,0x2AC6,0x2AC6,0x2AE6,0x22C5,0x22E6,0x22C5,0x1A85,0x6BE7,0x9CE9,0x7C88,0x94A8,0x1AA6,0x2AE5,0x2B06,0x2AE6,
  0x22A5,0x22A5,0x2285,0x2265,0x2265,0x2265,0x2285,0x22A5,0x22A5,0x2AC6,0x22A5,0x22A5,0x2285,0x2285,0x22A5,0x22A5,
  0x22A5,0x22A5,0x22A5,0x2AC6,0x22A5,0x22A5,0x2AC6,0x2AC6,0x2AC6,0x22A5,0x22A5,0x22A5,0x22A5,0x2AC6,0x22A5,0x2AC6,
  0x2285,0x2285,0x22A5,0x2AC6,0x22A5,0x2AC6,0x2AC6,0x22A5,0x22A5,0x2AE6,0x22A5,0x22A5,0x2AC6,0x2AC6,0x2AC6,0x2AC6,
  0x22A5,0x2AA5,0x2265,0x22C5,0x22A5,0x2285,0x2285,0x22A5,0x2285,0x22A5,0x22A5,0x22A5,0x22A5,0x22A5,0x22A5,0x22C6,
  0x22A5,0x2AC5,0x22A6,0x1A85,0x22A5,0x4B26,0x7449,0x2AC6,0x2AC6,0x2AE6,0x2AE5,0x2AE5,0x2AC6,0x2AC6,0x22C5,0x2B06,
  0x22A5,0x22A5,0x2AC6,0x22A5,0x2AC6,0x2AC6,0x22A5,0x2B06,0x22C6,0x4326,0xB508,0x9467,0x5387,0x22C5,0x1A65,0x22A5,
  0x22A5,0x22A5,0x2AC6,0x2285,0x2AC6,0x2AC6,0x2AC6,0x2AC6,0x2AC6,0x2AC6,0x22A5,0x22A5,0x22A5,0x2AC6,0x22A5,0x22A5,
  0x22A5,0x22A5,0x22A5,0x22A5,0x22A5,0x22A5,0x22A5,0x2285,0x2285,0x22A5,0x2285,0x22A5,0x2AC6,0x22A5,0x22A5,0x2AC5,
  0x2AC5,0x2AC6,0x2AC6,0x2AC5,0x2AE5,0x2AC5,0x2AE6,0x2AC5,0x2AE5,0x2AE5,0x2AC6,0x22A5,0x22A5,0x22A5,0x22A5,0x2285,
  0x2285,0x22A5,0x22A5,0x22A5,0x22A5,0x22A5,0x22A5,0x2285,0x22A5,0x22A5,0x2AC6,0x22A5,0x22A5,0x2AC6,0x2AA5,0x22E6,
  0x53E8,0x8C89,0x6408,0x32E6,0xACE9,0x7C49,0x6429,0xACE8,0x4B45,0x53A6,0xA4E8,0x6C69,0x22A5,0x22A5,0x22A5,0x2285,
  0x2285,0x2265,0x2285,0x2AC6,0x2AC6,0x22A5,0x22A5,0x2285,0x22A5,0x2285,0x22A5,0x22A5,0x22A5,0x22A5,0x22A5,0x2285,
  0x2285,0x22A5,0x22A5,0x22A5,0x22A5,0x22A5,0x22A5,0x22A5,0x22A5,0x2285,0x22A5,0x22A5,0x2285,0x22A5,0x22A5,0x2AC6,
  0x2AC6,0x2AC6,0x2AC6,0x22A5,0x2AC6,0x22C6,0x2285,0x22A5,0x2AC6,0x22A5,0x2AC6,0x2AC6,0x22A5,0x22A5,0x2285,0x22A5,
  0x22A5,0x22A5,0x22A5,0x22A5,0x2285,0x22A6,0x22A5,0x2AC6,0x2AC6,0x22A5,0x22A5,0x22C6,0x22A5,0x1A85,0x22C5,0x4B87,
  0x8C68,0xB529,0x5B87,0x1A85,0x2AC6,0x22C5,0x2AE5,0x2AE6,0x2AC6,0x2AC6,0x2AC5,0x2B06,0x2AC6,0x22A5,0x2285,0x22A5,
  0x2AC6,0x2AC6,0x2AC6,0x2B06,0x2AE5,0x1265,0x7407,0xC528,0xBD48,0x9CC8,0x5BA7,0x2285,0x22A6,0x2285,0x2AC6,0x2AC6,
  0x2AA5,0x2AE6,0x2B06,0x2AE6,0x22A5,0x2AC6,0x2AC6,0x22A5,0x22A5,0x2AC6,0x22A5,0x22A5,0x22A5,0x22A5,0x22C5,0x2285,
  0x2285,0x2285,0x2285,0x2285,0x2285,0x22A5,0x22A5,0x22A5,0x22A5,0x22A5,0x2285,0x2AC6,0x2AA5,0x2AC6,0x2AC6,0x2AC6,
  0x2AC6,0x2AC6,0x2AE6,0x22C5,0x2AC6,0x2AC6,0x2AC6,0x22A5,0x22A5,0x22A5,0x2285,0x2285,0x2285,0x2285,0x2285,0x22A5,
  0x22A5,0x22A5,0x22A5,0x2285,0x2285,0x2285,0x2AC6,0x2AC6,0x2AA6,0x2AE6,0x22A5,0x5387,0x9CCA,0xAD09,0x4B87,0x7C27,
  0x94C9,0x7C69,0x8C89,0x8469,0x9CA8,0x3306,0x94A9,0x9CE9,0x7428,0x1A65,0x2AA5,0x2285,0x2265,0x2265,0x2265,0x2AA5,
  0x22C6,0x22A5,0x22A5,0x2285,0x22A5,0x2285,0x2285,0x2285,0x22A5,0x22A5,0x2285,0x2AC6,0x22A5,0x22A5,0x22A5,0x22A5,
  0x22A6,0x2285,0x2285,0x22A5,0x22A5,0x22A5,0x22A5,0x2285,0x22A5,0x22A5,0x2AC6,0x2AC6,0x2AC6,0x2AC6,0x2AC6,0x2AC6,
  0x22A5,0x22A5,0x2AA6,0x2285,0x22A5,0x22A5,0x22A5,0x2AC6,0x22C5,0x2285,0x2285,0x2285,0x22A5,0x22A5,0x22A5,0x22A5,
  0x2285,0x2285,0x22A5,0x22A5,0x22A5,0x22A5,0x2AC5,0x22C6,0x2285,0x5387,0x8C88,0xB508,0xC548,0x7C07,0x1A65,0x2AC6,
  0x2AC6,0x22A5,0x2AE6,0x2AE6,0x2AC6,0x2AC6,0x2AE5,0x2AE6,0x22A5,0x2AC6,0x2AC6,0x22A5,0x22A5,0x2AC6,0x2AE6,0x2B06,
  0x2AE6,0x22A5,0x22A6,0x9CC9,0xC568,0xACE7,0xC569,0x8C48,0x1A65,0x22A5,0x2285,0x2AA6,0x22A5,0x2AE6,0x2B06,0x22C5,
  0x22A5,0x2AC6,0x2AC6,0x22A5,0x2AC6,0x2AC6,0x2AC6,0x22A5,0x22A5,0x2AC6,0x2AE6,0x2AA5,0x2285,0x2285,0x2285,0x2285,
  0x2285,0x2285,0x22A5,0x22A5,0x22A5,0x22A5,0x2AC6,0x2AE6,0x2AC6,0x2AA6,0x2AC6,0x2AC6,0x2AC6,0x2AC6,0x2B06,0x2AC5,
  0x2AC6,0x2AC6,0x2AC6,0x22A5,0x22A6,0x22A5,0x22A5,0x22A5,0x2285,0x2285,0x2285,0x22A5,0x22A5,0x22A5,0x2285,0x2285,
  0x2285,0x22A5,0x22A5,0x22A5,0x2AC5,0x2AC6,0x22C5,0x7CA9,0xA52A,0x53C8,0x4346,0xAD29,0x7449,0xA4E8,0xBD08,0x7429,
  0xA509,0x7407,0x2B26,0x94E9,0x8CA9,0x2AA5,0x2286,0x2285,0x2265,0x2265,0x2265,0x22A5,0x22C5,0x22A5,0x22A5,0x2285,
  0x22A5,0x2285,0x2285,0x2285,0x22A5,0x22A5,0x22A5,0x22A5,0x22A5,0x22A5,0x22A5,0x2285,0x22A5,0x22A5,0x2285,0x22C6,
  0x22A5,0x2AA5,0x22A5,0x22A5,0x22A5,0x22A5,0x2AC6,0x2AC6,0x2AC6,0x2AC6,0x2AC6,0x22A5,0x22A5,0x22C6,0x2AA6,0x2285,
  0x22A5,0x22A5,0x2AA5,0x2AE6,0x2AC6,0x2AA5,0x2265,0x2285,0x22A5,0x22A5,0x2285,0x22A5,0x2285,0x2285,0x2AA6,0x22A5,
  0x2AC6,0x2AC6,0x22A5,0x1A85,0x7C28,0xC569,0xB507,0xBD06,0xA509,0x2AA6,0x22A5,0x2AC5,0x2AC6,0x2AC6,0x2AC6,0x2AC6,
  0x2AC6,0x2AC6,0x2AE6,0x2B06,0x2AC6,0x2AE6,0x22A5,0x22A5,0x22A5,0x2AC6,0x2AC6,0x2B06,0x2AC6,0x2AC5,0x22A5,0x4347,
  0xB529,0xBD28,0xB507,0xC569,0x4B66,0x32E6,0x2285,0x22A5,0x22A5,0x1A85,0x2AC5,0x2AC5,0x2AC6,0x2AC6,0x2AC5,0x2AE6,
  0x22A5,0x22A5,0x22A5,0x2AC6,0x2AC6,0x2AC6,0x2AC6,0x22A5,0x2285,0x22A6,0x2285,0x2285,0x2285,0x22A5,0x2285,0x22A5,
  0x22A5,0x22A5,0x2AC6,0x2AE6,0x2AC6,0x2AA5,0x22A5,0x22A5,0x2AC6,0x2AC6,0x2AE6,0x2AE5,0x2AE6,0x2AE6,0x22A5,0x22A5,
  0x22A5,0x22A5,0x2285,0x2285,0x2265,0x2285,0x22A5,0x22A5,0x22A5,0x22A5,0x2285,0x22A5,0x22A5,0x22A5,0x22A5,0x22A5,
  0x2AA5,0x1A85,0x4368,0x950A,0x9CE9,0x2AE6,0x9CC9,0x84CA,0x8488,0xBD28,0xBD08,0xA4E9,0x7C69,0xBD4A,0x32E6,0x7C89,
  0xA4EA,0x63E9,0x2265,0x2285,0x2285,0x2265,0x2265,0x22A5,0x22C5,0x22A5,0x2AC6,0x22A5,0x2285,0x2285,0x2285,0x22A5,
  0x22A5,0x22A5,0x22A5,0x22A5,0x22A5,0x22A5,0x22A5,0x2285,0x22A5,0x22A5,0x22A5,0x2AC6,0x22A5,0x22A5,0x22A5,0x2AC6,
  0x22A5,0x2AC6,0x2AC6,0x2AE6,0x2AC5,0x2AC5,0x2AC6,0x2AC6,0x2AC6,0x2AC6,0x2AC6,0x22A5,0x22A5,0x22A5,0x22A5,0x2AE6,
  0x2AC6,0x2285,0x2265,0x2265,0x22A5,0x22A6,0x2285,0x2285,0x2AA5,0x2285,0x1A65,0x22A5,0x2AE6,0x22A5,0x3306,0x4367,
  0xBD69,0xBD27,0xC548,0xBD49,0x5387,0x22A5,0x2AC5,0x22A5,0x2AC6,0x2AE6,0x2AE6,0x2AE6,0x2AE6,0x2AC6,0x2AC6,0x2AE6,
  0x22A5,0x22A5,0x2AC6,0x2AE6,0x2AC6,0x2AC6,0x2AC6,0x2AC5,0x2AC5,0x2AC6,0x22A6,0x6C09,0x63C8,0x94A8,0xC589,0xC569,
  0x94C9,0x7C29,0x7C48,0x1224,0x6C08,0x6C08,0x2AC5,0x1A85,0x22A5,0x2AE6,0x2B06,0x2B06,0x2AC6,0x22A5,0x22A5,0x22A5,
  0x2AC6,0x2AC6,0x22A5,0x2285,0x22A5,0x22A5,0x2285,0x2265,0x2285,0x22A5,0x22A5,0x22A5,0x2AC6,0x2AC6,0x2AC6,0x2AC6,
  0x2AC6,0x2AC6,0x2AC6,0x2AC6,0x2AC6,0x2AC6,0x2AE6,0x2AE5,0x2AE5,0x22C5,0x22A5,0x22A5,0x22A5,0x22A5,0x22A5,0x2285,
  0x2245,0x2265,0x22C6,0x22A5,0x22A5,0x2AC5,0x22A5,0x2285,0x22A5,0x22A5,0x22A5,0x22A5,0x22A5,0x3306,0xA50B,0x9CEA,
  0x6409,0x5BC7,0xB56B,0x746A,0xB549,0xCD89,0xAD2A,0x4326,0x4B87,0xA52A,0x8489,0x3B26,0x8CAA,0xA4EA,0x5387,0x1A44,
  0x2285,0x2265,0x2265,0x22C5,0x22A5,0x22A5,0x2AC6,0x2AA6,0x2265,0x2265,0x2285,0x22A5,0x22A5,0x22A5,0x22A5,0x22A5,
  0x22A5,0x22A5,0x22A5,0x2AC6,0x22A5,0x22A5,0x22A5,0x22A5,0x22A5,0x22A5,0x22A5,0x22A5,0x22A5,0x2AC6,0x2AC6,0x2AE6,
  0x2AE5,0x2AC6,0x22A6,0x2AC6,0x2AC6,0x22A5,0x2AC6,0x2AC6,0x22A5,0x22A5,0x22A5,0x22A5,0x22C6,0x2285,0x2265,0x2285,
  0x22A5,0x22A5,0x22A5,0x2265,0x1A45,0x22A5,0x5BE7,0x7469,0x1245,0x7408,0x8469,0x94A9,0xCDAA,0xC589,0x9CE9,0x6BE8,
  0x746A,0x2AE7,0x22A5,0x22A5,0x2AC6,0x2AE6,0x2AE5,0x2AE6,0x2AC6,0x2AC6,0x2AC6,0x2AC6,0x2AC5,0x2AC5,0x2AE6,0x2AA5,
  0x2AC5,0x2AE6,0x2AC6,0x2AC5,0x22A5,0x22A5,0x2285,0x3AE6,0xAD0A,0x6BE8,0x7429,0xC58A,0xCD8A,0x7C08,0x9CAA,0x5387,
  0x2265,0xB54A,0xBD8A,0x7448,0x4347,0x22A6,0x22A5,0x2AC5,0x2AE6,0x2AE6,0x2AA5,0x22A5,0x22A5,0x2AC6,0x22A5,0x22A5,
  0x22A5,0x2285,0x2285,0x2285,0x2265,0x22A5,0x22A5,0x22A5,0x22A5,0x2AC6,0x22A5,0x2AC6,0x2AC6,0x2AC6,0x22A5,0x2AC6,
  0x2AC6,0x2AE6,0x2AE6,0x2AE5,0x2AE6,0x2AC5,0x2AC6,0x22A5,0x22A5,0x22A5,0x22A5,0x22A5,0x2285,0x2285,0x22A5,0x22A5,
  0x22A5,0x22A6,0x2AC6,0x22A5,0x22A5,0x2AC6,0x22A5,0x2AC5,0x1AA5,0x5C08,0x9D09,0x7469,0x2B06,0xB54A,0x8469,0x5BC8,
  0x63A7,0x6BE8,0x94CA,0x1A65,0x3B26,0x7C8A,0xB54A,0x4326,0x4BC8,0x9D0A,0x7469,0x1A65,0x2AA5,0x2265,0x2265,0x22A5,
  0x22A5,0x2AC6,0x2AC6,0x22A6,0x2285,0x2265,0x2285,0x22A5,0x22A5,0x2AC6,0x22A5,0x22A5,0x22A5,0x22A5,0x22A5,0x22A5,
  0x22A5,0x22A5,0x22A5,0x22A5,0x22A5,0x2AC6,0x2AC6,0x22A5,0x22A5,0x2AC6,0x2AC6,0x22C5,0x2AC6,0x2AC6,0x22A5,0x22A5,
  0x2AC6,0x22A5,0x2AC6,0x22A5,0x2AC6,0x2AC6,0x2AA6,0x22A5,0x22A5,0x2AE6,0x22A5,0x2AA5,0x22A5,0x1244,0x1A45,0x3AE6,
  0x7408,0xAD29,0xBD8A,0x2AA5,0x4346,0xA4EA,0x7BE8,0xCD89,0xC58B,0x7C49,0x63E8,0xB56B,0x4367,0x22A5,0x2AC6,0x2AA5,
  0x22A5,0x2AE6,0x2AE6,0x2AC6,0x22A5,0x22A5,0x2285,0x2AE6,0x2AE6,0x2AE5,0x2B06,0x2AA5,0x2AC5,0x2AE5,0x2AE6,0x2AC6,
  0x2AA5,0x22A5,0x22A5,0x1244,0x5BA8,0xDE0C,0x8468,0x5B87,0xB529,0xCDCB,0x6BE8,0xAD0A,0x3B06,0x2AA5,0xBD6A,0xD5CA,
  0xC58A,0x9CEA,0x5BC8,0x2AC6,0x1A65,0x2306,0x2AC6,0x2AC6,0x22A5,0x22A5,0x22A5,0x22A5,0x2285,0x2285,0x2285,0x2285,
  0x2285,0x2AC6,0x22A5,0x22A5,0x22A5,0x22A5,0x22A5,0x2AC6,0x2AC6,0x2AC6,0x22A5,0x2AC6,0x2AC6,0x2AE6,0x2B06,0x2AE6,
  0x2AE6,0x2AC6,0x22A5,0x22A5,0x22A5,0x2AC6,0x22A5,0x22C5,0x22A5,0x22A5,0x22A5,0x22A5,0x22A5,0x2285,0x1A65,0x22A5,
  0x22A5,0x22A5,0x2AC6,0x22A5,0x3B26,0x8CCA,0xB56B,0x4387,0x7448,0xAD2A,0x6409,0x7429,0x7409,0x5BA8,0x5388,0x3B27,
  0x8C89,0x9CCA,0x8CAA,0xAD2A,0x2AE6,0xA50B,0x94EA,0x5BC8,0x1A44,0x2285,0x2285,0x22A5,0x22A5,0x2285,0x2AC6,0x22A5,
  0x22A5,0x2285,0x22A5,0x22A6,0x22A5,0x2AC6,0x22A5,0x22A5,0x22A5,0x22A5,0x2AC6,0x22A5,0x22A5,0x22A5,0x22A5,0x22A5,
  0x22A5,0x2AC6,0x2AC6,0x2AC6,0x2AC6,0x2AC6,0x2AC6,0x2AC6,0x22A6,0x2AE6,0x2AC6,0x2285,0x2AC6,0x22A5,0x22A5,0x22A5,
  0x2AC6,0x22A5,0x22A5,0x22A5,0x22A5,0x2AC5,0x2285,0x1A24,0x22A5,0x5387,0x94A9,0xBD8B,0xD5CA,0xCDAB,0x3B06,0x2AC6,
  0xA54B,0x6BE8,0xCD8A,0xB549,0x63C8,0x7C48,0xD5EC,0x7408,0x1265,0x2AE6,0x2AA5,0x2285,0x2AC6,0x2AE6,0x2AC6,0x2AC6,
  0x2AE6,0x2AC6,0x22A5,0x2AE6,0x2AE6,0x2AC5,0x2AE6,0x2AC6,0x2AE5,0x2AE6,0x2AE6,0x2AC6,0x22A5,0x22A5,0x2285,0x2285,
  0x1A44,0x8469,0xDDEA,0xB54B,0x5BA8,0xA4EA,0xC5AB,0x63E8,0xAD2A,0x3B07,0x2AC5,0xB56B,0xCDCB,0xC5AA,0xCDCB,0xB56B,
  0x7428,0x4347,0x1A85,0x2285,0x22A5,0x2AC5,0x2AC5,0x22A5,0x22A5,0x2285,0x2285,0x2285,0x2285,0x2285,0x22A5,0x22A5,
  0x22A5,0x2AA5,0x2AC6,0x2AE6,0x2AC6,0x2AC6,0x2AC6,0x2AE6,0x22C5,0x2AE6,0x2AE5,0x2AE6,0x2AC6,0x2AC6,0x22A5,0x22A5,
  0x2285,0x22A5,0x22A5,0x22A5,0x22A5,0x22A5,0x22A5,0x2AA5,0x1A65,0x1A04,0x32E6,0x2285,0x22A5,0x22A5,0x22A5,0x22A5,
  0x948A,0xA50B,0x7C6A,0x4346,0xBDAB,0x7C6A,0xA50B,0x7C29,0x5388,0x6C09,0x63C8,0x6BE9,0x9CEA,0xBDAC,0x7449,0xB56B,
  0x63E8,0x4B87,0x9CEB,0xA4EA,0x32C6,0x2265,0x2265,0x2285,0x22A5,0x3306,0x2285,0x1A85,0x2AC6,0x22A5,0x22A5,0x22A5,
  0x2AC6,0x2AC6,0x22A5,0x22A5,0x22A5,0x22A5,0x22A5,0x22A5,0x22A5,0x22A5,0x22A5,0x22A5,0x22A5,0x22A5,0x22A5,0x22A5,
  0x2AC6,0x2AC6,0x2AC6,0x2AC5,0x2AE6,0x2AE6,0x2AC6,0x22A5,0x2AC6,0x2AC6,0x22A5,0x2285,0x2285,0x22A5,0x2AC5,0x22A5,
  0x1A85,0x1A44,0x32C6,0x6C08,0xAD2A,0xCDCB,0xCDCB,0xCDCB,0xC58B,0x3B07,0x2AC6,0xB56B,0x7408,0xBD6A,0xAD29,0x63E8,
  0xAD2A,0xDE0B,0x94CA,0x22A5,0x2AC6,0x22A5,0x2AC6,0x2AA5,0x22A5,0x2AE6,0x2AC6,0x22A5,0x2AE6,0x2AC6,0x2AA6,0x2AC6,
  0x2AC6,0x2AC6,0x22A5,0x22A5,0x2AE6,0x2AE5,0x2AE6,0x2AC6,0x2285,0x22A5,0x2285,0x2285,0x2285,0x2285,0x63C8,0xB54B,
  0xD5CC,0x7409,0x94AA,0xBD8B,0x63C8,0xAD4C,0x5388,0x2265,0xA54C,0xD60C,0xC5AB,0xCDAB,0xD5CB,0xC5AC,0x8CC9,0x4B87,
  0x22A5,0x1A45,0x2285,0x22A5,0x2AC6,0x2285,0x2285,0x22A5,0x22A5,0x2285,0x2AE6,0x2AC6,0x22C6,0x2AA5,0x22A5,0x2AE6,
  0x2AE5,0x2AE5,0x2AE6,0x2AE5,0x2AE5,0x2AE5,0x2AC5,0x2AE6,0x2AC6,0x2AC6,0x22A5,0x22A5,0x2285,0x22A5,0x22A5,0x22A5,
  0x22A5,0x2AC5,0x22A6,0x1A44,0x3AE6,0x8CCA,0x53A8,0x1A65,0x22A5,0x22A5,0x1A85,0x3B26,0xA54B,0x9D0B,0x2AC6,0x9CEB,
  0x9CEA,0x8CEB,0xAD4B,0x32C6,0x5BC8,0x5388,0x63C8,0x63E8,0x9CCA,0xA52B,0x94EB,0x7C6A,0xC58B,0x2A85,0x748A,0x9D2B,
  0x53C8,0x1A65,0x2265,0x2285,0x22A5,0x4B88,0x94EA,0x4326,0x1A85,0x22A5,0x2AC6,0x22C5,0x22A5,0x2AC6,0x22A5,0x22A5,
  0x22A5,0x22A5,0x22A5,0x22A5,0x22C6,0x2285,0x2285,0x2285,0x22A5,0x2285,0x22A5,0x22A5,0x2AC6,0x22A5,0x2AC6,0x2AE5,
  0x2AE6,0x2AC6,0x2AC6,0x2AC6,0x2AC6,0x2AC6,0x22A5,0x22A5,0x2A85,0x1A65,0x1A64,0x22A4,0x4B87,0x8C8A,0xBD8B,0xCDCB,
  0xCDAB,0xC56A,0xD5CB,0xAD4B,0x2285,0x3B06,0xAD6C,0x63E8,0xB56B,0xA50B,0x6C08,0xCDAB,0xBD6B,0x7429,0x2AA6,0x22A5,
  0x22A5,0x2AC6,0x22A5,0x22A5,0x2AC6,0x2AE6,0x2AA5,0x2AC6,0x2B06,0x2AE6,0x2AC6,0x2AC6,0x2AC6,0x2AC6,0x22A5,0x2AC6,
  0x2AE6,0x2AE5,0x22C5,0x22A5,0x2285,0x2285,0x2265,0x2285,0x2AA5,0x1A65,0x4B48,0x742A,0x7408,0xCDCC,0x8C89,0x8C89,
  0xBD8C,0x63C8,0xA52B,0x7C69,0x2285,0x6BE9,0xCDED,0xD5EC,0xC5CC,0xC58B,0xCDCC,0xCDED,0xAD4B,0x7429,0x32C6,0x1244,
  0x22A5,0x22A5,0x2285,0x22A5,0x22A5,0x2285,0x22C6,0x2AC6,0x22A5,0x2AA5,0x22A5,0x2AC5,0x2AE6,0x2AE6,0x2AE5,0x22C5,
  0x2AE6,0x2AE6,0x2AE6,0x2AC5,0x2AC6,0x2AC6,0x2AC6,0x22A5,0x22A5,0x22A5,0x22A5,0x22A5,0x2AA5,0x22A5,0x2285,0x6BE8,
  0xAD8C,0x63E8,0x1A65,0x22A6,0x2285,0x22A5,0x2AA5,0x7C8A,0xB54B,0x7428,0x53A7,0xC5CC,0x7469,0xB58C,0x8469,0x0203,
  0x7429,0xB54B,0x7428,0x8C89,0xCDCC,0xAD6C,0xA52C,0x84AA,0xAD2B,0x8469,0x4B47,0xB52C,0x8CCA,0x4B47,0x1A45,0x2285,
  0x2AC6,0x1A85,0x5BE8,0xB5AC,0x7C28,0x2285,0x22A5,0x2AC6,0x22A5,0x2AC6,0x22A5,0x22A5,0x22A5,0x2285,0x2285,0x22A5,
  0x22C6,0x2285,0x2285,0x22A5,0x22A5,0x22A5,0x22A5,0x2285,0x2AC6,0x2AC6,0x2AE6,0x2AE5,0x2AE6,0x2AE6,0x2AC6,0x22A5,
  0x22A5,0x2285,0x22A5,0x2285,0x1A24,0x32C6,0x6BE8,0xA52A,0xC5CB,0xCDCB,0xC5AC,0xC5AC,0xD5EC,0xCDCC,0x7409,0x2244,
  0x6C08,0xA52B,0x6BE8,0xB58C,0x9CCA,0x8469,0xCDED,0x8469,0x7449,0x53A9,0x1A85,0x2AA5,0x22A5,0x22A5,0x22A5,0x22A5,
  0x22A5,0x2AC6,0x2AA5,0x2AE6,0x2AE6,0x22C5,0x2AC6,0x2AC6,0x22A5,0x22A5,0x2AC5,0x2B06,0x2AE6,0x2AE5,0x22C5,0x2AC6,
  0x2285,0x2285,0x2285,0x2285,0x2285,0x2A85,0x2265,0x9D0B,0xA4EA,0x63E8,0xAD4B,0xAD2B,0x8CAA,0xCDCE,0x8469,0x8CCB,
  0x9D0B,0x5BA8,0x4326,0x8C8A,0xC5AD,0xD5ED,0xD5EC,0xCDCD,0xCDCC,0xD5ED,0xC5AC,0x7C6A,0x3B06,0x2284,0x22A5,0x22A6,
  0x22A5,0x22A5,0x2285,0x22A5,0x22A5,0x22A5,0x22A5,0x22A5,0x2AC6,0x2AE6,0x2AE5,0x2AC5,0x2AE6,0x2AC6,0x2B06,0x22C5,
  0x2AC6,0x2AC6,0x22A5,0x2AA5,0x22A5,0x22A5,0x22A5,0x2AC6,0x1A64,0x3AE6,0x94CB,0xAD8C,0x848A,0x1A65,0x22A5,0x22A5,
  0x2AA6,0x1A45,0x63E8,0xAD2C,0x84CB,0x3B06,0xB58C,0x8CAA,0x9D0C,0xA52B,0xBD8B,0x7C49,0xAD2B,0xDE0D,0xDE2E,0xD5EC,
  0xC5CB,0xCDCC,0xA52B,0xA52B,0x744A,0xC5AD,0x4327,0x5BE9,0xA52C,0x848A,0x1A44,0x2285,0x22C6,0x2AE6,0x1A65,0x7C8B,
  0xB5AD,0x9CEC,0x4306,0x1A65,0x22A5,0x22A5,0x22A5,0x22A5,0x22A5,0x22A5,0x2285,0x22A5,0x22A5,0x22A5,0x22A5,0x2285,
  0x22A5,0x22A5,0x22A5,0x22A5,0x22C5,0x2AE5,0x2AE5,0x2AE6,0x2AE6,0x2AC6,0x2AC6,0x22A5,0x22A5,0x2AA6,0x2285,0x32E6,
  0x7429,0xC5AC,0xD60D,0xCDCB,0xCDCC,0xCDED,0xD60D,0xC5CC,0x8CAA,0x4326,0x5347,0x950B,0x8CCB,0x7429,0xC5CC,0x8CAA,
  0x9CEA,0xB58C,0x63E8,0x94CA,0xAD6C,0x2AA5,0x22C6,0x22A5,0x22A5,0x22A5,0x22A5,0x22A5,0x22A5,0x2AE6,0x2AE5,0x2AC5,
  0x2AE6,0x2AE5,0x2AC6,0x2AC6,0x2285,0x22A5,0x2AE6,0x2AE6,0x2AE6,0x2AE5,0x2AC6,0x22A5,0x22A5,0x2285,0x22A6,0x2265,
  0x2285,0x22A5,0x1A85,0x3AE6,0xD60D,0xC5AC,0x744A,0x94EB,0xB58D,0x846A,0xD60E,0xAD6C,0x7C69,0x8CCB,0x8CAB,0x6C09,
  0x63E8,0x7449,0x9D0B,0xBDCD,0xD60E,0xD60E,0xCDEE,0xD60D,0xCDED,0x5387,0x1244,0x1A65,0x22A5,0x2AA5,0x22A5,0x22A5,
  0x22A5,0x22A5,0x22A5,0x2AC6,0x2AC6,0x2AE6,0x2AE6,0x2AC5,0x2AE6,0x2AC6,0x22C5,0x22C5,0x2AC6,0x2AC6,0x22A5,0x22A5,
  0x22A5,0x22A5,0x2AC6,0x1A64,0x4B47,0xAD6D,0xA54C,0xB5AD,0x32E6,0x2285,0x2285,0x22A6,0x22A5,0x2285,0x8CCB,0xA54D,
  0x3B68,0x7449,0xB5AD,0x7C6A,0xA54C,0x8C8A,0xACEB,0xDE4E,0xD5ED,0xA54C,0xA52A,0xC5AD,0xD60E,0xB54C,0x8429,0xA52B,
  0x84AA,0x94EB,0xA52C,0x22C6,0x9D0B,0x94EB,0x3B07,0x1A64,0x2AE6,0x22A5,0x2285,0x2AE6,0xB58D,0xAD6D,0xAD6D,0x53A8,
  0x1A44,0x22C5,0x22A5,0x22A5,0x22A5,0x22A5,0x22A5,0x22A5,0x22A5,0x2AC6,0x2285,0x2285,0x22A5,0x22A5,0x22A5,0x2AC6,
  0x2AC6,0x2AE6,0x2AE6,0x2AE6,0x2AC5,0x22A5,0x2AC6,0x22A5,0x2285,0x1A85,0x4B47,0xC5AD,0xD60E,0xD5ED,0xD60D,0xD60D,
  0xC5CC,0x9D0B,0x7429,0x63E8,0x6C29,0x848A,0x8CCB,0x7C69,0xA50C,0xDE2E,0x846A,0xAD4C,0x9D0B,0x6C29,0xC5AD,0xDE2D,
  0x4B67,0x1A85,0x2AE6,0x22A5,0x22A5,0x2AC6,0x22A5,0x22A5,0x2AC6,0x22A5,0x2AC5,0x2AC5,0x2AE6,0x2AE6,0x2AC6,0x2AC6,
  0x22A5,0x22A5,0x2AE6,0x2AE5,0x2AE6,0x2AE6,0x22A5,0x22A5,0x22A5,0x2285,0x22A5,0x2265,0x2265,0x22A5,0x2AA5,0x1A44,
  0x848A,0xDE2E,0xD62E,0x94EC,0x8CAB,0xB5AE,0x7C6A,0xD62F,0xD62E,0xAD4D,0x8CEB,0x848A,0x84AA,0x84CA,0x7429,0x6409,
  0x7429,0x9CEB,0xC5EE,0xD62E,0xEE70,0xA52C,0x2286,0x5368,0x1A45,0x2285,0x22A5,0x2285,0x2285,0x2AA6,0x22A5,0x2AC6,
  0x2AE6,0x2AE6,0x2AE6,0x2AE6,0x2AE5,0x2AE6,0x2AE5,0x22C5,0x2AC6,0x2AC6,0x22A5,0x22A5,0x2285,0x2AA6,0x1A65,0x53A8,
  0xAD6E,0x9D2D,0xD62F,0x63C8,0x1A44,0x2AA5,0x2285,0x2286,0x2264,0x7C6A,0xA54C,0xA50D,0x3B47,0xCDCE,0x7C8A,0xAD8D,
  0x950B,0x9D2B,0xA54C,0xAD6C,0x9D4C,0x9D0C,0xA50B,0x9D0B,0xAD6C,0xA52C,0xA50C,0x8CAB,0xB56C,0x7449,0xC5EE,0x5B88,
  0x6BE9,0xAD0C,0x9D0C,0x2A85,0x2285,0x22A5,0x2AC6,0x1A65,0x5388,0xD62E,0xA52D,0xAD8E,0x63C8,0x1224,0x2AC5,0x22A5,
  0x2285,0x22A5,0x22A5,0x22A5,0x22A5,0x22A5,0x2285,0x2285,0x2285,0x22A5,0x22A5,0x22A5,0x2AC6,0x2AE6,0x2AC6,0x2AC6,
  0x2AE6,0x2AE6,0x2285,0x1A45,0x4B88,0x2AA5,0x8CAA,0xE64E,0xD62F,0xCE0E,0x9D0B,0x7409,0x63E8,0x7429,0x84AB,0x84AB,
  0x848B,0x8CAA,0xA54B,0xD60E,0xDE2E,0x7449,0xAD8D,0x94CB,0x84AB,0xD62F,0xDE2E,0x8CCB,0x1A64,0x2AC5,0x22A5,0x22A5,
  0x22A5,0x22A5,0x22A5,0x2AC6,0x2AC6,0x22A5,0x2AA6,0x2AE6,0x2AE6,0x2AE6,0x2AC6,0x22A5,0x22A5,0x2AC6,0x2AE6,0x2AE5,
  0x2AC6,0x2AA6,0x2285,0x22A5,0x22A6,0x2285,0x2285,0x2285,0x2AA6,0x22A5,0x2285,0x2285,0x3306,0xC5EF,0xCE0E,0xE650,
  0x9D0C,0x94CC,0xBDCF,0x6C29,0xCE10,0xDE2F,0xDE4F,0xD630,0xAD4C,0x94EB,0x94EB,0x94EC,0x8CCB,0x7C8A,0x6C09,0x7409,
  0x9D0C,0xBDAE,0xC5EE,0xCDEE,0x5368,0x5C09,0x1244,0x2285,0x1A45,0x22A5,0x2AC6,0x2AC6,0x2AC6,0x2AC6,0x2B06,0x2AE5,
  0x2AE6,0x2AE5,0x2AE6,0x22C5,0x2AC6,0x2AC6,0x22A5,0x22A5,0x2AA6,0x1224,0x4B67,0xAD6E,0x9D2D,0xDE50,0xA56D,0x1A44,
  0x22A5,0x22A6,0x2AA6,0x1A44,0x3B26,0xAD6D,0x952B,0x3B47,0x94EB,0x9D2C,0x6429,0x8CEB,0x9D4B,0x952B,0x9D2C,0x950B,
  0x950B,0x9D2C,0xA54C,0x950B,0x950B,0x950B,0x950B,0x950A,0x950A,0x6C49,0x84AB,0xBDAD,0x2AA5,0x7C8A,0xB58D,0x5BA8,
  0x1A85,0x2AE6,0x22A5,0x22A5,0x1A44,0x94EC,0xDE70,0x9D2C,0xAD8E,0x63E9,0x1A44,0x2AC6,0x22A5,0x22A5,0x2285,0x22A5,
  0x2AC6,0x2AC6,0x2265,0x2285,0x22A5,0x22A5,0x2AC6,0x2AC6,0x22A5,0x2AA5,0x22A5,0x22C6,0x2AC6,0x1264,0x53C8,0x4B47,
  0xBDAE,0xCDEF,0xBDAD,0xA52C,0x7409,0x63E8,0x7C6A,0x94EC,0x8CCC,0x8CAA,0x8CAB,0xAD4D,0xD62F,0xDE2E,0xDE2E,0xCE0E,
  0x7429,0xB58E,0x94EB,0x94CB,0xE64F,0xCE0E,0xD62F,0x4347,0x22A5,0x22A5,0x22A5,0x2285,0x2AC6,0x2AC6,0x2AC6,0x22A5,
  0x2AC6,0x22A5,0x2AC6,0x2AC6,0x2AE6,0x2AE6,0x2AC6,0x2AC6,0x22A5,0x2AC6,0x2B06,0x2AE6,0x22A5,0x2AA6,0x22A5,0x22A5,
  0x22A5,0x22A5,0x22A5,0x2285,0x22A6,0x2285,0x22A5,0x22A5,0x1A85,0xA54D,0xD64F,0xD60F,0xF6D1,0x7C8B,0x9D0C,0xC5CE,
  0x6409,0xD60F,0xC5EE,0x744A,0xBDCE,0xDE50,0xCDEF,0xB5AE,0xA50D,0xB58E,0xCE0F,0xB58E,0x848A,0x6C09,0x7C4A,0x94EC,
  0xC60F,0xC5EF,0x8CEC,0x7C6B,0x22A5,0x3306,0x1A64,0x2AC6,0x22C6,0x2AE6,0x2B06,0x2AE6,0x2AE6,0x2AE6,0x2AE6,0x22E5,
  0x22C6,0x2AC6,0x2285,0x2AA5,0x1A85,0x4307,0xBDCF,0xA54D,0xD630,0xD650,0x4347,0x1A65,0x2285,0x2285,0x2285,0x1A65,
  0x6C6B,0xAD8D,0x6C49,0x4B68,0xBDAF,0x952D,0xB5AE,0xB58E,0xAD8D,0xAD6D,0xA54D,0xA56C,0xA54C,0xA52C,0xA54C,0xA54C,
  0xA56D,0xA54C,0xAD8D,0xAD8D,0xAD6D,0xB5CE,0x9D4D,0xAD8E,0x63E9,0x4B47,0xBDAE,0x84CB,0x2AE7,0x22A5,0x2AC6,0x22A5,
  0x22A5,0x3AE6,0xCE0F,0xDE50,0xA52D,0xBDAF,0x5388,0x1264,0x22A6,0x22A5,0x22A5,0x22A5,0x2AC6,0x22A5,0x22A5,0x22A5,
  0x2AA5,0x22A5,0x2AE6,0x22C6,0x2285,0x1A64,0x2AE6,0x2AE6,0x744A,0x8CAC,0xB5CE,0xCE0F,0x9D0C,0x7C69,0x6C2A,0x848B,
  0xB56D,0xCE0F,0xB58E,0x9D0D,0xB58F,0xC5CE,0xDE50,0xCE10,0x742A,0xBD8E,0xD62F,0x63E9,0xAD8D,0xA54D,0x6C29,0xEED1,
  0xCE2F,0xD650,0xB56E,0x1A85,0x2AC5,0x22A5,0x22A5,0x22A5,0x22A5,0x2AC6,0x2AC6,0x22A5,0x2AC6,0x22A5,0x22A5,0x2AC6,
  0x2AE6,0x2AE6,0x2AC6,0x2AE6,0x2AA5,0x2AC6,0x2B06,0x2AE5,0x2AC5,0x22A5,0x22A5,0x22A5,0x22A5,0x22A5,0x22A5,0x22A5,
  0x2285,0x2285,0x22A5,0x2AC6,0x1A64,0x7C8B,0xEEB2,0xD62F,0x846A,0x848B,0xCE51,0x8CAB,0x8CCB,0xDE50,0xBDCE,0x22C6,
  0x9D2C,0xD60F,0xCE0F,0xD62F,0xD630,0xAD6D,0x9D0D,0xADAE,0xCE2F,0xD630,0xB5AE,0x94CB,0x7C4A,0x7C6A,0xAD4E,0xB58E,
  0xC630,0x8CEC,0x746A,0x3B26,0x2AC5,0x22E6,0x22E5,0x22C5,0x22C6,0x2AC6,0x2B06,0x2AE6,0x2AE6,0x2AA5,0x22A5,0x22A5,
  0x2AC5,0xBDAF,0x6C09,0xAD6E,0xE691,0x94EC,0x1A44,0x2AA6,0x2285,0x2AA6,0x1A44,0x6BE9,0xAD6F,0xAD6D,0x4B47,0x4388,
  0x6C2A,0x84CC,0x7C8A,0x7C8B,0x7C8A,0x7C8B,0xB58E,0xB54D,0xAD2C,0xC5EE,0xC5CD,0xB54C,0xAD4D,0xBDAE,0x84AB,0x7C8B,
  0x7C6A,0x744A,0x84AB,0x744A,0x5BC8,0x2A85,0x84AC,0xAD4E,0x94CD,0x2285,0x2AC6,0x22A5,0x2AC5,0x1223,0x848B,0xEEB2,
  0xB58E,0x6409,0xBDCE,0x3AE6,0x1A85,0x22A5,0x22A5,0x22A5,0x22A5,0x2AA5,0x2AC6,0x2285,0x2285,0x1A65,0x1AA5,0x22C5,
  0x2AC5,0x742A,0x7C8A,0xCE30,0xADAE,0xB58E,0x7CAB,0x744A,0x8CCB,0xB5AF,0xCE0F,0xCE30,0xB5AF,0x94EC,0xAD4D,0xD630,
  0xD62F,0xCDEE,0xCE0E,0xAD4D,0x2A64,0xAD6E,0xDE70,0x950D,0x846A,0xCE0F,0x8CCC,0x848A,0xCE0F,0xEEB1,0x950C,0x1A64,
  0x22A5,0x22A5,0x22A5,0x22A5,0x22A5,0x2AC6,0x2AC6,0x2AC6,0x2AC6,0x22A5,0x22A6,0x22C5,0x2AE5,0x2AE6,0x2AC6,0x2AC6,
  0x2AC5,0x2AE6,0x2AE6,0x2AC6,0x22A5,0x2285,0x22A5,0x2285,0x22A5,0x22A5,0x22A5,0x22A5,0x22A5,0x22A5,0x22A5,0x2AC6,
  0x1A64,0x6C2B,0xB5AF,0x742A,0xA54E,0xBDCE,0x7C4A,0xA54E,0xDE92,0xD650,0xDE70,0xDE71,0xE692,0xDE71,0xDE50,0xD62F,
  0xD62F,0xDE4E,0xDE2F,0xBDCD,0xADAD,0xA56D,0xAD6D,0xC5EF,0xCE30,0xBDCE,0x9D0D,0x84CB,0x8CCB,0x9D2D,0xCE10,0xAD8E,
  0xA56E,0x53A8,0x4B88,0x1A85,0x3B06,0x1A64,0x1AA5,0x22C5,0x2AE6,0x2AA5,0x22C6,0x1A44,0x9D0D,0xDE71,0x8CCC,0x6C09,
  0xE691,0x4327,0x1A64,0x2AC6,0x22A5,0x22A5,0x2285,0x950C,0xB56D,0x4B88,0x6409,0xA54E,0x22C6,0x3B27,0x53C9,0x5C09,
  0x5388,0x8CCC,0xA50D,0x9D0C,0x94EC,0x9D2D,0x9D6E,0x950C,0x9D0D,0xA50D,0x8CEC,0x4B88,0x5C09,0x53A9,0x4B47,0x1204,
  0x8CEC,0x742A,0x2285,0x9D4D,0xB58D,0x3B47,0x2285,0x22A5,0x22A5,0x1A65,0x32C6,0xE692,0x7C4A,0x7C8B,0xD670,0xA54E,
  0x1A64,0x2285,0x2AA5,0x22A5,0x1A65,0x1A44,0x1A44,0x32C6,0x1A44,0x32E7,0x4B68,0x9D2D,0xAD6D,0xCE10,0xA54D,0x8CCB,
  0x8CAB,0x94ED,0xBDAE,0xCE0F,0xC60F,0xB58E,0x9D2D,0xAD6D,0xBDAD,0xD62F,0xDE50,0xD60F,0xDE30,0xDE50,0xDE71,0xE691,
  0xDE91,0xDE71,0xDE50,0xDE70,0xAD4D,0x742A,0xB5AE,0xAD8F,0x744A,0xAD6E,0x7CAB,0x1A64,0x2AC6,0x22A5,0x22A5,0x22A5,
  0x22A5,0x22A5,0x2AC6,0x2AC6,0x22A5,0x22A5,0x22A6,0x2AC6,0x2AE6,0x2AA5,0x2AA5,0x22C6,0x2AE6,0x2AE5,0x2AC6,0x2AC6,
  0x22A5,0x2285,0x2285,0x22A5,0x22A5,0x22A5,0x22A5,0x22A5,0x22A5,0x22A5,0x2AC6,0x2AE6,0x2265,0x4B68,0x9D4D,0xC610,
  0xA52E,0x84AB,0xCE10,0xEED2,0xD671,0xC610,0xB5AE,0xAD6E,0xA56E,0xA54E,0xA56E,0xAD8E,0x9D2D,0x950D,0x950C,0xAD4C,
  0xBDCE,0xCE0F,0xC5EE,0xBDAE,0xAD8D,0xADAE,0xBDEF,0xC610,0xB5CF,0xA54D,0x8CAC,0x952D,0xA56D,0xC630,0xAD8F,0xA56E,
  0xD671,0x950D,0x6409,0x3B26,0x1AA4,0x1A65,0x1224,0x7C4A,0xC5F0,0xAD8E,0x7C4B,0xBDCF,0xB58F,0x1A44,0x2AC6,0x22A5,
  0x22A5,0x1A64,0x53A8,0xB58D,0xA54D,0x4367,0xBDCF,0xB5AF,0x84AC,0x53C8,0xCE30,0x6BE9,0xAD8F,0xAD6E,0xAD4E,0xA56E,
  0xAD6E,0xA56D,0xA56D,0xB58E,0xAD4E,0xAD4E,0xB54D,0xB58E,0x63E9,0xBDD0,0x742B,0x63EA,0xB5EF,0xB5CE,0x4B47,0x744B,
  0xBDAE,0x7C6A,0x2265,0x22A5,0x22A5,0x22A5,0x1224,0x9D0D,0xCE31,0x742A,0xAD8F,0xBDD0,0x848B,0x0A24,0x1A64,0x1A24,
  0x2AC6,0x5BA9,0x950D,0xD651,0xAD6F,0x952D,0xCE30,0xA54D,0x9D0D,0x848B,0xA54D,0xBDCF,0xC5F0,0xBE0F,0xBDCE,0xADAD,
  0xBDAE,0xC5CE,0xCDEE,0xBDCD,0xAD4C,0x9D0C,0x94EC,0x9D0C,0xA54E,0xA54D,0xA54E,0xA54E,0xA56E,0xB58E,0xC5F0,0xD671,
  0xEEF3,0xD672,0x8CAD,0x950C,0xC610,0xA54E,0x4B88,0x2285,0x2AC6,0x22A5,0x22A5,0x22A5,0x22A5,0x2AC6,0x2AC6,0x2AC6,
  0x22A5,0x2AC6,0x22A5,0x2AC6,0x2AC6,0x2285,0x2AA6,0x2AE6,0x2AE5,0x2B06,0x2AC6,0x22A5,0x22A5,0x2285,0x2AC6,0x22A5,
  0x22A5,0x2285,0x22A5,0x2285,0x22A5,0x22A5,0x2AC6,0x2AC6,0x1A65,0x746B,0xC610,0x848C,0xB58F,0xEED3,0xD672,0x9D4D,
  0x8CEC,0x9D6E,0xADAE,0xADAE,0xA54D,0xA54D,0xA54E,0xAD6E,0xCE31,0xD672,0xD671,0xC610,0xADAF,0xA56E,0xA56E,0xAD8D,
  0xBDCE,0xC5AE,0xBDAD,0xBDAD,0xB5CE,0xBE0E,0xC62F,0xC5EF,0xAD8F,0x954E,0x9D4E,0xADAF,0xC610,0xE6B3,0xF6F4,0xD652,
  0xA56E,0x744A,0x5368,0xD651,0x9D0D,0xAD8F,0x63CA,0xEED3,0x5BA9,0x1A65,0x22A5,0x22A5,0x2285,0x4307,0xB56E,0xAD4D,
  0x5BE9,0x8D2D,0xBDF0,0x84CC,0xCE51,0x3B46,0x84AB,0x6C0A,0x846B,0x846B,0x7C8C,0x8CCC,0x8CEC,0xA54D,0xADAE,0x8CCB,
  0x84AC,0x846B,0x8C6C,0x846B,0x63C8,0x950D,0x2AA5,0xCE32,0x8CED,0xA54E,0xAD6F,0x32A6,0x9D2E,0xB58E,0x6BEA,0x1A44,
  0x22A5,0x2285,0x1A65,0x4B68,0xEEF3,0x6C2A,0xAD6E,0x9D2E,0xDE72,0x5B88,0x63EA,0x9D2E,0xCE30,0xEED2,0xE6D2,0xCE52,
  0xB5B0,0x950D,0x8D0C,0x9D2D,0xB5CF,0xBE30,0xC5EF,0xBDCD,0xBDEE,0xC5EE,0xC5AE,0xBDCE,0xADAD,0xA56D,0xA56E,0xADAF,
  0xBE10,0xD652,0xD672,0xCE52,0xAD8F,0xA52E,0x9D4E,0xA56E,0xAD8E,0xADAF,0xA54D,0x94ED,0x9CED,0xCE31,0xF6F4,0xB58F,
  0x848B,0xC5F1,0x950D,0x1A64,0x2AC5,0x22A5,0x22A5,0x22A5,0x22A5,0x22A5,0x2AC6,0x22A5,0x22A5,0x2AC6,0x2AC6,0x22A5,
  0x2AC6,0x22A5,0x2AE6,0x2AE6,0x2AE6,0x2AE6,0x22C5,0x22A5,0x22A5,0x2AC6,0x22A5,0x22A5,0x22A5,0x22A5,0x22A5,0x2AC6,
  0x22A5,0x22A5,0x2AC6,0x22A6,0x1A65,0x63E9,0xAD6F,0xDE72,0xF6F4,0xAD90,0x8CCC,0xAD8F,0xA56F,0x7C8B,0x4B48,0x3B06,
  0x3B26,0x4346,0x4B88,0x5BC9,0x6409,0x7C4B,0x94ED,0xAD8E,0xCE11,0xD652,0xDEB3,0xD693,0xC631,0xBE0F,0xB5CE,0xB5CE,
  0xBDCE,0xCDEE,0xC5CE,0xCDEE,0xD60F,0xDE30,0xCDEF,0xAD6E,0x950D,0x950D,0xA58E,0xDE72,0xF6F4,0xE6B3,0xDE71,0xC5F0,
  0xB5D0,0x8CAC,0x9D0D,0xDE92,0x2AA5,0x2265,0x2285,0x2AC6,0x1A64,0x6C4A,0xAD8F,0x640A,0x4B68,0xD672,0x84AC,0x744A,
  0xB5CF,0xA56E,0x32E6,0xCE11,0x8C8B,0x8CCD,0x8CED,0x8CEC,0x2AE5,0x5BA9,0x7C6B,0x2265,0x7C8B,0x94ED,0x8CAC,0x8C6B,
  0xCDF0,0x4B47,0x7C8C,0xBE11,0x7C6B,0x7C4B,0xCE52,0x63CA,0x3B07,0xA56E,0x84EC,0x2264,0x2265,0x2265,0x22A5,0x2285,
  0xCE11,0xB590,0x742A,0xB5AF,0xBDEF,0xD672,0xDE93,0xF6F4,0xDE92,0xA56E,0x94EC,0x94EC,0xAD6E,0xC5CE,0xD62E,0xD62F,
  0xC5EF,0xC5EE,0xC5EF,0xC5EE,0xBDCE,0xBDEF,0xBDEF,0xC630,0xD672,0xDE92,0xD672,0xCE31,0xB58F,0x94CC,0x7C4B,0x6C09,
  0x63E9,0x5388,0x3B46,0x3306,0x3306,0x4B68,0x746B,0xA54E,0xA54E,0x848B,0xA52E,0xEEF3,0xDE92,0xAD8F,0x744B,0x2285,
  0x22A5,0x22A5,0x22A5,0x22A5,0x2AC6,0x22A5,0x22A5,0x22A5,0x22A5,0x22A5,0x22A5,0x22A5,0x22A5,0x2AE6,0x2B06,0x2AE5,
  0x2AE6,0x2AC6,0x22C5,0x22A5,0x22A5,0x2AC6,0x2AC6,0x22A5,0x22A5,0x2265,0x2285,0x2AC6,0x22A5,0x22A5,0x2AC6,0x2285,
  0x6409,0xBDF0,0xDE72,0xD693,0x6C4B,0x2AE6,0x8CED,0x640A,0x1A44,0x32C6,0x6C4B,0xA54F,0xBE11,0xCE51,0xCE52,0xC631,
  0xBDF0,0xA52E,0x8CCC,0x744B,0x6C2A,0x6C0A,0x742A,0x84AB,0x9D2E,0xB5B0,0xC632,0xCE73,0xCE52,0xDE51,0xDE2F,0xD62E,
  0xD60E,0xCE0E,0xD5EE,0xD60E,0xD60F,0xC5EF,0xB5F0,0xB5F0,0x952D,0x8CEC,0x950D,0x8CEC,0x9D6E,0x5BE9,0xDE73,0x9D0D,
  0x1224,0x2285,0x22A5,0x1A64,0x4B68,0x9D4E,0xC5F0,0x3B47,0xB58F,0xA56D,0x9D2D,0xC610,0x7CAB,0xDE73,0x53A8,0xAD6F,
  0xB56E,0x84CC,0x9D4D,0x4348,0x22A5,0x22A5,0x22A5,0x1A65,0x3B07,0x952D,0x94CC,0xAD2D,0xBDD0,0x3B06,0xD652,0x84AC,
  0xBDCF,0xAD6F,0x8CAD,0xCE32,0x2A84,0xAD4E,0xAD8F,0x742A,0x1A24,0x2285,0x2AA6,0x1A24,0x8CAC,0xE6D4,0x5B89,0x9D4F,
  0x8CEC,0x952D,0x950D,0x950D,0xBDD0,0xB5D1,0xC5EF,0xD60E,0xD60E,0xCDEE,0xD60E,0xD62F,0xD62F,0xDE50,0xD672,0xCE51,
  0xCE51,0xC631,0xBDD0,0xA54E,0x84AC,0x744B,0x6C09,0x6C2A,0x744B,0x84AC,0xA54E,0xBDD0,0xCE31,0xCE52,0xCE32,0xC612,
  0xA56F,0x744A,0x32E6,0x1AA5,0x63C9,0x8CED,0x32E6,0x63C9,0xD651,0xDE93,0xC611,0x6C4A,0x22A5,0x22A6,0x22A5,0x22A5,
  0x22A5,0x22A5,0x22A5,0x22A5,0x2AC6,0x2AC6,0x22A5,0x22A5,0x22A5,0x2AC6,0x2AE6,0x22C5,0x2AC6,0x2AC6,0x22C5,0x2285,
  0x2285,0x2AC6,0x22A5,0x2285,0x2285,0x2265,0x2AA6,0x22A5,0x22A5,0x22A5,0x22A5,0x2AC6,0x2AC6,0x2AA5,0x32C6,0x3B27,
  0x1A84,0x2AE6,0x1AA4,0x1264,0x3B07,0x8CED,0xB5F0,0xCE32,0xD653,0xDE94,0xE6D5,0xEED4,0xEF15,0xFF36,0xFF35,0xF735,
  0xEF15,0xE6B4,0xCE52,0xB5D0,0xA56F,0x950D,0x84CC,0x848B,0x8CED,0x950E,0xA54F,0xBDD0,0xC5F0,0xD650,0xD650,0xDE50,
  0xD62F,0xDE51,0x744B,0x6C4A,0xA58F,0x84AC,0xA54F,0xB58F,0x952E,0x63C9,0xF735,0x63E9,0x1224,0x2285,0x2285,0x2AA6,
  0xB56F,0xB5AF,0x6C0A,0x6C2A,0xCE52,0x848C,0xB5B0,0xA56E,0xAD4F,0x950D,0xD652,0x950C,0xCDF0,0x94EC,0x8D0D,0x2244,
  0x1AA4,0x2AA5,0x2AA5,0x1A84,0x1A24,0x84CC,0x9D0C,0xCDF1,0x8CCC,0xC612,0xA54E,0x9D4E,0xA54E,0xB56F,0x8CCC,0xBDF1,
  0x84AD,0x32E7,0xA54E,0xBDD0,0x3B06,0x1A45,0x2A85,0x1A64,0x5388,0xF715,0x6C2A,0x8CEC,0xBD90,0xAD4F,0x84CD,0xA56F,
  0x7C6C,0x5C0A,0xD651,0xD650,0xD650,0xD650,0xCE50,0xC610,0xB5CF,0xAD70,0x9D2E,0x8CEC,0x84AC,0x84CB,0x8CED,0xA54E,
  0xB5B0,0xCE52,0xE6B4,0xEEF4,0xF736,0xFF76,0xFF36,0xF715,0xEEF5,0xE6D5,0xDE94,0xD693,0xCE32,0xBDF1,0x952D,0x3B47,
  0x1224,0x1A44,0x2AA5,0x1A64,0x32C6,0x32E6,0x22A5,0x22A5,0x2AA5,0x22A5,0x22A5,0x22A5,0x22A5,0x2AC6,0x22A5,0x22A5,
  0x2AC6,0x22A5,0x22A5,0x22A5,0x22A5,0x2AC6,0x2AE6,0x22C6,0x22A5,0x22A5,0x22A5,0x2285,0x2AC6,0x2AC6,0x2285,0x22A5,
  0x22A5,0x2285,0x2285,0x2285,0x22A5,0x22A5,0x22A5,0x22A5,0x22A5,0x22A5,0x22A5,0x22A5,0x2AC6,0x22C5,0x2AE6,0x2AC6,
  0x22A5,0x1A44,0x1A24,0x2265,0x2AA5,0x3AE6,0x4347,0x5BA9,0x63EA,0x7C8C,0x950E,0xA56F,0xB5B0,0xB5B0,0xC612,0xD673,
  0xE6D4,0xEF15,0xF715,0xEEF5,0xDED4,0xD653,0xBDF1,0xAD8F,0x9D4F,0x9D6F,0x952E,0xA56F,0xAD8E,0xBE11,0xC632,0x84CD,
  0xADB0,0x4307,0x7C8B,0xD672,0x8CCE,0x848C,0xF735,0x3B06,0x1A64,0x2AA5,0x1A45,0x4B88,0xADAF,0x952E,0x2AE5,0xCE53,
  0x952E,0xADB0,0xA56F,0x9CED,0xBDF0,0x8CCC,0xC632,0xAD4E,0xA52E,0xBDF0,0x8D0D,0x950E,0x4B88,0x2285,0x2285,0x4327,
  0x8CCD,0x8D2D,0xB5CF,0xBD8F,0x9D2E,0xD694,0x848B,0xBDD0,0x9CED,0x9D0D,0xB5B0,0x7C8C,0xDEB4,0x32A6,0x742A,0xBDAF,
  0x742B,0x1A44,0x2AA6,0x1A65,0x32A6,0xE6D4,0x94EE,0x848C,0xD673,0x84ED,0x3B27,0xA590,0x84AD,0xBDF1,0xC611,0xADAE,
  0xA58F,0x9D4E,0x9D4F,0x9D6E,0xA56E,0xBDF1,0xD673,0xDED4,0xEF15,0xEF15,0xEEF4,0xE6D4,0xDE94,0xCE32,0xB5B0,0xAD8F,
  0xAD6F,0x950D,0x84AC,0x6C0A,0x5BA9,0x4348,0x3B07,0x32C5,0x2285,0x2285,0x1A64,0x2285,0x2AC6,0x2AC6,0x2AA5,0x22A5,
  0x22A5,0x2285,0x22A6,0x22A5,0x22A5,0x22A5,0x22A5,0x22A5,0x22A5,0x22A5,0x22A5,0x2AC6,0x22A5,0x22A5,0x22A5,0x22A5,
  0x22A5,0x22A5,0x22C6,0x2AE6,0x22A5,0x22A5,0x22A5,0x22A5,0x2AC6,0x22A5,0x2285,0x22A5,0x22A5,0x2265,0x2285,0x2285,
  0x22A5,0x22A5,0x22A5,0x22A5,0x22A5,0x22A5,0x22A5,0x2AA5,0x2AC6,0x2AC6,0x2AE6,0x2AC6,0x22A5,0x2285,0x2AC6,0x22A5,
  0x22A5,0x2285,0x1A65,0x1A44,0x1224,0x1224,0x1A44,0x1A64,0x2264,0x1A44,0x2285,0x2AA5,0x32E6,0x4367,0x53C9,0x6C4A,
  0x84CD,0x9D6F,0xBDF1,0xCE52,0xDEB4,0xEED5,0xE6D5,0xDEB5,0xCE73,0xBE11,0xCE31,0xD674,0x84AD,0xB5D0,0xA54E,0xD611,
  0x7C6C,0x9D2E,0xE6B4,0x2AA5,0x2285,0x2285,0x3B07,0x9D4F,0xBDD0,0x63E9,0x84CD,0xC631,0x8CCD,0xBDD1,0xB58F,0xAD6F,
  0xBDD0,0xAD6E,0x84CC,0xD674,0x94CB,0xC611,0x950D,0xC632,0x4327,0x1244,0x1A44,0x3AC6,0xC632,0x950E,0xCE32,0x8CAA,
  0xCE52,0x950D,0xA54E,0xB5B0,0xAD6F,0xB56F,0xB5D0,0x8CCD,0xA56F,0xAD90,0x3AC6,0xBDB1,0xAD70,0x6BCA,0x1A64,0x2285,
  0x1A44,0xCE32,0xB5B0,0x742B,0xD653,0xAD6F,0xBDD1,0x7CAD,0xCE32,0xCE32,0xB5D1,0xCE72,0xDEB4,0xDEB4,0xE6D5,0xDED5,
  0xCE73,0xBDF1,0x9D6F,0x84AC,0x6C2A,0x53A8,0x3B27,0x32E6,0x2AC5,0x2285,0x1A24,0x1A24,0x1A24,0x1204,0x1204,0x1224,
  0x1244,0x1A85,0x2285,0x22A6,0x2AC6,0x22A5,0x2AC6,0x2AC6,0x22C6,0x22A5,0x2285,0x22A5,0x22A5,0x22A5,0x22A5,0x22A5,
  0x22A5,0x22A5,0x22A5,0x22A5,0x22A5,0x22A5,0x22A5,0x2AC6,0x2AE6,0x22A5,0x22A5,0x22A5,0x2265,0x22C6,0x2AC6,0x2AC6,
  0x22A5,0x22A5,0x22A5,0x22A5,0x2AC6,0x22A5,0x22A5,0x22A5,0x2285,0x2265,0x2285,0x22A5,0x22A5,0x22A5,0x22A5,0x22A5,
  0x2AC6,0x22A5,0x2285,0x22A5,0x22A5,0x22C6,0x2AC6,0x2AC6,0x22C5,0x22A5,0x22C5,0x2AC5,0x22A5,0x22A5,0x2285,0x2285,
  0x2285,0x22A5,0x2AA5,0x22A5,0x22C6,0x22A5,0x22C5,0x22A5,0x2285,0x2285,0x1AA5,0x1AA5,0x1A84,0x1A64,0x22A5,0x2AC6,
  0x3B27,0x4B88,0x5BEA,0x84AD,0xA570,0xBE12,0xD673,0xEEF5,0xDEB5,0x94EE,0x952E,0xAD6F,0x53A8,0xBDF2,0xC632,0x1A44,
  0x2AA6,0x1A44,0x7C8C,0xC5D0,0x7CAC,0x4347,0xDE94,0x84AC,0xCE12,0xC632,0xE6B5,0xE6D4,0xCE32,0xB5D0,0x9CCC,0xB5B1,
  0xDE72,0x9D2E,0xC632,0x84AC,0x744A,0x4B47,0x4327,0x6C0A,0x7C8C,0xBDF2,0xAD2F,0xCDF0,0xC612,0x8CCC,0xBDD1,0xC611,
  0xEF16,0xF756,0xCE32,0xCE33,0x7C6C,0xD693,0x5BA9,0x4B89,0xB5B0,0xA50E,0x2264,0x2265,0x1A44,0xB5B0,0xCE53,0x5388,
  0xA56F,0x950E,0x94EE,0xD674,0xE715,0xD673,0xC612,0x9D4F,0x848D,0x640A,0x4B68,0x32E6,0x2AC5,0x2285,0x1A64,0x1A64,
  0x1A45,0x1A64,0x1A45,0x1A85,0x2285,0x2285,0x22A5,0x2265,0x2285,0x2285,0x2285,0x2285,0x22A6,0x2AC6,0x2AC6,0x2AC6,
  0x22A5,0x22A5,0x2AC6,0x2AC6,0x22C5,0x2AA6,0x2285,0x22A5,0x2AA6,0x2AC6,0x22A5,0x22A5,0x22A5,0x22A5,0x22A5,0x2285,
  0x22A5,0x22A5,0x2285,0x22A6,0x2AC6,0x2AC6,0x22A5,0x22A5,0x2AA6,0x2AE6,0x22A5,0x22A5,0x2AC6,0x22A5,0x22A5,0x22A5,
  0x22A5,0x22A5,0x22A5,0x22A5,0x2285,0x1A44,0x2265,0x2285,0x2285,0x22A5,0x2285,0x2285,0x2AC6,0x22C5,0x2AA5,0x2285,
  0x22A5,0x2AC6,0x2AC6,0x22A5,0x22A5,0x2AC6,0x2AE5,0x2AC5,0x22A5,0x22A5,0x2285,0x2285,0x2265,0x2285,0x22A5,0x22A5,
  0x22A5,0x22C6,0x22A5,0x22A6,0x2AC6,0x2AE5,0x2B06,0x2B06,0x2AE5,0x2AA6,0x2AE6,0x2AE6,0x22E5,0x22A5,0x1A65,0x1A64,
  0x1A64,0x1A85,0x2AE5,0x4347,0x8CCD,0xFF57,0xADB0,0xADD0,0x53A8,0xCE73,0xB5D1,0x1A23,0x2264,0x2AE6,0xA52E,0xAD6E,
  0x32E6,0xA590,0xADB0,0x8CAC,0x8CED,0x9D4F,0xE6D5,0xE6B5,0xE6D5,0x952E,0xCDF2,0x8C8B,0xD693,0xB54E,0xBDB1,0xA56F,
  0x952D,0xA56D,0xA56D,0x952E,0x9D0F,0xC5F2,0x9CED,0xE6B4,0x848C,0xC612,0x9D2E,0xDE94,0xDE94,0xA56F,0x744B,0x94EE,
  0xA54F,0x9D2E,0xC633,0x2264,0xA56F,0xAD8F,0x5389,0x1A44,0x1A44,0x9D4F,0xE6B4,0x5368,0xADB0,0xA56F,0xF737,0x950E,
  0x4367,0x2AC5,0x1A64,0x1A44,0x1224,0x1A85,0x2285,0x22C6,0x2AC6,0x2AC6,0x2AE6,0x2AC5,0x2AC6,0x2285,0x2285,0x2285,
  0x2265,0x2285,0x22A5,0x2285,0x2265,0x2245,0x1A24,0x2245,0x2285,0x22A6,0x22A5,0x22A5,0x2AC6,0x22A5,0x22A5,0x2AC6,
  0x22A5,0x2AC6,0x22A5,0x22A5,0x2AC6,0x2AC6,0x22A5,0x22A5,0x22A5,0x22A5,0x22A5,0x2285,0x22A5,0x2AC6,0x22A5,0x22A5,
  0x22A5,0x22A5,0x2AC6,0x22A5,0x2AE6,0x2AC6,0x2285,0x2AE5,0x2AC6,0x2AC6,0x22A5,0x22A5,0x22A5,0x22A5,0x22A5,0x22A5,
  0x22A5,0x2265,0x2285,0x2265,0x2285,0x22A5,0x2285,0x1A64,0x22A5,0x22A5,0x22A5,0x22A5,0x22A5,0x22A5,0x2AC6,0x22A5,
  0x22A5,0x22A5,0x2AE6,0x22C5,0x2AC6,0x22A5,0x2285,0x2285,0x2285,0x2285,0x2285,0x22A5,0x2285,0x22A5,0x22A5,0x2AC6,
  0x2AC6,0x2AC5,0x2B06,0x2B06,0x2AE5,0x2AA5,0x2AC6,0x2AE6,0x22C5,0x2AE6,0x2AE6,0x2AC6,0x2AC6,0x2AC6,0x2AE6,0x1284,
  0x53C9,0xF757,0xB5F1,0xCE73,0x63C9,0xD694,0xADB0,0x1A24,0x2285,0x9D0F,0xB590,0x8CCD,0x5BC9,0xDEB4,0x6C4A,0x848B,
  0x22A5,0x3B06,0xA54E,0xE6F5,0xD673,0xAD6F,0xC5D1,0xAD2E,0x9D4E,0xCE32,0x9CCD,0xC633,0x84AD,0x8D0C,0x8CEC,0x84AC,
  0xC612,0x9CEE,0xBDB0,0xADB0,0x950D,0xBDF1,0xAD6F,0xDE53,0xA52E,0x5B88,0x63CA,0x2245,0x3B07,0x6C2A,0xCE53,0x7C4C,
  0x5BAA,0xB5B1,0xBDB1,0x4327,0x0A03,0x9D0E,0xEEF5,0x5B89,0xC673,0xB5D1,0xFF58,0x6C4B,0x0A03,0x2AC5,0x22C5,0x2AC6,
  0x2AE6,0x2AC6,0x2AC6,0x2AC6,0x2AC6,0x2AC6,0x2AC6,0x2AC6,0x22A5,0x2265,0x2265,0x2265,0x2285,0x2285,0x22A5,0x2285,
  0x2265,0x1A44,0x2244,0x2244,0x2285,0x22C6,0x2AC6,0x2AC6,0x22A5,0x22A5,0x22A5,0x22A5,0x22A5,0x2AC6,0x22A5,0x2AC6,
  0x2AC6,0x22A5,0x22A5,0x22A5,0x22A5,0x22A5,0x22A5,0x22A5,0x22A5,0x22A5,0x2AC6,0x22A5,0x22A5,0x22A5,0x22A5,0x2AC6,
  0x22A5,0x22A5,0x2AA6,0x2AE6,0x22A5,0x22A5,0x22A5,0x22A5,0x22A5,0x22A5,0x2285,0x2285,0x2285,0x2285,0x2285,0x2265,
  0x2285,0x22C6,0x2285,0x2285,0x22A5,0x2AC6,0x22A5,0x22A5,0x22A5,0x22A5,0x22A5,0x2AC6,0x22A5,0x22A5,0x22A5,0x2AC6,
  0x2AC6,0x2AC6,0x22A5,0x2285,0x2AA6,0x2285,0x2285,0x2285,0x2285,0x2285,0x2AC6,0x2AC6,0x2AC5,0x2AA5,0x2AE6,0x2B06,
  0x2AE5,0x22C5,0x2AC6,0x22C5,0x2AC6,0x2AC5,0x2AE5,0x2AC6,0x2AC6,0x2AC5,0x2AE6,0x22C5,0x746B,0xF758,0xB5D1,0xCE52,
  0x53A9,0xD673,0xB5D1,0x1203,0x53C9,0xBDF1,0x952F,0x32A5,0xCE53,0x9D4F,0xAD90,0x7C6C,0x7C6C,0x744B,0x7C8B,0xF757,
  0xE6D6,0xD653,0x9D2E,0xC612,0x948C,0xCE53,0xB570,0xBDD1,0xB5B1,0x7CAC,0x7CAC,0xA54E,0xC612,0xA52F,0xDEB4,0x848C,
  0xBDF1,0xA54F,0xD673,0xDE93,0x7C4A,0x742B,0x4B68,0x848C,0x1A44,0x3B07,0x8D0D,0xDE74,0x32C5,0x748B,0xB5F0,0x7C8C,
  0x0A03,0x9D2E,0xE6F5,0x5368,0xC633,0xA5D0,0xFF58,0x7CCE,0x1A64,0x2AC6,0x2AC5,0x22A5,0x2AC6,0x22A5,0x22A5,0x22A5,
  0x22A5,0x22A5,0x22A5,0x2AC6,0x22A5,0x22A5,0x2245,0x2285,0x22A5,0x2285,0x22A5,0x2285,0x2265,0x2265,0x2265,0x2244,
  0x2285,0x22C6,0x2AE6,0x2AC6,0x2AC6,0x2AC6,0x22A5,0x22A5,0x22A5,0x22A5,0x22A5,0x22A5,0x2AC6,0x22A5,0x22A5,0x22A5,
  0x22A5,0x22A5,0x2285,0x22A5,0x22A5,0x22A5,0x22A5,0x22C6,0x2AA5,0x22A5,0x22A5,0x22A5,0x22A5,0x22A5,0x2AC6,0x2AC6,
  0x2AC6,0x22A5,0x22A5,0x22A5,0x2AC6,0x22A5,0x22A5,0x2285,0x2285,0x2285,0x2285,0x2285,0x2285,0x2AE6,0x22A5,0x2285,
  0x22A5,0x22A5,0x22A5,0x22A5,0x22A5,0x22A5,0x2AC6,0x22A5,0x22A5,0x2AC6,0x2285,0x2AC6,0x22A5,0x2AC6,0x22A5,0x2285,
  0x2AA6,0x2265,0x2285,0x2285,0x2285,0x22A5,0x2AC6,0x2AC6,0x2AC5,0x2AA5,0x2B06,0x2B06,0x2AE5,0x2AC6,0x2AC6,0x2AC6,
  0x2AA6,0x2AC5,0x2AC5,0x2AC6,0x2AC6,0x2AC6,0x2AE5,0x1284,0x5BE9,0xFF77,0xB612,0xCE74,0x63E9,0xC633,0xBE12,0x11E3,
  0x748C,0xC651,0x5BE9,0x744B,0xD674,0x748B,0x94EE,0x3B47,0x4367,0x3B26,0x53A8,0xA54F,0xE6F6,0xEEF7,0xEF16,0xB5D0,
  0xBD6F,0x94CE,0xD695,0x5388,0xBE12,0x84CD,0x7C8C,0xC612,0x5388,0xC632,0x9D2F,0xA54F,0xB5D1,0xDEB4,0xFF58,0x8CCD,
  0x01C2,0x53A8,0x5B89,0x63C9,0x4B67,0x4307,0x8CCC,0xB5D1,0x9D50,0x3306,0xC633,0x8CED,0x0A03,0xA590,0xD694,0x4B47,
  0xCE53,0xBE11,0xFFB9,0x746C,0x1244,0x2AE6,0x22A6,0x2AC6,0x2AC6,0x22A5,0x2AC6,0x2285,0x22A5,0x22A5,0x2AC6,0x22A5,
  0x2AC6,0x2AC6,0x2265,0x2285,0x22A5,0x22A5,0x22A5,0x2285,0x2285,0x2265,0x2265,0x2244,0x2265,0x22A6,0x2AE6,0x2AA5,
  0x2AC6,0x2AC6,0x22A5,0x2AC6,0x22A5,0x22A5,0x22A5,0x22A5,0x2AC6,0x2AC6,0x2AC6,0x22A5,0x22A5,0x22A5,0x22A5,0x22A5,
  0x22A5,0x22A5,0x22A5,0x22C6,0x2AC6,0x2285,0x22A5,0x22A5,0x22A5,0x22A5,0x22A5,0x2AC6,0x22C6,0x22A5,0x2AA6,0x22A5,
  0x22A5,0x22A5,0x2285,0x2285,0x2285,0x22A5,0x2285,0x2285,0x2285,0x22A5,0x22A5,0x22A5,0x22A5,0x22A5,0x22A5,0x22A5,
  0x2AC6,0x2AC6,0x2AC6,0x2AC6,0x22A5,0x22A5,0x22A5,0x22A5,0x2AC6,0x22A5,0x2285,0x2AA6,0x2AA6,0x2285,0x2AA6,0x2285,
  0x22A5,0x22A6,0x2AC6,0x2AC6,0x2AC6,0x2AC6,0x2AE6,0x2AE6,0x2AE6,0x2AC6,0x2AC6,0x2AE6,0x22E6,0x2AC6,0x22A6,0x22A5,
  0x22C5,0x2285,0x3306,0x3B47,0x8CEE,0xDED5,0x8CEE,0x9D6F,0x4B88,0xB5D2,0xD694,0x1A24,0x3B27,0xB591,0x4B07,0xD695,
  0x8CED,0x6409,0x7C4B,0x5BC9,0x53C8,0x4BA8,0x6C0A,0x6C0A,0xB590,0xF737,0xE6D6,0xB5B0,0xCE33,0x948C,0xC633,0x7C6C,
  0x5BA9,0x848C,0x6BEA,0x744B,0x5BEA,0xD695,0x84AC,0xC632,0xA54F,0xDE95,0xF758,0xBDD1,0x3AE6,0x740B,0x3B07,0x7C4B,
  0x2AC5,0x5368,0xD694,0x744A,0xDED6,0x5348,0x84AD,0x4348,0x1223,0xC632,0xC632,0x4327,0x9D4F,0x8CED,0xDE95,0x9D4F,
  0x3B26,0x32E6,0x2285,0x1A64,0x22A6,0x22C5,0x22A5,0x22A5,0x22A5,0x2AA5,0x2AE6,0x2AC6,0x2AC6,0x22A5,0x22A5,0x22A5,
  0x22A5,0x22A6,0x22A5,0x2285,0x2265,0x2265,0x2285,0x2A85,0x2285,0x22A5,0x2AC6,0x22A5,0x2AC6,0x2AC6,0x22A5,0x2AC6,
  0x2AC6,0x22A5,0x22A5,0x22A5,0x22A5,0x22A5,0x2AC6,0x22A5,0x22A5,0x22A5,0x22A5,0x22A5,0x22A5,0x22A5,0x22A5,0x2AC6,
  0x2AC6,0x2AC6,0x22A5,0x22A5,0x22A5,0x22A5,0x2AC6,0x2AC6,0x2AE6,0x2AA5,0x2AA5,0x22A5,0x22A5,0x22A5,0x2285,0x2285,
  0x2285,0x22A5,0x2285,0x2285,0x2265,0x22A5,0x2AC6,0x22A5,0x22A5,0x22A5,0x1A85,0x1A65,0x2285,0x22A5,0x2AC6,0x2AC6,
  0x2AC6,0x2AA5,0x1A64,0x1244,0x1A85,0x1A44,0x1A24,0x1A24,0x1A24,0x1A44,0x1224,0x1A24,0x1A44,0x1A84,0x1A64,0x1A65,
  0x22C5,0x22A5,0x22A5,0x22C5,0x22C5,0x2285,0x1A85,0x22A5,0x22C4,0x22C5,0x32E6,0x2AA5,0x84CD,0xD6D5,0xD6B4,0xF737,
  0xAD90,0x848C,0xB5B1,0xBDF1,0x6C2B,0x8CEE,0xF737,0x32C6,0x2265,0x1A43,0xA571,0xB5F2,0x952E,0xA54E,0x1223,0x7C4B,
  0x3347,0x53A9,0x6C2B,0x1A64,0xB590,0xDEF5,0xC632,0x9CCD,0xA54F,0xBD91,0x846C,0xDEF6,0x4307,0xA570,0xC5F2,0x2AA5,
  0xD6B5,0x94ED,0xADB1,0xA590,0x94AD,0xB5D1,0xD6D5,0xE6B4,0xA52D,0x6C09,0x746B,0x5BA9,0x1203,0xADB2,0xFF78,0x9D2E,
  0xA550,0xC633,0x1223,0x2285,0x2AA6,0xE6F6,0x9D2F,0x5BA9,0xB5D2,0xB5D1,0x848C,0x9D4F,0xEF37,0xD694,0xD6B5,0x950F,
  0x32C6,0x2B06,0x22A5,0x22A4,0x1A84,0x1A85,0x1A85,0x22A5,0x2285,0x2285,0x2285,0x2285,0x1A64,0x1A64,0x1A64,0x1A44,
  0x1203,0x1203,0x1203,0x1203,0x1A24,0x1A24,0x1A64,0x1A85,0x1A64,0x2285,0x22A5,0x2AC6,0x2AC6,0x2AC6,0x2285,0x2285,
  0x1A64,0x1A64,0x2AC6,0x22A5,0x22A5,0x22A5,0x22A5,0x22A5,0x2AC6,0x22A5,0x22A5,0x22A5,0x22A5,0x2AC6,0x2AA5,0x22A5,
  0x22A5,0x2AC6,0x2AC6,0x2AC6,0x22C5,0x22A5,0x2AC6,0x2285,0x22A5,0x22A5,0x2285,0x22A5,0x2285,0x2285,0x22A5,0x2285,
  0x2265,0x2AC6,0x22A5,0x2285,0x22A5,0x22A5,0x4388,0x4B68,0x3B47,0x3B27,0x22A5,0x1A64,0x1223,0x1A85,0x4368,0x640B,
  0x63EA,0x63EA,0x744C,0x84CD,0x84EE,0x952E,0x9D4F,0xA570,0xADB1,0xB5F2,0xADD1,0xB5F2,0x6C4C,0x22A4,0x4B88,0x4B68,
  0x4BA8,0x6C4B,0x746C,0x84AD,0x9D90,0x9D4F,0xAD90,0xAD70,0xB612,0xC632,0xE6F6,0xADB0,0x84AC,0xD674,0x9D2F,0xC5D1,
  0xA54F,0x5BE9,0xFF99,0x63EA,0x09E3,0x53A9,0xE6F6,0x744B,0xC633,0xD674,0x5BA9,0x742A,0xB5B0,0xA54F,0x6C2A,0x742A,
  0xD674,0xBDF1,0xBDF1,0xC632,0xB5B0,0xD632,0x9C8C,0xB5B1,0xB5D2,0x4327,0x4B68,0x952F,0xC633,0x7C6B,0xBE12,0xA590,
  0xBE11,0xB5F1,0xADB0,0xC633,0xB5D1,0x6C0A,0x3B06,0x2AA5,0x9D2F,0xE717,0xDED6,0xCE74,0x740B,0xDEB5,0x848D,0x01C2,
  0x4B88,0xFF98,0x6C2B,0x8CEE,0xC612,0x9D0E,0xD673,0x8CEE,0x9D4F,0xEF17,0xC612,0xBE12,0xADB1,0xA590,0xA570,0x9D4F,
  0x7CAD,0x746C,0x6C2B,0x4B88,0x4B88,0x4347,0x22A5,0x5BEA,0xBDF2,0xB5D1,0xB612,0xB5D1,0xA590,0x9D4F,0x8CEE,0x84CD,
  0x7CAD,0x744B,0x642B,0x642B,0x6C2B,0x4BA9,0x22A5,0x1A44,0x2285,0x1A64,0x3B07,0x3B27,0x4347,0x4B68,0x22A5,0x22C6,
  0x22A5,0x22A5,0x22A5,0x2AC6,0x22A5,0x22A5,0x22A5,0x2285,0x2AC6,0x2AC6,0x22A5,0x2285,0x22A5,0x2AC6,0x22A5,0x22A5,
  0x2AC6,0x22A5,0x2AC6,0x22A5,0x2285,0x2285,0x22A5,0x22A5,0x2285,0x2285,0x22A6,0x22C5,0x2285,0x22A5,0x22A5,0x2285,
  0x22A6,0x1AA5,0x5BA9,0xE716,0xEF17,0xE717,0x84AD,0x3326,0x8CEE,0x32E6,0x2AA5,0xB5F2,0xFF99,0xFFB9,0xFF99,0xFF79,
  0xF758,0xF758,0xF758,0xF759,0xFF79,0xFF79,0xFFB9,0xFFBA,0xEF38,0x9D6F,0xD674,0xBDD2,0xB5F2,0xADB1,0xADB0,0xA590,
  0x9D6F,0x9D4F,0xA570,0xA591,0xADB1,0xC633,0xB5F2,0x84AD,0xB612,0x2284,0x640A,0xCE94,0xC612,0x4347,0xE737,0xAD91,
  0x1A23,0xC633,0x8CED,0x7C8B,0x94EC,0xAD4C,0xA54C,0x8CCB,0xAD4C,0xA54C,0x94EC,0xA54D,0xAD0C,0xAD2C,0xAD2C,0xA50C,
  0xAD4C,0xAD2C,0x9CCC,0x744B,0xCE74,0x5C0B,0x3B26,0xD675,0x7C6C,0x8CCC,0x8CEC,0x952D,0x8CEC,0x950D,0x950D,0x8CCC,
  0x8CEC,0x8CCC,0x6C4A,0x84EC,0x950C,0x84AB,0x8CCB,0x84AB,0x7C6B,0x7C8C,0xCE74,0x2A85,0x8D0E,0xF778,0x4B47,0xADB1,
  0xD6B4,0x746C,0x2264,0xAD90,0x8CED,0xADB1,0xC653,0xADB0,0xADB1,0xA570,0x9D4F,0xA56F,0xA56F,0xA590,0xB5D1,0xADB1,
  0xBDD2,0xCE74,0xA54F,0xE6F7,0xFFBA,0xFF99,0xFF79,0xFF79,0xF758,0xF758,0xF758,0xF758,0xF758,0xF778,0xFFBA,0xFFBA,
  0xC634,0x32E6,0x32E5,0x8D0E,0x3B27,0x742B,0xE6F6,0xE716,0xEF37,0x6C2A,0x1A84,0x2AC6,0x22A5,0x22A5,0x22A5,0x2AC6,
  0x22A5,0x22A5,0x22A5,0x22A5,0x22A5,0x22C6,0x22C6,0x2AA5,0x22A5,0x2285,0x22A5,0x2AC6,0x2AE6,0x2AE6,0x22A5,0x22A5,
  0x22A5,0x22A5,0x22A5,0x2285,0x22A5,0x2285,0x22A6,0x22C6,0x22C6,0x22A5,0x22A5,0x2285,0x22A5,0x2AC6,0x1A64,0x4B68,
  0xDED7,0xFF79,0xFF79,0xB5B1,0xA570,0xD695,0x746C,0x1A23,0x3AC7,0x950F,0xD695,0xEF17,0xF738,0xF758,0xEF17,0xDEB6,
  0xCE74,0xBDF2,0xA590,0x952F,0x8CED,0x950E,0x8CED,0x950E,0xA570,0xADD1,0xBE13,0xC654,0xD695,0xDEB5,0xDEB5,0xDEB4,
  0xEF15,0xBDF3,0x32E5,0xA590,0xBE13,0x7CCD,0x9D2F,0xAD91,0xBDF2,0x53A9,0xA570,0xEF17,0x5BA9,0x9D50,0xC633,0xCE74,
  0xCE94,0xCE74,0xCE74,0xCE94,0xCE74,0xCE94,0xCEB4,0xCE74,0xCE74,0xCE74,0xCE74,0xCE74,0xCE54,0xC653,0xC674,0xC654,
  0xADB1,0x7CAD,0x746B,0xAD91,0xBE53,0xCE74,0xC654,0xC654,0xCE74,0xCE74,0xCE74,0xCE74,0xCE74,0xD694,0xDEB5,0xCE95,
  0xCE74,0xCE74,0xCE74,0xD694,0xCE74,0xC654,0xA571,0x640A,0xDED6,0xBDF2,0x4B67,0xB5D2,0xAD91,0x9D4F,0x7CAD,0xB5D2,
  0xADD1,0x2AE5,0xADB2,0xEEF6,0xE6B3,0xE6B5,0xDEB5,0xD695,0xCE54,0xBE13,0xAD90,0x9D2F,0x950E,0x8CEC,0x8CCD,0x8CED,
  0x952F,0xA5B0,0xB5F2,0xC654,0xDEB5,0xE6F7,0xF758,0xF758,0xEF38,0xD696,0x9D50,0x4B88,0x1223,0x63EB,0xD695,0xAD91,
  0xA570,0xF758,0xFF79,0xE717,0x5BCA,0x1223,0x2AC6,0x2AC6,0x22A5,0x2AC6,0x22A5,0x22A5,0x2AC6,0x2AC6,0x22A5,0x2AC6,
  0x22A5,0x22A5,0x22A5,0x2285,0x22A5,0x22A5,0x22A5,0x22A5,0x22C5,0x2B06,0x2AC6,0x2285,0x22A5,0x22A5,0x2285,0x2285,
  0x2285,0x2285,0x2285,0x22A5,0x22A5,0x22A5,0x22A5,0x22A5,0x22A5,0x22A5,0x2AE6,0x1A64,0x4348,0xADD1,0xD695,0xFF79,
  0xCE54,0x950F,0xBE13,0xC674,0x84AD,0x4B48,0x3B07,0x5BA9,0x744B,0x7C8D,0x7C6C,0x7C8C,0x8CEE,0x9D4F,0xAD91,0xBDF2,
  0xD675,0xDED6,0xE717,0xEF18,0xE6F7,0xD6D6,0xD6B5,0xCE94,0xD672,0xD651,0xCE30,0xD630,0xD651,0xC674,0xBE13,0x950E,
  0x7C8D,0x9D2F,0xA570,0x952F,0x9D4F,0x7C8C,0x4B88,0xFFDA,0x8CEE,0x2A85,0x4B48,0x4B87,0x3B06,0x4368,0x4368,0x4368,
  0x4347,0x4388,0x4368,0x4347,0x4347,0x4347,0x4347,0x4327,0x5389,0x6C2B,0x642A,0x642A,0x640A,0x2B06,0x2AC5,0x5BCA,
  0x6C4B,0x642B,0x640A,0x53A9,0x3B27,0x4327,0x3B27,0x3B27,0x4327,0x4327,0x3B07,0x4307,0x3B07,0x3B07,0x3B27,0x3AC6,
  0x4347,0x4348,0x2A86,0x7C8C,0xFFBA,0x63E9,0x744B,0xA5B0,0x954E,0x9D6F,0xA570,0x7C8D,0x8D0D,0xBE13,0xCE55,0xD651,
  0xD630,0xCE30,0xD631,0xD672,0xC673,0xCEB5,0xD6B5,0xE6F7,0xEF38,0xEF17,0xE6D6,0xD695,0xBE13,0xAD91,0x9530,0x84CD,
  0x848C,0x746B,0x7C6C,0x746B,0x5BA9,0x3B07,0x4B48,0x7C8D,0xC654,0xC634,0x950E,0xC633,0xFF99,0xD695,0xB5D2,0x5389,
  0x1223,0x2AC6,0x22A5,0x2AC6,0x22A5,0x22A5,0x22A5,0x22A5,0x22A5,0x2AC6,0x22A5,0x22A5,0x22A5,0x2AC6,0x22A5,0x22A5,
  0x2285,0x22A5,0x22A5,0x22A5,0x22C5,0x2AC5,0x22A5,0x22A5,0x2285,0x2285,0x2265,0x2285,0x22A5,0x2285,0x22A5,0x22A5,
  0x2285,0x22A5,0x22A5,0x22A5,0x22A5,0x2AC6,0x2AC6,0x2AC6,0x1A64,0x642B,0x8CCD,0x746B,0xADB1,0xD6B5,0xB5D2,0x9D2F,
  0xADB1,0xCE74,0xC654,0xBE13,0xB5F2,0xB5F3,0xB5D2,0xBE12,0xB612,0xBE12,0xD6B5,0xDED6,0xD695,0xC653,0xBE32,0xBE12,
  0xC632,0xC632,0xCE52,0xCE11,0xD631,0xE692,0xE6D4,0xE6D5,0xCE53,0xB5D2,0x9D50,0xE6F6,0xFF9A,0xCE74,0xB5D2,0xC634,
  0x9D4F,0xEF37,0x4327,0xB5D2,0xF779,0x3AE7,0x1203,0x952D,0x4B68,0x1264,0x22C6,0x1A85,0x2285,0x22C5,0x22E5,0x1A44,
  0x5BC9,0x3306,0x2285,0x1244,0x6C4B,0xCE94,0x8D2D,0x9D6F,0xADB1,0x3B87,0x3346,0x9D6F,0xA5B1,0x8D0E,0xBE13,0x954F,
  0x0A43,0x2AA5,0x22A5,0x640A,0x1A64,0x2285,0x2265,0x1A65,0x1244,0x2265,0x1203,0x32E6,0x952D,0x1A64,0x2A65,0xE738,
  0xC654,0x32E6,0xE717,0xA5B0,0xC654,0xB5D2,0xC633,0xF799,0xEF37,0xA570,0xB5D2,0xCE53,0xDED5,0xE6D4,0xDE92,0xD630,
  0xCE11,0xC631,0xC631,0xC631,0xBE12,0xBE12,0xC653,0xCE95,0xDEB6,0xD674,0xB5F2,0xB5F3,0xBE12,0xB5F1,0xB5D2,0xBDD2,
  0xBE13,0xC674,0xCE74,0xB5D2,0x9D4F,0xADB1,0xD695,0xB5D2,0x7C6C,0x84AD,0x744B,0x1A64,0x22A5,0x22A5,0x22A5,0x22A5,
  0x22A5,0x22A5,0x22A5,0x2AC6,0x22A5,0x2AC6,0x2AC6,0x2AC6,0x2AC6,0x22A5,0x2AC6,0x22A6,0x2285,0x22A6,0x2AC6,0x2AC6,
  0x2AC6,0x22A5,0x22A5,0x22A5,0x2285,0x2265,0x2265,0x2285,0x2285,0x2285,0x22A5,0x22A5,0x22A5,0x22A5,0x22A5,0x22A5,
  0x22A5,0x22A5,0x22C6,0x22A5,0x22A5,0x3B27,0xB612,0xE717,0xB5D2,0x950F,0x9D4F,0xBDF3,0xB5D3,0xAD91,0xA570,0xA550,
  0xA570,0xA570,0xADD2,0xB5D2,0xC654,0xD6B6,0xC633,0xBDF2,0xCE53,0xD693,0xD673,0xD652,0xBE10,0xBE31,0xCE74,0xDED6,
  0xE6F6,0xCE74,0xA570,0x952E,0xA590,0xCE54,0xE718,0xC674,0x952F,0x6C2B,0xE717,0xFFBB,0xCE95,0xBE13,0xBDD3,0x3B06,
  0xFF9A,0xCE75,0x11E3,0x744C,0xBE32,0x5BEA,0x22A5,0x4BE7,0x3B46,0x22E6,0x3326,0x1264,0x84AD,0x848D,0x1223,0x22E6,
  0x4347,0xADD2,0x84AD,0x742B,0x84CE,0x63C8,0x6408,0x84CD,0x744B,0x7C8C,0xA591,0x5BC9,0x22A5,0x1264,0x6C2B,0x952F,
  0x1A44,0x2AC6,0x2285,0x2AA5,0x4BA7,0x2244,0x5389,0xB5F2,0x7CAD,0x09E2,0xBE14,0xFFDA,0x4348,0xA571,0xCE74,0xC654,
  0xFFBA,0xEF58,0x744B,0x8CEE,0xC654,0xE717,0xD695,0xADB1,0x952F,0xA590,0xC654,0xE6F6,0xDED6,0xCE73,0xBE10,0xBE10,
  0xCE31,0xD672,0xD672,0xCE52,0xBDF2,0xBE33,0xCE95,0xC634,0xB5F2,0xADD1,0xA570,0xA570,0xA56F,0xA570,0xA5B0,0xBE13,
  0xBE13,0xA570,0x950E,0xADB1,0xE6F7,0xBE54,0x4347,0x2285,0x2265,0x22A5,0x2AC6,0x22A5,0x22A5,0x22A5,0x22A5,0x2AC6,
  0x22A5,0x2AC6,0x22A5,0x2AC5,0x2AC5,0x2AC5,0x22A5,0x22A5,0x22A5,0x22A5,0x22C5,0x22A5,0x22A5,0x22A5,0x2AC6,0x22A5,
  0x22A5,0x2285,0x2285,0x2285,0x2285,0x22A5,0x22A5,0x22A5,0x2AC6,0x22A5,0x22A5,0x22A5,0x22A5,0x2AC6,0x22A5,0x22A5,
  0x22A5,0x2285,0x1A64,0x8D0F,0xD695,0xD696,0xCE75,0xAD91,0x9D2F,0xBDF3,0xF77A,0xFFDB,0xF77A,0xF77A,0xD696,0xF759,
  0xF738,0xE6B4,0xF6F5,0xEF16,0xBE11,0xA5AF,0xB5D1,0xCE94,0xE717,0xE738,0xCE96,0xA570,0x8CEE,0x9D50,0xCE75,0xEF38,
  0xDED6,0x9D70,0x53A9,0x22A5,0x1A64,0x0A03,0xA590,0xFF7A,0xF759,0xADB1,0xE738,0x4367,0x746C,0xFFFC,0xA5B2,0x2A85,
  0xB5D2,0xCE95,0x53A9,0x7CAC,0x9D4F,0x32E6,0x22C5,0x1243,0x640B,0xEF38,0x4B68,0x1A64,0x1A85,0x7CAD,0xA591,0x6C4B,
  0x746C,0x63EA,0x744A,0x6C2B,0x7C8C,0x8CEE,0x954F,0x2265,0x1A64,0x3B26,0xEF18,0x746C,0x0A43,0x2284,0x2265,0x84EE,
  0x84EC,0x4307,0xC674,0xBE13,0x2A85,0x94EF,0xFFFC,0x8CEF,0x3AE6,0xE737,0xA5B1,0xEF59,0xF759,0xB613,0x1A64,0x1A64,
  0x22A5,0x53C9,0x9D50,0xDED7,0xF759,0xCE75,0xA570,0x8CEF,0xA570,0xC655,0xDF18,0xDF17,0xCE95,0xB612,0xADB0,0xBDF1,
  0xEEF5,0xF716,0xE6D5,0xEF38,0xF779,0xD675,0xF759,0xF77A,0xFFBB,0xF779,0xC633,0xA550,0xADB1,0xCE74,0xDED7,0xD6B6,
  0x9D70,0x2284,0x1A85,0x2AA5,0x2285,0x22A5,0x22A5,0x22A5,0x2AC6,0x2AC6,0x2AC6,0x2AC6,0x2AC6,0x2AC6,0x22A5,0x2AC5,
  0x2AC6,0x2AC5,0x2AC6,0x22A5,0x22A5,0x2285,0x2285,0x2AC6,0x22A5,0x2AC6,0x22A5,0x22A5,0x22A5,0x22A5,0x22A5,0x22A5,
  0x22A5,0x22A5,0x22A5,0x22A5,0x2AC6,0x2AC6,0x22A5,0x22A5,0x22A5,0x2AC6,0x22A5,0x22A5,0x22A5,0x22A5,0x22A5,0x1223,
  0x3B26,0x9D2F,0x94EE,0xADB1,0xBE33,0xADB1,0x84CD,0xA5B1,0xF77A,0xC634,0x0980,0xA54F,0xF737,0xF758,0xD6B6,0x9D71,
  0xC675,0xEF38,0xEF59,0xCE95,0xA570,0x8CCD,0x9D4F,0xCE75,0xF779,0xF779,0xB5F3,0x640A,0x2AA5,0x1224,0x1A64,0x2AE6,
  0x2AE6,0x1A64,0x5BEA,0xF79A,0xF77A,0xDED6,0x742B,0xBE33,0x32C5,0xAD71,0xFFFD,0x9D91,0x4B68,0xC674,0x952F,0x640B,
  0xC674,0xA5B1,0xBE34,0x9D71,0x3B26,0xF758,0xEF38,0x8D0F,0x22C5,0x1A85,0x1A44,0x9D70,0x53A9,0x7CAD,0x7C8C,0x5389,
  0x9D4F,0x2AA5,0x1A44,0x1A85,0x84CE,0xE759,0xFF7A,0x4347,0x8D0F,0xBE54,0x9D70,0xC674,0x6C4C,0x7C8C,0xCE95,0x5389,
  0x94EF,0xFFFC,0xB5F3,0x2A64,0xB633,0x748C,0xCE75,0xF77A,0xFF9A,0x748C,0x1A85,0x2AE6,0x2AC6,0x2285,0x1244,0x2AA5,
  0x63EA,0xADB2,0xEF59,0xF779,0xCE74,0x9D4F,0x84AD,0x9D4F,0xCE75,0xEF39,0xF779,0xC675,0x9D50,0xCE76,0xF758,0xEF17,
  0xC5D1,0x19E0,0xB5D2,0xF77A,0xB5F2,0x84AD,0xA591,0xBE34,0xADD1,0x952F,0xA54F,0x4B88,0x0A03,0x22A6,0x2AA6,0x2285,
  0x22A5,0x22A5,0x22A5,0x22A5,0x2AC6,0x2AC6,0x22A5,0x22A5,0x2AE6,0x2AC6,0x2AA6,0x2AC6,0x2AC6,0x2AA5,0x2AC6,0x2AC6,
  0x22A5,0x22A5,0x2285,0x2AC6,0x22A5,0x22A5,0x22A5,0x22A5,0x2285,0x2285,0x22A5,0x22A6,0x2285,0x22A5,0x22A5,0x2AC6,
  0x2AC6,0x22A5,0x22A5,0x22A5,0x22A5,0x22A5,0x22A5,0x22A5,0x2AC6,0x22A5,0x22A5,0x2AC6,0x2285,0xCE55,0xFF9A,0xD696,
  0xADB2,0xA550,0xCE96,0x8CCE,0x950F,0xF79A,0xB5D2,0xF759,0xE719,0xB5B2,0xB5F2,0xDEF7,0xCE75,0x9D4F,0x84AD,0x950E,
  0xC634,0xF79A,0xFFDB,0xCE96,0x7CCD,0x3B06,0x1A43,0x1A64,0x22C5,0x2AC5,0x2AA5,0x22C6,0x2AA5,0x22C6,0x2AA5,0xCE96,
  0xF79A,0x848D,0xB5F2,0xB591,0xBE34,0x2AA5,0xBE33,0xFFFD,0xBE13,0x6C2B,0xA591,0x4B88,0xD6D7,0xD696,0xB612,0xB5F2,
  0x4326,0xADD2,0xFFBB,0xFFBA,0xBDF3,0x22A5,0x3326,0x4347,0x4B68,0x9D8F,0x8CEE,0x6C2B,0x3307,0x4368,0x1A44,0xA591,
  0xFF9A,0xFFBB,0xBE33,0x3B05,0xADB1,0xB5D2,0xCE74,0xDF17,0x4368,0x9D50,0x6BEA,0xB5D3,0xFFFC,0xCE75,0x2244,0xB5D3,
  0xBDB2,0xC5F3,0x848D,0xEF59,0xDED7,0x32C6,0x2AC6,0x2AC5,0x2AC6,0x2AC6,0x2AC5,0x22C6,0x1A64,0x1A64,0x32A5,0x746C,
  0xC634,0xFFBA,0xFF9A,0xCE75,0x950F,0x84AC,0x950E,0xC634,0xDEF7,0xADD1,0xADB1,0xDEF8,0xFF7A,0xB5D2,0xF75A,0xAD91,
  0x84AD,0xCE96,0xADB1,0xADD2,0xCE95,0xF77A,0xDEB6,0x32C6,0x22A6,0x22A5,0x22A5,0x22A5,0x2AC6,0x22A5,0x22A5,0x22A5,
  0x22A5,0x22A5,0x22A5,0x2AC6,0x2AE6,0x2AC6,0x2AC6,0x2AA5,0x2AC6,0x2AE6,0x22A5,0x2AC6,0x22A5,0x22A6,0x2AA5,0x2AE6,
  0x22A5,0x2285,0x22A5,0x22A5,0x22A5,0x22A5,0x22A5,0x22A5,0x2285,0x2285,0x22A6,0x2AC6,0x22A5,0x22A5,0x2AC6,0x22A5,
  0x22A5,0x22A5,0x22A5,0x22A5,0x22A5,0x22A5,0x22A5,0x2AA6,0x1A64,0x4307,0xEF39,0xF77A,0xFFBB,0xCE75,0x9D50,0xAD92,
  0xB614,0xFF9B,0xFFBC,0xBE14,0xB5D2,0xB613,0x9D50,0x84AD,0x8D0F,0xBE54,0xEF39,0xFFFC,0xF759,0xADB1,0x53A9,0x22A4,
  0x1AA4,0x22C5,0x2AC6,0x2AC6,0x2AC6,0x22A5,0x22A5,0x22A5,0x22C6,0x22A5,0x0A03,0xADB2,0xB613,0xA570,0xB5D2,0xB5D2,
  0xEF38,0xA591,0x2A85,0xC634,0xFFFC,0xE718,0x952F,0x3B67,0x4BA8,0xADD2,0xE718,0xFFBB,0x746C,0x748B,0xBE13,0xE719,
  0xFFDC,0x84EE,0x1243,0x0A23,0x8CEF,0xB611,0x9D4F,0xA5B1,0x1244,0x1243,0x6C4B,0xFFBB,0xE718,0xBE13,0x7CAD,0x640A,
  0xFF9A,0xE718,0xB5D3,0x5389,0x32C5,0x8CEE,0xD6D7,0xFFFC,0xCE95,0x2A85,0x9510,0xEF38,0xBDF2,0xB5B1,0xB5F2,0xB5D2,
  0xBE34,0x1243,0x22A5,0x2AE6,0x2AE6,0x2AA6,0x22A5,0x2AC6,0x2AC6,0x2AC6,0x2285,0x1A64,0x1A64,0x4348,0x9D50,0xEF39,
  0xFFFD,0xF77A,0xBE54,0x950F,0x7C6C,0x9510,0xB5F3,0xB5D2,0xB613,0xFFBB,0xFF9B,0xCE75,0xA591,0xADB1,0xBE34,0xFFDC,
  0xF77A,0xF79A,0x5369,0x1A64,0x2AA5,0x22A5,0x22A5,0x2AC6,0x22A5,0x22A5,0x22A5,0x2AC6,0x2AC6,0x22A5,0x22A5,0x2AE6,
  0x2AE6,0x2B06,0x2AE5,0x2AC5,0x22A5,0x2AE6,0x22A5,0x22A5,0x2AC6,0x2AA6,0x2AA5,0x2AE6,0x2AC6,0x22C6,0x2285,0x22A5,
  0x22A5,0x22A5,0x22A5,0x22A5,0x22A5,0x22A6,0x22A5,0x22A5,0x22A5,0x22A5,0x2AC6,0x22A5,0x2285,0x2AC6,0x22A5,0x22A5,
  0x22A5,0x22A5,0x2285,0x2285,0x2AA6,0x1223,0x8CEE,0xF77A,0xF77A,0xAD91,0xBE13,0x8CAD,0xF79B,0xEF59,0xAD92,0xC654,
  0x954F,0x640A,0xB5D2,0xEF59,0xFFDB,0xFFDC,0xEF39,0x9D70,0x4347,0x1A64,0x1A84,0x2AE6,0x2B06,0x2AC6,0x2AC6,0x2AC6,
  0x22A5,0x22A5,0x22A5,0x2AA5,0x22A5,0x32A6,0xADB2,0xFFDC,0x94EE,0xADB2,0x4328,0x7C8D,0xAD70,0xD654,0x8CEE,0x2264,
  0xADD3,0xFFDC,0xFF9B,0xE718,0x9D71,0x5BE9,0x3B47,0x9530,0x954F,0xAD91,0xE738,0xA591,0xE718,0xF79A,0x4B88,0x1A84,
  0xCE75,0xB612,0x9D6F,0xDED6,0x2AA6,0x3B48,0xE759,0xF75A,0xA591,0xDED7,0xADF3,0x8CEE,0x9D71,0x3AE6,0x5368,0x9530,
  0xE6F8,0xFF9B,0xFFDC,0xBE14,0x2284,0x748C,0xCE55,0xAD71,0x84AD,0x3B06,0xADD2,0x950F,0xFF9B,0xB613,0x32C6,0x22A5,
  0x2AE6,0x22A5,0x22A5,0x22A5,0x22A5,0x2285,0x22A5,0x2AC6,0x22C5,0x1A85,0x1264,0x3306,0x8CEE,0xE718,0xFFFD,0xFFDC,
  0xEF5A,0xB5F3,0x6C0B,0x8D0F,0xCE95,0xADB2,0xE739,0xFFBB,0x8D0E,0xBE35,0xA591,0xF75A,0xFF9A,0x9D70,0x1203,0x2AC6,
  0x22A5,0x22A5,0x22A5,0x2AC6,0x2AC6,0x2AC6,0x22A5,0x2AC6,0x2AC6,0x22A5,0x22A5,0x22C5,0x2B06,0x2AE6,0x2AE6,0x2AC6,
  0x22A5,0x2AC6,0x22A5,0x2AA6,0x22A5,0x22A5,0x2AA6,0x2AC6,0x22A5,0x2AE6,0x22A5,0x22A5,0x2285,0x2285,0x22A5,0x22A5,
  0x2285,0x22A5,0x22A5,0x2AC6,0x22A5,0x22A5,0x22A5,0x2AC6,0x22A5,0x22A5,0x22A5,0x22A5,0x22A5,0x2285,0x22A5,0x2285,
  0x2285,0x2265,0x3B07,0xF779,0xCE76,0xA571,0x9D2F,0xBE13,0xFFBB,0xA571,0xCE96,0x5BAA,0x5BC9,0xEF59,0xFFFC,0xF7BB,
  0xCE96,0x84AE,0x3B27,0x1A84,0x22A5,0x2AC6,0x2AE6,0x2AC6,0x2AC6,0x2AC5,0x2AE5,0x2AC5,0x22A5,0x22A5,0x22A6,0x1A65,
  0x32E6,0xDF17,0xF77A,0xE6F7,0x950F,0xBE13,0x5BAA,0xB5F2,0xB5D2,0x84CD,0xC655,0xCE96,0x2A84,0x7CAD,0xEF38,0xF75A,
  0xFFFC,0xFFFC,0xE738,0x642B,0x2264,0xBE33,0xFFBB,0xDEF8,0x8D0E,0xBE12,0x84AD,0x53A9,0xEF59,0xBDF3,0xB633,0xEF38,
  0x6C2C,0x6C4B,0xC654,0x8D0E,0xD6D7,0xFFBB,0xCE75,0x2264,0x5BAA,0xDEF7,0xFFFC,0xFFFC,0xF77A,0xEF39,0x8CEF,0x2264,
  0xBE14,0xD6B6,0x848D,0xADB1,0xBDF3,0x5BCA,0xB5F2,0x954F,0xDEB6,0xF759,0xEF39,0x4347,0x1A84,0x2AA5,0x22A5,0x22A5,
  0x2285,0x22A5,0x22A5,0x22A5,0x2AA5,0x2AC6,0x2AE6,0x22C5,0x1223,0x3306,0x84AD,0xC675,0xF77A,0xFFFC,0xFF9B,0x6C2B,
  0x5388,0xCE96,0xA591,0xF77A,0xD696,0x952F,0xADD2,0xC634,0xFFDC,0x4B68,0x1A64,0x22A6,0x22A6,0x2285,0x22A5,0x22A5,
  0x2AC6,0x22A5,0x22A5,0x2AC6,0x2AC6,0x2AC6,0x2AC6,0x22A5,0x2AE6,0x2AC6,0x2AC6,0x22A5,0x2AC6,0x2AE6,0x2AC6,0x2AA5,
  0x22A5,0x22A5,0x2AC6,0x2AC6,0x22A5,0x22A5,0x22A5,0x2285,0x22A5,0x22A5,0x2285,0x2285,0x22A5,0x22A5,0x22A5,0x22A5,
  0x22A5,0x22A5,0x22A5,0x22A5,0x22A5,0x22A5,0x22A5,0x22A5,0x22A5,0x22A5,0x22A5,0x2285,0x2285,0x2A85,0x2244,0xCE75,
  0xA571,0xBE34,0x848D,0xFFDB,0xA571,0xC675,0x5348,0x53AA,0xFFFD,0xEF59,0xADB2,0x640B,0x2AA5,0x1244,0x1A84,0x2AE6,
  0x2AC6,0x2285,0x2AC6,0x2AE6,0x2AC6,0x22C5,0x2AE5,0x2AE6,0x22A5,0x22C6,0x1A84,0x3B06,0x9D4F,0xC634,0xA571,0xB612,
  0x4B88,0x9D70,0x952F,0x952E,0xAD92,0xDEF8,0xA5B2,0xD6D7,0xDEF8,0x32E5,0xBE13,0xFF9A,0xA5B1,0x84EE,0xA591,0xFF9A,
  0x6C4C,0x5BE9,0xFFDB,0xDED7,0xBE33,0xDED7,0x4B87,0xC655,0xEF59,0x8D0E,0x952E,0xE718,0xD697,0x4326,0xCE96,0xC634,
  0xCE95,0xFFFC,0x6C2B,0x5BEA,0xFFBB,0xADB2,0x84CE,0x9D50,0xF759,0xCE75,0x2284,0xCE96,0xDF18,0xA591,0xDED7,0xAD91,
  0x950F,0x9530,0xA570,0x5388,0xADD1,0xADB1,0xC634,0xADB1,0x4327,0x1A44,0x22A5,0x22A5,0x2285,0x22A5,0x22A5,0x22A5,
  0x22A5,0x22A5,0x2AC6,0x22C6,0x2285,0x22A5,0x1A84,0x22A4,0x5BCA,0x9D71,0xEF18,0xFFFE,0x6C4B,0x3B27,0xCEB5,0x9D71,
  0xFFDB,0x950E,0xBE34,0x9D71,0xD696,0x32A6,0x2285,0x22A5,0x22A6,0x2285,0x2285,0x22A5,0x22A5,0x22A5,0x2AC6,0x22A5,
  0x22A5,0x2AC6,0x22A5,0x2AC6,0x2AC6,0x2AC6,0x2AC6,0x2AC6,0x2AE6,0x2AC6,0x2AC6,0x2285,0x22A5,0x22A5,0x22A5,0x2AC6,
  0x22A5,0x22A5,0x22A5,0x22A5,0x22A5,0x22A5,0x22A5,0x22A5,0x22A5,0x22A5,0x22A5,0x22A5,0x22A5,0x22A5,0x2285,0x22A5,
  0x22A5,0x22A5,0x22A5,0x22A5,0x22A5,0x22A5,0x2285,0x2285,0x2285,0x2285,0x1A65,0x5BA9,0xD6B6,0x8CAE,0xD6D7,0xCE75,
  0xBE13,0x7C8D,0x2A85,0xD696,0x8CEF,0x3B47,0x1A44,0x1A64,0x22A5,0x2AA5,0x2285,0x2AC6,0x2AC6,0x22A5,0x2AC6,0x2AC6,
  0x2AC6,0x2AC5,0x2B06,0x2AE6,0x2285,0x22A4,0x748C,0xBE13,0xA570,0xA591,0xE717,0x9D70,0x8CEE,0xB5D2,0xC655,0xD696,
  0xC675,0xFFBC,0xEF59,0x746B,0xF77A,0x6C2B,0xDEF8,0xA570,0xADB2,0xC674,0xADD2,0x6C4B,0xDEF7,0x3B06,0x84AE,0xD6B6,
  0xDED6,0x8CEF,0x7CAD,0xFFDC,0xC634,0x644A,0x6449,0xB5F2,0xFFFC,0x8CCF,0x746D,0xDEF7,0xCE74,0xA551,0x2AC5,0xDEF7,
  0x7C6D,0xA591,0xC675,0xADB1,0x9D0F,0xE717,0x63EA,0xF759,0x746C,0xDEF8,0xFFDC,0xCE75,0xD696,0xC655,0xB5F2,0x952F,
  0x950F,0xE738,0xADB2,0xA570,0xB613,0x7CAD,0x22C5,0x1A85,0x22A6,0x22A5,0x22A5,0x2285,0x22A5,0x22A5,0x22A5,0x22A5,
  0x22A5,0x2AE6,0x2AE6,0x2AC5,0x22C5,0x1AA4,0x3AE6,0x7CCD,0xD6D6,0x4327,0x6C2B,0xC654,0xC634,0xE719,0x84AD,0xDED7,
  0x6BEA,0x2265,0x2285,0x2285,0x22A5,0x22A5,0x22A5,0x22A5,0x22A5,0x22A5,0x22A5,0x22A5,0x2AE6,0x2AE6,0x22A5,0x22A5,
  0x2AC6,0x2AC6,0x2AC6,0x2AC6,0x2AC6,0x2AC6,0x2AC6,0x22A5,0x22A5,0x22A5,0x22A5,0x22A5,0x22A5,0x22A5,0x22A5,0x22A5,
  0x22A5,0x22A5,0x2285,0x22A5,0x22A5,0x2285,0x22A5,0x22A5,0x22A5,0x22A5,0x22A5,0x22A5,0x22A5,0x22A5,0x22A5,0x22A5,
  0x22A5,0x2285,0x2265,0x2265,0x2285,0x22A5,0x1A44,0x63EA,0xBE34,0x8CEF,0xFFDC,0x6C4B,0x5BC9,0x1A44,0x3B27,0x2AA5,
  0x1244,0x1A85,0x2AA6,0x22A5,0x2AC6,0x22A5,0x22A5,0x22A5,0x2AC6,0x2AA5,0x2AE6,0x2AC6,0x2AC6,0x2AC6,0x22E5,0x22A4,
  0x4B48,0xA591,0xBE12,0x9D0F,0xC675,0xCEB4,0xCE11,0xEF17,0xCE75,0xD695,0xF77A,0xF79A,0x8CCE,0x8CCE,0xA592,0xADB2,
  0xE718,0x5BE9,0xD6B6,0x954F,0xB5F3,0xA570,0xC634,0xB5F3,0xA570,0x84AD,0x63C9,0xADB1,0xA5D2,0x5BC9,0xEF59,0xFF9B,
  0x8D0E,0xADD1,0xADF2,0x8CCE,0xF759,0xFF9A,0x63EA,0xA590,0xADD1,0x6C2B,0x748C,0xA5B1,0xA5B1,0xCE96,0x9D50,0xB5D2,
  0x8CEE,0xCE74,0x6BEA,0xC676,0xBE34,0x9D70,0x9530,0x744C,0xF79A,0xEF59,0xDEB6,0xC655,0xF737,0xCE10,0xCE73,0xCE95,
  0x9530,0xADB1,0xADD2,0x53A8,0x1A64,0x2285,0x2285,0x22A5,0x2AC6,0x22A6,0x2285,0x22A5,0x2AC6,0x2AE5,0x22E5,0x2AC5,
  0x2B06,0x2AE6,0x22A5,0x1264,0x2AC6,0x4348,0x1A64,0x5BEA,0x6C0A,0xFF9A,0x9D50,0xADF2,0x744C,0x1244,0x2AA5,0x2265,
  0x22A5,0x22A5,0x22A5,0x22A5,0x22A5,0x22A5,0x22A5,0x2AC6,0x2AC6,0x2AE6,0x2AC6,0x22A5,0x22A5,0x2AC6,0x2AC6,0x22A5,
  0x2AC6,0x22A5,0x2285,0x2AC6,0x2AA6,0x22A5,0x22A5,0x22A5,0x22A5,0x22A5,0x22A5,0x22A5,0x22A5,0x22A5,0x22A5,0x2285,
  0x22A5,0x22A5,0x22A5,0x22A5,0x22A5,0x22A5,0x22A5,0x22A5,0x22A5,0x2AC6,0x22A5,0x2AC6,0x22A5,0x22A5,0x2285,0x2285,
  0x22A5,0x2285,0x2285,0x22A5,0x742B,0xFFBB,0xBE13,0x1A44,0x1A64,0x22A5,0x2265,0x2265,0x22A6,0x2AC6,0x22A5,0x22A5,
  0x22A5,0x2AC6,0x2AC6,0x2AA5,0x22A5,0x2AE6,0x2AE6,0x1A85,0x1A64,0x22C5,0x3326,0x84AD,0xC654,0x9D50,0xA591,0xDEF7,
  0xC674,0xCE31,0xEEF5,0xBE13,0xA591,0xEF39,0x4327,0x6C2B,0xFFFC,0x7CAD,0x63C9,0xF77A,0x640B,0x5BC9,0xDED5,0x7CAD,
  0xA5B1,0x8D0E,0x8D0E,0xBE13,0x9D90,0x84ED,0xADD2,0x9D6F,0x3305,0xBE13,0xFFBB,0xB5D2,0xA591,0xCEB5,0xC674,0xB5B2,
  0xA591,0xFFDB,0xC654,0x32E5,0x84ED,0xBE13,0x8CEE,0x9D71,0xBE13,0x8CEE,0x950F,0x9D50,0x748B,0xCE95,0x742B,0x4B88,
  0xF79A,0x744C,0x6C2B,0xFFFC,0x7C8D,0x32A5,0xE717,0xB5D2,0xB5D2,0xEED5,0xCE51,0xC652,0xDEF7,0xADB2,0x950F,0xC674,
  0x8CCE,0x32C6,0x2284,0x1223,0x1A44,0x2285,0x22A5,0x2AC6,0x2AC6,0x2AE6,0x22C5,0x2AC5,0x2AE6,0x2AE6,0x2AE6,0x2AE6,
  0x22C6,0x1AA5,0x2AC6,0x1A85,0x1243,0xA591,0xFFFB,0x84AD,0x2AC5,0x22A5,0x2285,0x2285,0x2285,0x22A5,0x22A5,0x22A5,
  0x22A5,0x2AC6,0x2AC6,0x2AC6,0x2AC6,0x22C6,0x2AA5,0x22A5,0x2AC6,0x2AC5,0x2AC5,0x2AC5,0x2AC6,0x22A5,0x22A5,0x2AC6,
  0x22A5,0x22A5,0x2285,0x22C5,0x2285,0x22A5,0x22A5,0x22A5,0x22A5,0x2285,0x22A5,0x2285,0x22A5,0x22A5,0x22A5,0x2AC6,
  0x22A5,0x22A5,0x22A5,0x22A5,0x22A5,0x22A5,0x22A5,0x22A5,0x22A5,0x22A5,0x22A5,0x2285,0x22A5,0x22A5,0x22A5,0x2285,
  0x9D70,0x84CE,0x32A5,0x2285,0x2AA6,0x2285,0x2285,0x2285,0x2285,0x22C5,0x22A5,0x22A5,0x2285,0x22C5,0x22C6,0x2AC6,
  0x2AE6,0x1A85,0x2285,0x5BEA,0x9D70,0x6C4B,0xC654,0xB5F2,0x84CD,0xCE54,0xDEF7,0xBE11,0xCE52,0xE6B5,0xC654,0x9D51,
  0xF77A,0x4B88,0x1A64,0x1A43,0x742B,0xFFBA,0xF778,0xA571,0x9D50,0x5BA9,0xDEF7,0xE718,0x7CAC,0x954F,0x8CEE,0xB5F2,
  0x9D4F,0x8CEE,0x9D70,0x954F,0x4B88,0xF759,0xE717,0x84AD,0xF759,0xBE53,0xB612,0xF759,0x84CD,0xDED7,0xFF9A,0x5388,
  0x84ED,0xADB0,0x84CD,0x9D70,0xBE12,0x8CEE,0x9D70,0x744B,0xE6D7,0xE718,0x53C9,0x9D71,0x9D4F,0xF77A,0xFFBB,0x8CCF,
  0x1A44,0x1A44,0x4327,0xF759,0xADB1,0xBE13,0xD6D5,0xCE32,0xBDF0,0xD6D6,0xD6B5,0x84AD,0xADB1,0xCE74,0x640A,0x9530,
  0x63CA,0x2244,0x1A24,0x2AC6,0x2AC6,0x2AC6,0x22A5,0x2AC6,0x2AC6,0x2AE6,0x2AE5,0x2AE6,0x2AC6,0x2AA5,0x22A5,0x2AC6,
  0x22A5,0x2AC5,0x7C8C,0xA5B1,0x2AC5,0x1A85,0x2285,0x2285,0x2285,0x2265,0x22A5,0x22A5,0x22A5,0x2AC6,0x2AC6,0x2AC6,
  0x22C6,0x22C6,0x2285,0x22A5,0x2AC6,0x2AC5,0x2AE5,0x2AC5,0x2AC6,0x22A5,0x22A5,0x2AC6,0x22A5,0x22A5,0x2285,0x2AE6,
  0x2285,0x22A5,0x2285,0x2285,0x2285,0x2285,0x22A5,0x2285,0x22A6,0x2285,0x22A5,0x2AC6,0x22A5,0x22A5,0x2AA6,0x2AC6,
  0x2AC6,0x22A5,0x22A5,0x2AC6,0x22A5,0x22A5,0x22A5,0x2265,0x2285,0x22A5,0x2285,0x2AA6,0x2AA5,0x1203,0x2245,0x2285,
  0x2285,0x2285,0x2285,0x2285,0x2285,0x22A5,0x22A5,0x22A5,0x22A5,0x22C5,0x2AC6,0x1A85,0x1A84,0x5BEA,0xC654,0xEF59,
  0xFFDB,0xE6F7,0x84CD,0x9D2F,0xEF38,0xC675,0xBDF1,0xCE51,0xCEB4,0xCE74,0x9D0F,0xFF79,0x640B,0x1244,0x2AC6,0x22A5,
  0x1203,0x742B,0xF759,0x7C8D,0xFF9A,0x744B,0x9D30,0xFFFC,0xC633,0x952E,0xC654,0x9D70,0xA590,0x744C,0x9D70,0xBE33,
  0x9D50,0xFFBB,0xADB1,0xADD2,0xE6F7,0x7CAC,0x7CCD,0xD695,0xBE13,0xA570,0xFFDB,0xA570,0xB5F1,0xA5B0,0x640A,0xADB1,
  0x8CEE,0xCE75,0x8CCE,0xB5F2,0xFFFC,0xA5D1,0x63CA,0xFFBA,0x7C8C,0xEF38,0x7C8D,0x1203,0x2AE6,0x2AA6,0x1A44,0x5389,
  0xF779,0x9D50,0xBE34,0xCE95,0xCE31,0xC611,0xC654,0xEF39,0x9D2F,0x7C6C,0xDED6,0xFFDB,0xF758,0xC654,0x640B,0x2284,
  0x1AA5,0x2AE6,0x22A6,0x22C6,0x22A5,0x2AC6,0x2AC6,0x2AC6,0x2AC6,0x2AC6,0x2AC6,0x22A5,0x22A6,0x2285,0x1223,0x2285,
  0x2AC6,0x2285,0x2285,0x2285,0x2285,0x2285,0x2285,0x22A5,0x2AC6,0x22A5,0x2AC6,0x2AE6,0x2AE6,0x2AC6,0x2AA6,0x2AC6,
  0x22A5,0x2AC6,0x2AC6,0x2AC5,0x2AC6,0x2AC6,0x2AC6,0x2AC6,0x2AA5,0x22A5,0x2285,0x2AE6,0x2285,0x2285,0x2AA6,0x2265,
  0x2265,0x22A5,0x22A6,0x22A5,0x22A5,0x2265,0x22A5,0x22A5,0x22A5,0x2285,0x2265,0x22A5,0x2AC6,0x22A5,0x22A5,0x22A5,
  0x2AC6,0x22A5,0x22A5,0x2285,0x2285,0x2285,0x2265,0x2265,0x2286,0x2AA6,0x2285,0x2285,0x2285,0x2265,0x2285,0x22A5,
  0x22A5,0x22A5,0x22A5,0x22A5,0x22A5,0x1A85,0x1A63,0x4BA9,0xB5F3,0xEF58,0xFF79,0xF799,0xAD91,0x6C2A,0xC633,0xF779,
  0xB612,0xCE32,0xC632,0xCE94,0xCE95,0x8CAE,0xFF99,0x7C8D,0x1223,0x2AC6,0x22A5,0x22A5,0x1A64,0x5BA9,0xDED6,0x950E,
  0xEF38,0x8D2F,0x2A85,0x84ED,0xC654,0xC654,0x952F,0x84CD,0xADD2,0x4326,0xC653,0x84CE,0xC613,0xFF9A,0x8CCE,0xD6B6,
  0x950E,0xA570,0xADB0,0x8CED,0xDED6,0x8CCD,0xFF79,0xCE75,0x7C8C,0xC673,0x4B66,0xADB1,0x8CCD,0x84CD,0xC634,0xC654,
  0x8D0E,0x2AA5,0x7CAD,0xE718,0x8D0E,0xD6B5,0x6C0B,0x1A44,0x2AA5,0x22A5,0x2AC6,0x1244,0x6C0B,0xFF99,0x94EE,0xC654,
  0xCEB5,0xC612,0xCE53,0xADD2,0xF759,0xCE74,0x740B,0x9D50,0xF759,0xFF79,0xF758,0xBE33,0x5C09,0x1AA4,0x1AA5,0x2AC6,
  0x2AA5,0x2AC6,0x2AC6,0x2AC6,0x2AC6,0x2AC6,0x22C6,0x22A5,0x22A5,0x22A5,0x2AC6,0x2285,0x2285,0x22A5,0x2285,0x22A6,
  0x2285,0x22A5,0x22A5,0x2285,0x22A5,0x22A5,0x2AC5,0x2AE5,0x2AE5,0x2AC6,0x2AC6,0x2AC6,0x22A5,0x2AC6,0x2AC6,0x22A5,
  0x2AC6,0x2AC6,0x2AC6,0x22A5,0x2AC6,0x2AC6,0x22A5,0x2AC6,0x22A5,0x22A5,0x2285,0x2285,0x2265,0x22A5,0x22A6,0x22A5,
  0x2265,0x2285,0x2285,0x22A5,0x22A5,0x2285,0x2285,0x2285,0x22A5,0x2285,0x22A5,0x2AA6,0x22A5,0x22A5,0x2285,0x22A5,
  0x2285,0x2285,0x2285,0x2AA6,0x22A5,0x2265,0x2285,0x2285,0x2265,0x2265,0x2285,0x2285,0x22A5,0x22A6,0x22A5,0x1A85,
  0x1223,0x4327,0xA590,0xEF38,0xF759,0xFF79,0xDED6,0x7CAD,0x8D0F,0xEF18,0xDED6,0xADD1,0xDE73,0xBDD0,0xCE95,0xD6B6,
  0x7C8C,0xF758,0x952F,0x1244,0x22A5,0x2285,0x22A5,0x2AC6,0x1224,0x8CEE,0xF737,0x640A,0x63EA,0x9D70,0xD6B6,0xA590,
  0x84AC,0x7C8C,0x956F,0xC634,0x32E6,0x4BA7,0x640A,0x4367,0xF738,0xDED7,0x8CED,0xDEB6,0x7CCD,0x9D2E,0xA56F,0x7C8C,
  0xD675,0x952E,0xD675,0xFF78,0x53C9,0x5BC9,0x5409,0x22A5,0xB5F3,0x9D70,0x7C6B,0x7C8C,0x9D50,0xCE95,0xADB1,0x63EA,
  0x5BC9,0xE716,0x9D70,0x1244,0x2AC6,0x22A5,0x22A5,0x2AE6,0x1264,0x84CE,0xFFBA,0x84AD,0xCE54,0xCE75,0xB5D0,0xDE93,
  0xAD91,0xD6D6,0xEF38,0x950E,0x746B,0xD675,0xF779,0xF738,0xEF37,0xADB1,0x4B88,0x1A64,0x1A64,0x2AA6,0x22C5,0x2AC6,
  0x22A5,0x2AC6,0x22A5,0x22A5,0x22A5,0x2285,0x2265,0x2285,0x22A5,0x2285,0x2285,0x22A6,0x22A5,0x22A5,0x22A5,0x22A5,
  0x2AC6,0x22A5,0x22A5,0x2AE6,0x2AC5,0x2AC6,0x2AC6,0x2AC6,0x22A5,0x2AC6,0x2AC6,0x2AC6,0x2AC6,0x2AC6,0x2AC6,0x22A5,
  0x22A5,0x22A5,0x2285,0x22A5,0x2285,0x22A5,0x22A5,0x22A5,0x2285,0x2285,0x22A6,0x2285,0x2244,0x2265,0x2285,0x22A5,
  0x22A5,0x2285,0x22A5,0x2285,0x22A5,0x2285,0x2285,0x2285,0x22A5,0x22A5,0x2285,0x2285,0x2285,0x2265,0x2265,0x2285,
  0x22A5,0x2285,0x2285,0x2265,0x2265,0x2285,0x2265,0x2285,0x2285,0x2285,0x22A5,0x4B68,0xAD91,0xF779,0xFFBA,0xFF79,
  0xEF37,0xAD90,0x744B,0xADB1,0xB5F2,0xADD1,0xB5D2,0xE6B4,0xB5D0,0xC654,0xDED6,0x746C,0xEF58,0xB5D2,0x1A64,0x22C6,
  0x22A5,0x22A5,0x22A5,0x22A5,0x22A5,0x94EE,0xC653,0x5388,0xB612,0xBE12,0xCE53,0x848D,0x9D70,0x954F,0x74AC,0x2AC5,
  0x2285,0x2AC6,0x1223,0x9D6F,0xFF9A,0xBE13,0xA590,0xCE74,0x744A,0xBDF1,0xCE74,0x746B,0xC613,0xB5D1,0xB5D1,0xFFB9,
  0xADD1,0x1243,0x2AE6,0x22A5,0x2285,0x6C2B,0x952F,0x9D70,0x84AD,0xC613,0xC612,0xBE13,0x5388,0xBE33,0xA54F,0x2AA5,
  0x22A5,0x22A5,0x22A5,0x2AC6,0x2AC6,0x1A44,0xA571,0xF799,0x742B,0xD695,0xD695,0xAD6F,0xE694,0xB5D2,0xAD91,0xB5D1,
  0xADD1,0x6C4B,0x9D2F,0xEF37,0xFF79,0xFF9A,0xFF78,0xADB1,0x5388,0x2AA5,0x2AC6,0x2AC6,0x22A5,0x22A5,0x22A5,0x22A5,
  0x2285,0x2285,0x1A44,0x2285,0x22A5,0x2285,0x2285,0x2285,0x22A5,0x22A5,0x22A5,0x22A5,0x22A5,0x2285,0x2285,0x2AC6,
  0x22A5,0x2AC6,0x2AC6,0x2AC6,0x2AC6,0x22A5,0x2AC6,0x2AC6,0x22A5,0x2AC6,0x2AC6,0x22A5,0x22A5,0x22A5,0x22A5,0x22A5,
  0x22A5,0x22A5,0x22A5,0x22A5,0x22A5,0x2AC6,0x22A5,0x2285,0x2285,0x2265,0x2265,0x22A5,0x22A5,0x22A5,0x2AA6,0x22A5,
  0x22A5,0x2285,0x2285,0x2285,0x22A5,0x2285,0x22A6,0x2285,0x2285,0x2285,0x2265,0x2265,0x2285,0x22A5,0x2285,0x2265,
  0x2265,0x2285,0x2AA5,0x1A65,0x1A44,0x2265,0x1A43,0x5C0A,0xAD91,0xADB1,0x9D70,0x8CED,0x744B,0x8CEE,0xB5F2,0x9D2F,
  0xC654,0xDED5,0xEED4,0xB5D1,0xBE13,0xE6F6,0x740A,0xDEF7,0xD695,0x2AA5,0x22C6,0x22A5,0x22A5,0x22A5,0x22A5,0x1A64,
  0x5C0A,0xB5D1,0xC633,0xC632,0xC653,0xB5D1,0x8CEE,0x01A2,0x1A44,0x1A84,0x1A65,0x2AC5,0x2AE6,0x1264,0x4347,0xE6D6,
  0xF758,0x9D4F,0xCE74,0x9D70,0x744B,0xCE53,0xDEB5,0x7C8B,0x950E,0xDEB5,0x952E,0xF738,0xEF17,0x53C9,0x1264,0x2AE6,
  0x22A5,0x1A44,0x1244,0x1A44,0x01E2,0x7C8C,0xB5D1,0xBE12,0xCE31,0xC654,0xADF1,0x6C4B,0x1A85,0x2AC6,0x2AC6,0x22A5,
  0x2A85,0x22C5,0x1A84,0xC633,0xEF37,0x6C0A,0xD6B5,0xC654,0xAD70,0xEED4,0xE6D5,0xCE75,0x9D2F,0xADD2,0x950E,0x742B,
  0x84ED,0xA590,0xADB1,0xAD70,0x6C4B,0x1A64,0x2285,0x22A5,0x2285,0x2AC6,0x22C5,0x22A5,0x2285,0x2265,0x2265,0x2285,
  0x22A5,0x22A5,0x2285,0x2265,0x2285,0x22A5,0x22A5,0x22A5,0x22A5,0x22A5,0x22A5,0x22A5,0x22A5,0x22A5,0x22A5,0x22A5,
  0x2AC6,0x2AC6,0x22A5,0x22A5,0x2AC6,0x2AC6,0x22A5,0x22A5,0x22A5,0x22A5,0x22A5,0x2285,0x22A5,0x22A5,0x22A5,0x22A5,
  0x2285,0x2AC6,0x22C6,0x22A6,0x2265,0x2285,0x2265,0x2265,0x2285,0x22A5,0x22A5,0x22A5,0x22A5,0x2285,0x22A5,0x22A6,
  0x22A5,0x22A6,0x22A5,0x22A5,0x2285,0x2285,0x2285,0x2265,0x2265,0x2265,0x2285,0x2265,0x2285,0x1A65,0x1223,0x4327,
  0x3B06,0x32E6,0x9D50,0x7C6C,0x5BE9,0x5BC9,0x6C2B,0x8CEE,0xADB1,0xA570,0xA570,0xD696,0xD673,0xE693,0xDEB6,0xA571,
  0xE716,0x6C2A,0xD675,0xF738,0x4347,0x1A64,0x2AC6,0x22A5,0x22A5,0x2AA5,0x22A5,0x2285,0xA570,0xAD91,0xDE72,0xE6D4,
  0xADB0,0xC632,0x6C0B,0x1A44,0x2AC6,0x2AE6,0x2AC6,0x22A5,0x1244,0x4327,0xCE94,0xF738,0xD6B5,0x8CED,0xE6F6,0x7C8C,
  0x950E,0xAD90,0xAD70,0x950E,0x746C,0xE6F6,0x94EE,0xCE53,0xF759,0xD6B5,0x4B69,0x1244,0x22A6,0x2AC6,0x2AC6,0x2AC6,
  0x1A85,0x5BA9,0xCE53,0xA56F,0xE6B3,0xDEB3,0xA591,0xAD90,0x2AC5,0x2AE6,0x2AC6,0x22A5,0x22A5,0x2AC6,0x22A5,0x32E6,
  0xE6D6,0xDEB6,0x63EA,0xDEF6,0xADB1,0xCE74,0xE6B4,0xD674,0xD694,0xAD90,0x9D50,0xA591,0x8D0E,0x6C4B,0x63C9,0x5BC9,
  0x744B,0x9D2F,0x4326,0x32E6,0x4B68,0x1243,0x1A85,0x22A6,0x2285,0x2285,0x2285,0x2285,0x22A5,0x22A5,0x2285,0x2285,
  0x22A6,0x2285,0x2285,0x22A5,0x22A5,0x22A5,0x22A5,0x22A5,0x22A5,0x2AC6,0x22A5,0x22A5,0x2AE6,0x22A5,0x22A5,0x22A5,
  0x2AC6,0x22A5,0x22A5,0x22A5,0x22A5,0x22A5,0x22A5,0x22A5,0x2AC6,0x22A5,0x22A5,0x22A5,0x2285,0x22A5,0x22C6,0x22A6,
  0x2285,0x2285,0x2285,0x2265,0x2265,0x22A5,0x2AC6,0x22A5,0x22A5,0x22A5,0x2285,0x2285,0x2285,0x22A6,0x2285,0x2285,
  0x2285,0x2285,0x2285,0x2265,0x2285,0x2285,0x2285,0x2285,0x2265,0x4327,0xAD90,0xEF37,0xE6D6,0xC612,0xB5B0,0xB5D1,
  0xB5D1,0xB5F0,0xADD0,0xADB0,0xADB1,0xD695,0xFF98,0x740B,0x2AA4,0xF737,0xA590,0xC633,0x6C4A,0xBE32,0xFF98,0x7C8C,
  0x1A64,0x2AC6,0x22A5,0x22A5,0x2AC6,0x2AA5,0x1A64,0x63EA,0xAD70,0xB5F2,0xDE71,0xE693,0x9D4F,0xD673,0x4327,0x1A65,
  0x22A5,0x2285,0x1A85,0x2285,0x744B,0xE6F7,0xEF17,0xEF37,0x8CCE,0xC633,0xB5D1,0x6C4B,0xB5B0,0x742A,0x63C9,0xB5B0,
  0x744B,0xA56F,0xCE74,0x848C,0xEF37,0xF717,0xEEF6,0x848D,0x2AA5,0x1A44,0x2285,0x22A5,0x22A5,0x32E6,0xCE73,0x950E,
  0xDE92,0xDE51,0xC5F2,0xAD70,0x744A,0x1A85,0x2AC6,0x22A5,0x22A5,0x22A5,0x2AC6,0x1244,0x640A,0xFF78,0xCE74,0x6C0A,
  0xBE33,0x9D50,0xF758,0x3B06,0x53C9,0xFF78,0xD6B5,0xADB1,0xAD90,0xADB1,0xB5F1,0xB5F1,0xB5D1,0xB5D0,0xBE12,0xDED5,
  0xF757,0xB5F1,0x4B88,0x22A5,0x2285,0x2285,0x2285,0x2265,0x22A5,0x22A5,0x2285,0x2285,0x22A5,0x2285,0x22A5,0x22A5,
  0x22A5,0x22A5,0x22A5,0x22A5,0x2285,0x22A5,0x2AC6,0x2AC6,0x2AC6,0x22A5,0x22A5,0x22A5,0x2AC6,0x22A5,0x22A5,0x22A5,
  0x2AC6,0x2AC6,0x22A5,0x22A5,0x22A5,0x22A5,0x22A5,0x22A5,0x22A5,0x22A5,0x22A5,0x22A5,0x2285,0x2265,0x2285,0x22A6,
  0x2285,0x22A5,0x22A5,0x22A5,0x22A5,0x22C6,0x2285,0x2285,0x2285,0x2285,0x2265,0x2285,0x22A5,0x2285,0x2285,0x2285,
  0x22A5,0x2285,0x22A5,0x2285,0x2265,0x32C6,0x7C6C,0xB5B1,0xE6D6,0xDED6,0xC633,0xB5D1,0xA590,0xA590,0xA5B0,0xBE32,
  0xDEB5,0xD694,0xE6F6,0xCE54,0xBE12,0xC612,0xA590,0x744B,0xADB1,0xFF79,0xADB0,0x2284,0x2AE6,0x2AE6,0x22A5,0x22A5,
  0x2AC5,0x2AC6,0x2AE5,0xA590,0x8CEE,0xD673,0xD610,0xD652,0x952E,0xC653,0x2264,0x2285,0x22A5,0x3AE6,0x746C,0xC653,
  0xEF17,0xE6D6,0xEF17,0xADB1,0x9D0E,0xF778,0xADB0,0x746C,0xBDD2,0x9D0F,0x8CED,0xBDF1,0x84AC,0x9D6F,0xFF58,0xA54F,
  0xA550,0xEF17,0xE6D6,0xEF37,0xCE53,0x7C6C,0x3B27,0x22A5,0x2AA5,0x2244,0xC612,0x9D4E,0xCE11,0xD610,0xD693,0x952F,
  0xADB0,0x3306,0x22C5,0x22A5,0x22A5,0x22A5,0x22A5,0x2AA6,0x1A44,0x9D2F,0xFF99,0xBE13,0x640A,0xA570,0xB5D1,0xC633,
  0xC612,0xEEF7,0xD695,0xD6B4,0xC632,0xADB0,0xA570,0xA590,0xB5D1,0xC633,0xDEB5,0xE6F6,0xBDF2,0x7C8D,0x3B27,0x22A5,
  0x22A5,0x2285,0x22A5,0x2285,0x2285,0x22A5,0x22A5,0x22A5,0x2285,0x2265,0x22A5,0x22A5,0x2285,0x22A5,0x22A5,0x22A5,
  0x22A5,0x22A5,0x22A5,0x2AC6,0x22A5,0x22A5,0x22A5,0x22A5,0x22A5,0x22A5,0x22A5,0x22A5,0x22A5,0x22A5,0x22A5,0x22A5,
  0x22A5,0x22A5,0x22A5,0x22A5,0x22A5,0x2285,0x22A5,0x22A5,0x2285,0x2285,0x2285,0x22A5,0x2244,0x22A5,0x22A5,0x22A5,
  0x22A5,0x22A5,0x2285,0x2265,0x2285,0x2285,0x2285,0x2285,0x22A5,0x22A5,0x2265,0x2285,0x22A5,0x2285,0x22A5,0x2285,
  0x2285,0x1A65,0x1203,0x2224,0x3B27,0x746B,0x9D4F,0xAD90,0xB5F1,0xB5F1,0xADB0,0xA590,0x9D90,0x9D8F,0x950E,0xEF17,
  0xEF16,0xA570,0x7C8C,0x7C8C,0xFF99,0xCE53,0x32E6,0x22E6,0x2AE6,0x22C5,0x22A5,0x22A5,0x2AC6,0x1244,0x7C8C,0xA54F,
  0xAD90,0xDE93,0xCE50,0xBDF1,0x9D4F,0xB5D1,0x1223,0x2285,0x22A5,0x6C6A,0x950E,0x954E,0x84ED,0x84CC,0x84CD,0x5BC8,
  0xBDF1,0xF737,0xEF17,0xAD90,0x84AD,0xA54F,0xAD90,0x94ED,0xA591,0xEEF6,0xF717,0xBE12,0x5BE9,0x84AD,0x7C8C,0x84CD,
  0x950E,0x9D4F,0x7CAB,0x22C5,0x2AA5,0x1224,0xA56F,0xADB0,0xB5B0,0xDE51,0xC652,0xADB0,0x9D2F,0x8CEE,0x1244,0x2285,
  0x22A5,0x22A5,0x22A5,0x22A5,0x22A5,0x2264,0xBDF2,0xFF98,0x8CCE,0x746B,0x9D2E,0xE716,0xEF17,0x9D2F,0x9D4F,0x9D70,
  0xA590,0xADB0,0xB5D1,0xB5D1,0xB5B0,0xA56F,0x7C8C,0x4327,0x1A44,0x1224,0x1A65,0x2AA5,0x22A5,0x22A5,0x22A6,0x2285,
  0x2285,0x22A5,0x22A5,0x22A5,0x22A5,0x2285,0x2285,0x22A5,0x22A5,0x22A5,0x22A5,0x22A5,0x22A5,0x22A5,0x22A5,0x22A6,
  0x22A5,0x22A5,0x22A5,0x22A5,0x22A5,0x22A5,0x22A5,0x22A5,0x22A5,0x22A5,0x22A5,0x2AC6,0x22A5,0x22A5,0x2285,0x22A5,
  0x22A5,0x2285,0x22A6,0x22A5,0x2285,0x2285,0x2285,0x2285,0x2285,0x2285,0x2285,0x22A5,0x22A5,0x22A5,0x2285,0x2285,
  0x22A5,0x22A5,0x22A5,0x22A5,0x22A5,0x2285,0x2285,0x2285,0x2265,0x2285,0x22A6,0x22A5,0x2285,0x22A5,0x22A5,0x22A6,
  0x1A85,0x3B06,0x7C4B,0xB5D1,0xADB0,0x9D4F,0x9D4F,0xA590,0x9D4F,0xA54F,0x9D6F,0xD694,0xCE53,0x9D4F,0x4B88,0xBE11,
  0xEF16,0x4347,0x22A5,0x3326,0x22C5,0x2AA6,0x22A5,0x22C6,0x2285,0x9D4F,0xCE73,0x7C6C,0xDE94,0xCE10,0xCE72,0xA570,
  0xBDD1,0x9D2F,0x1A44,0x2285,0x2285,0x32A6,0x4B47,0x8CED,0xC653,0xEF16,0xEEF6,0xDEB5,0x950E,0x84AC,0xCE74,0xF737,
  0xB5D1,0x9D0E,0x9D2E,0xB5B1,0xF737,0xD694,0x8CCD,0x950E,0xD674,0xE6F6,0xEF16,0xC653,0x8D0E,0x53A9,0x32E6,0x2285,
  0x2AC6,0x1224,0x84AD,0xC633,0x9D2F,0xD693,0xBDF0,0xD673,0x7C8C,0xC633,0xADB1,0x2285,0x22A5,0x22A5,0x22A5,0x22A5,
  0x2AC6,0x2285,0x32E6,0xDEB5,0xD694,0x4B68,0xA56F,0xC633,0xDED6,0x9D6F,0xA58F,0x9D4F,0xA590,0x9D4F,0xA56F,0xA590,
  0xB5F2,0x7CCD,0x4347,0x2265,0x2285,0x2285,0x22A5,0x2285,0x2285,0x22A6,0x22A5,0x2285,0x22A5,0x22A5,0x2285,0x2285,
  0x2285,0x2285,0x22A5,0x22A5,0x22A5,0x22A5,0x22A5,0x22A5,0x22A5,0x22A5,0x2285,0x2285,0x22A5,0x22C6,0x2AA6,0x2285,
  0x22A5,0x22A5,0x22A5,0x2285,0x2285,0x22A5,0x22A5,0x22A5,0x22A5,0x22A5,0x22A5,0x22A5,0x2285,0x2285,0x22A5,0x22A5,
  0x2265,0x2265,0x2285,0x22A5,0x22A5,0x2265,0x2285,0x22A5,0x22A6,0x22A5,0x2285,0x22A5,0x22A6,0x22A5,0x22A5,0x22A5,
  0x22A5,0x22A5,0x2285,0x2285,0x2265,0x2285,0x22A5,0x22A5,0x22A5,0x22A5,0x22A5,0x22A5,0x2AC5,0x2285,0x1244,0x1A44,
  0x2264,0x8CEE,0xEF17,0xEEF6,0xEEF6,0x9D4F,0x950D,0xD674,0xBE12,0x950E,0x4347,0xE6F5,0x6C4B,0x1A85,0x2AE6,0x2AE6,
  0x2AE6,0x2285,0x2AA6,0x1A44,0x7C8C,0xFF98,0x9D2F,0x9D6F,0xCE73,0xBDD0,0xC652,0x8CCD,0xD674,0x846C,0x1224,0x2AA6,
  0x22A6,0x2265,0x1224,0x2AC5,0x5BE9,0x744B,0xBE12,0xEF16,0xF716,0xBE12,0x6C0A,0xAD91,0xFF98,0x9D2F,0x8D0D,0xFF98,
  0xBDD1,0x84AD,0xC612,0xF716,0xEF36,0xBE12,0x7C6C,0x5BC9,0x3306,0x1244,0x2285,0x22A5,0x22A5,0x1A24,0x6C0A,0xDEB4,
  0x8CCD,0xCE53,0xBDF0,0xCE52,0xAD90,0x8CAE,0xFF98,0x8CEE,0x1A64,0x2AE6,0x22A5,0x22A5,0x22A5,0x22A5,0x1A44,0x5388,
  0xEF15,0x4B68,0x8CED,0xBDD0,0xDEB4,0x952D,0x950D,0xE6D6,0xE6D6,0xEF17,0x9D4F,0x2285,0x1A44,0x1244,0x22A5,0x2AA5,
  0x2285,0x2285,0x22A5,0x22A5,0x2285,0x22A6,0x22A5,0x2285,0x2285,0x22A5,0x2285,0x2265,0x2285,0x2285,0x2285,0x2285,
  0x2AC6,0x22A5,0x22A5,0x22A5,0x22A5,0x2285,0x2285,0x22A5,0x22A5,0x22C5,0x2AA5,0x2285,0x22C5,0x22A5,0x2AC6,0x2AC6,
  0x22A5,0x2285,0x22A5,0x22A5,0x22A5,0x22A5,0x2285,0x2285,0x22A5,0x2285,0x2285,0x2285,0x2285,0x22A5,0x2285,0x22A5,
  0x2285,0x2285,0x22A5,0x22A5,0x2AC6,0x22A5,0x2285,0x22A5,0x22A5,0x22A5,0x2AA6,0x2285,0x2285,0x22A5,0x22A5,0x2285,
  0x2285,0x22A5,0x2285,0x2285,0x2285,0x22A5,0x22A5,0x22A5,0x22A5,0x2285,0x2AC5,0x2AC6,0x2AC6,0x1A65,0x6409,0xD693,
  0xEEF6,0xADAF,0x94ED,0xC632,0xB5D0,0x84CD,0x4348,0x84ED,0x1A85,0x2AE6,0x2AE5,0x2AE6,0x2B06,0x2AC5,0x2265,0x3B07,
  0xDED5,0xDEB3,0x6C0A,0xBDF1,0xBE11,0xC5F0,0xC611,0x848C,0xEEF6,0x63EA,0x1224,0x2AA6,0x2285,0x2285,0x2285,0x2AC5,
  0x8CED,0xCE73,0x9D2E,0x9D0F,0xDE94,0xF716,0xDEB5,0x744B,0xA54F,0xB5F0,0xADB0,0xB5B2,0x8CCD,0xDED5,0xF716,0xDEB4,
  0x950E,0x8CEE,0xCE73,0xA570,0x2AE6,0x22A5,0x2AC5,0x22A5,0x22A5,0x1A44,0x5B89,0xEF15,0x7C8C,0xC612,0xBDF0,0xC611,
  0xBE12,0x6C2B,0xCE53,0xEF16,0x4B68,0x1AA5,0x2AC6,0x22A5,0x22A5,0x2285,0x2AA5,0x1244,0x7C8C,0x4BA8,0x7CAC,0xB5F1,
  0xCE53,0x952E,0x9D4E,0xEED5,0xDED5,0x6C4B,0x1A85,0x22A5,0x2AC6,0x2AA5,0x22C5,0x22A5,0x2285,0x2285,0x2285,0x2285,
  0x2285,0x22A5,0x22A6,0x22A6,0x2285,0x2285,0x2285,0x2285,0x2285,0x2265,0x2265,0x22A5,0x2AE6,0x2AC6,0x22A5,0x22A5,
  0x22A5,0x22A5,0x22A5,0x2285,0x22A5,0x22A5,0x22A5,0x2285,0x22A5,0x22A5,0x22A5,0x22A5,0x22A5,0x22A5,0x22A5,0x22A5,
  0x22A5,0x22A5,0x2265,0x2285,0x22A5,0x22A5,0x22A5,0x2285,0x22A6,0x22A5,0x2285,0x22A5,0x22A5,0x22A5,0x22A5,0x22A5,
  0x22A5,0x22A5,0x22A5,0x2AC6,0x22A5,0x2285,0x2265,0x2285,0x22A6,0x2285,0x22A5,0x22A5,0x22A5,0x2285,0x22A5,0x22A5,
  0x22A5,0x2285,0x2285,0x2AA5,0x22A5,0x2285,0x22A5,0x22A5,0x2AC6,0x2AE6,0x1A84,0x4327,0xD694,0xADD1,0x950D,0xC612,
  0xBDF1,0x8CED,0x22A5,0x22A5,0x2AC6,0x22A5,0x2AE6,0x2B06,0x2B06,0x2AE6,0x2264,0xA56F,0xFF76,0x94ED,0x748C,0xBE32,
  0xF715,0xCE52,0xA58E,0x8CCD,0xF736,0x4348,0x1A64,0x2A86,0x2285,0x2285,0x2265,0x1A65,0x2264,0x5C09,0xA590,0xD673,
  0x84AC,0xBDF1,0xEEF5,0xEED5,0x8CCD,0x642A,0x7C4B,0x9D4F,0xE6D5,0xEEF5,0xC632,0x6C0B,0xC612,0xB5F1,0x642A,0x2AA5,
  0x1A85,0x2285,0x2AC6,0x22A5,0x22A5,0x1A85,0x32E6,0xEEF5,0x9D0E,0xA56F,0xC631,0xF715,0xBE32,0x7C8C,0x846B,0xFF77,
  0xB5B1,0x2284,0x22C5,0x22A5,0x22A5,0x22A5,0x2285,0x22A5,0x2AE6,0x22A4,0x7CCD,0xB5B0,0xC612,0x9D2E,0xA58E,0xDEB4,
  0x4B89,0x1264,0x22C6,0x2AA6,0x22A5,0x22A5,0x22A5,0x22A5,0x2285,0x22A5,0x2265,0x2285,0x22A5,0x22A5,0x22A5,0x2285,
  0x22A5,0x22A5,0x2265,0x2285,0x2285,0x2285,0x2285,0x2AC6,0x2AE6,0x22A5,0x2AC6,0x2AC6,0x22A5,0x22A5,0x22A5,0x22A5,
  0x22A5,0x22A5,0x22A5,0x2285,0x2285,0x22A5,0x22A5,0x22A5,0x22A5,0x22A5,0x2285,0x22A5,0x22A5,0x22A5,0x2265,0x2285,
  0x22A5,0x22A5,0x22A5,0x22A5,0x22A5,0x22A5,0x2285,0x2285,0x22A5,0x22A5,0x2285,0x22A5,0x22A5,0x22A5,0x22A5,0x22A5,
  0x22A5,0x2285,0x2265,0x2285,0x22A5,0x22A5,0x2285,0x22A5,0x22A5,0x22A5,0x22A5,0x22A5,0x22A5,0x2285,0x2285,0x22A5,
  0x22A5,0x2285,0x22A5,0x22A5,0x2AC6,0x22A5,0x2AC6,0x1264,0x4B48,0x9D2F,0xA54D,0xBDF1,0xAD8F,0x2AE6,0x22C6,0x2AC6,
  0x2AE6,0x2AC6,0x2AC6,0x2AE6,0x2AE6,0x1A64,0x63EA,0xFF77,0xAD90,0x53A9,0xA5B0,0xA56F,0x63E9,0xBE11,0x7C8B,0x9D2D,
  0xE6B4,0x2AC5,0x2285,0x22A5,0x22A5,0x2285,0x2265,0x6C4B,0x8CEE,0x952E,0x6C0A,0x8CCD,0xE6B3,0x6C0A,0xAD90,0xF6F5,
  0xEF15,0x6C4B,0x63EA,0xF736,0xE6B4,0xBDD0,0x5368,0xD653,0xAD8F,0x53A8,0x9D2F,0x8D0E,0x7CAD,0x2AC6,0x2285,0x22A5,
  0x22A5,0x2285,0x2284,0xD673,0xA56F,0x748B,0xC631,0x740B,0x9D0E,0xAD8F,0x5389,0x9D4F,0xFF97,0x744B,0x1A44,0x2AC6,
  0x22A5,0x22A5,0x2285,0x2285,0x2AE6,0x22C5,0x2AC6,0x9D2D,0xC612,0xA58F,0xA54E,0x53A9,0x1A84,0x2AC6,0x2AC6,0x22C6,
  0x22A5,0x2285,0x2285,0x2285,0x2285,0x2285,0x2285,0x2285,0x22A5,0x2285,0x2285,0x2285,0x22A5,0x2285,0x2285,0x22A5,
  0x22A5,0x22A5,0x22A5,0x22A5,0x2AC6,0x2AC6,0x2AC6,0x22A5,0x22A5,0x22A5,0x2AC6,0x22A5,0x22A5,0x22A5,0x22A5,0x2285,
  0x2285,0x2285,0x22A5,0x22A5,0x22A5,0x2AC6,0x2285,0x22A5,0x22A5,0x2285,0x2265,0x2285,0x2285,0x22A5,0x22A5,0x22A5,
  0x22A5,0x22A5,0x22A5,0x2AC6,0x22A5,0x22A5,0x22A5,0x22A5,0x2AC6,0x22A5,0x22A5,0x22A5,0x2285,0x2285,0x2285,0x2285,
  0x22A5,0x2285,0x2285,0x2265,0x2285,0x22A5,0x22A5,0x2285,0x22A5,0x22A5,0x2285,0x22C5,0x22A5,0x22A5,0x22A5,0x2285,
  0x22A5,0x22A5,0x22A5,0x2AE6,0x1A64,0x3B06,0xAD8F,0xB5D0,0xB5D0,0x1A65,0x2AC6,0x2AA5,0x2AC6,0x2AC6,0x2AE6,0x22C6,
  0x22C6,0x3B06,0xC632,0x8CCD,0x4B68,0x9D2E,0xBE11,0xAD6F,0x42E6,0xBDD0,0x7C8B,0x8CCC,0xC632,0x1A44,0x22A5,0x22A5,
  0x22A5,0x1224,0x742A,0xB5D1,0xA58F,0x9D4E,0xADB0,0x6C2A,0xDEB3,0x9D2E,0x2284,0xB5B0,0xEED4,0xE6D5,0x7C6B,0xB5D0,
  0xCE12,0x2264,0x744B,0xEF14,0x6C0A,0xA56F,0xA56E,0xA5B0,0xADD0,0x8CAD,0x1A64,0x2AC6,0x22A5,0x22A5,0x1A44,0xB5F0,
  0x9D2E,0x6C4A,0xBE10,0x4B47,0x9D0D,0xC5F1,0x9D2E,0x5388,0x7C8C,0xCE73,0x4347,0x1A85,0x22A5,0x22A5,0x22A5,0x22A5,
  0x2AC5,0x2B06,0x1A84,0xA58F,0xC632,0xAD8F,0x4B68,0x1A84,0x2AE5,0x22A5,0x2AC6,0x22A5,0x22A5,0x2285,0x2285,0x2285,
  0x2285,0x2265,0x2285,0x2285,0x2265,0x2265,0x2285,0x2265,0x2285,0x2285,0x22A5,0x22A5,0x22A5,0x22A5,0x22A5,0x2AC6,
  0x2AC6,0x2AC6,0x22A5,0x22A5,0x22A5,0x22A5,0x22A5,0x22A5,0x2285,0x22A5,0x22A5,0x22A5,0x2265,0x2285,0x22A5,0x22A5,
  0x2AC6,0x22A5,0x22A5,0x22A5,0x2285,0x2285,0x2285,0x2265,0x2285,0x22A5,0x22A5,0x22A5,0x22A5,0x22A5,0x2AC6,0x22A5,
  0x22A5,0x22A5,0x22A5,0x2AC6,0x2AC6,0x22A5,0x22A5,0x22A5,0x22A5,0x22A5,0x2285,0x2285,0x22A5,0x2285,0x2285,0x2285,
  0x2285,0x22A5,0x22A5,0x22A5,0x22A5,0x2285,0x2285,0x22C6,0x22A5,0x22A5,0x22A5,0x22A5,0x22A5,0x22A5,0x22C6,0x22C5,
  0x22A5,0x22A5,0x3306,0xB5CF,0x84AC,0x2285,0x2AC6,0x2AC5,0x2AE6,0x2AC6,0x22C6,0x2AE6,0x22A5,0x3B47,0x5BA9,0x640A,
  0xA58F,0xB5D1,0xE693,0xDE53,0xEEF4,0xC651,0x84AC,0x6C0A,0xA58E,0x1224,0x22A5,0x22A5,0x22A5,0x2265,0xBDF0,0xA58E,
  0x9D4F,0x954D,0x952D,0x8CEC,0xAD6E,0xC611,0x84AC,0x1263,0xB5B0,0xEED3,0xD652,0x63E9,0x22A5,0x5BC9,0xBE10,0xA56F,
  0x8CCC,0x950C,0x952D,0xA54E,0x952D,0xD673,0x3B07,0x2285,0x22A5,0x2AC5,0x1244,0x9D4E,0x7C6B,0x748B,0xCE11,0xF6F5,
  0xD652,0xDEB3,0xBDD0,0xA56E,0x6C4A,0x5BA8,0x3B27,0x22A5,0x22A5,0x22A5,0x2AC6,0x2AC6,0x22A5,0x2AC6,0x22A5,0x748B,
  0xC631,0x4347,0x2AE6,0x2AC6,0x2AC5,0x2AC6,0x2AC6,0x22A5,0x22A5,0x2285,0x2265,0x2265,0x2285,0x2265,0x2285,0x2285,
  0x2285,0x2285,0x2285,0x2285,0x2265,0x2285,0x2285,0x2285,0x2285,0x22A5,0x2285,0x2AC6,0x22A5,0x22A5,0x2AC6,0x2AC6,
  0x22A5,0x22A5,0x22A5,0x22A5,0x22A5,0x22A5,0x22A5,0x22A5,0x2285,0x22A5,0x22A5,0x22A5,0x2285,0x22A5,0x22A5,0x22A5,
  0x2285,0x2285,0x2265,0x2265,0x2285,0x22A5,0x22A5,0x22A5,0x22A5,0x22A5,0x22A5,0x22A5,0x22A5,0x22A5,0x22A5,0x22A5,
  0x2AC6,0x22A5,0x22A5,0x22A5,0x22A5,0x22A6,0x22A5,0x2285,0x2265,0x2285,0x2285,0x22A5,0x22A5,0x2285,0x2285,0x22A5,
  0x22A5,0x2285,0x22A5,0x22A5,0x2285,0x2AC6,0x22A5,0x22A5,0x22A5,0x22A5,0x2AC6,0x22A5,0x2285,0x22A5,0x1A65,0x63E9,
  0x2265,0x22A5,0x2AC6,0x2AE6,0x2AE5,0x2AE5,0x2B06,0x2AE6,0x1A64,0x6C4A,0xA56E,0xB5D0,0xADB0,0xB5AF,0xA54E,0x8CED,
  0xB58F,0xD672,0x9D2D,0x5388,0x63E9,0x1A65,0x2285,0x22A6,0x1245,0x5BC9,0xE6B2,0xC5F0,0x950D,0x952D,0xB5AF,0x7C6B,
  0xA58E,0xD652,0x3B06,0x32E6,0x7C4B,0xBDF1,0xEEB3,0xBDF0,0x2285,0x2285,0xBDAF,0xB610,0x7C6B,0xAD6F,0x950D,0x950C,
  0xB58E,0xF6F4,0x848C,0x1A64,0x2AC6,0x22A6,0x1A64,0x63E9,0x5BA8,0x954D,0xD652,0xBDD1,0x8CCD,0x9D2E,0xAD6E,0xAD8F,
  0xB5D0,0xA56E,0x6C4A,0x1A64,0x22A5,0x2AA5,0x2AC6,0x2AC6,0x2285,0x2AC6,0x22E6,0x22C5,0x5BE9,0x22C5,0x2AC6,0x2AC6,
  0x22A5,0x2AC6,0x2AC6,0x22A5,0x22A5,0x2285,0x2285,0x2265,0x2265,0x2265,0x2265,0x2285,0x22A5,0x2285,0x2285,0x2285,
  0x2285,0x2265,0x2285,0x22A5,0x22A5,0x22A5,0x22A5,0x22A5,0x22A5,0x2AC6,0x22A5,0x2AC6,0x22A5,0x22A5,0x22A5,0x22A5,
  0x2AC6,0x22A5,0x22A5,0x22A5,0x22A5,0x22A5,0x22A5,0x22A5,0x22A5,0x22A5,0x22A5,0x22A5,0x2285,0x2285,0x2265,0x2285,
  0x22A5,0x22A5,0x22A5,0x22A5,0x22A5,0x2AC6,0x22A5,0x22A5,0x22A5,0x22A5,0x22A5,0x2AC6,0x2AC6,0x22A5,0x22A5,0x22A5,
  0x22A5,0x22A5,0x22A5,0x22A5,0x2265,0x2285,0x2285,0x2285,0x2285,0x2285,0x22A6,0x22A5,0x22A5,0x22A5,0x22A5,0x22A5,
  0x22A5,0x22A5,0x22A5,0x22A5,0x22A5,0x2285,0x22A5,0x22A5,0x22A5,0x22C5,0x22A5,0x1A85,0x22A5,0x2AC6,0x2AC6,0x2AC6,
  0x2B06,0x2AE6,0x22C5,0x2AE5,0x6C4A,0xB5AE,0xC5F0,0x9D4E,0x9D2D,0xA56E,0xAD8F,0xAD8E,0x8CCD,0xC5F0,0xB5AF,0x848C,
  0x1A44,0x22A5,0x2285,0x22A5,0x1A44,0xB58F,0x7C4B,0x8C6A,0xAD6D,0xD651,0x9D2D,0x6429,0xC611,0x6C2A,0x1244,0xB5B0,
  0xD672,0x7C6B,0xD651,0xEED4,0xA52E,0x0A03,0x5388,0xC611,0x7C8C,0x848B,0xDE71,0xAD6D,0x94CB,0x6BC9,0xBDF0,0x2AC6,
  0x2285,0x22A5,0x22A5,0x1A64,0x746B,0xAD8E,0xC611,0x8CED,0xA54E,0xA54E,0xA54E,0x9D4D,0x9D0D,0xBDEF,0xB5CF,0x6C2A,
  0x2AA5,0x22A5,0x2AA6,0x2AC6,0x22A5,0x2AC6,0x2AE6,0x2AC6,0x22C5,0x2AE6,0x2AA6,0x2AC6,0x22A5,0x22A5,0x2AC6,0x22A5,
  0x2285,0x2AA6,0x2285,0x2285,0x2265,0x2285,0x2285,0x22A5,0x22A5,0x2285,0x2285,0x2285,0x2285,0x2285,0x22A5,0x22A5,
  0x22A5,0x22A5,0x2AC6,0x22A5,0x22A5,0x22A5,0x22A5,0x22A5,0x22A5,0x2AC6,0x22A5,0x2AC6,0x22A5,0x2AC6,0x2AC6,0x22A5,
  0x22A5,0x22A5,0x22A5,0x2285,0x2285,0x22A5,0x2285,0x22A5,0x2265,0x2285,0x2265,0x2285,0x22A5,0x22A5,0x2AE6,0x22A5,
  0x2AA5,0x2AC6,0x22A5,0x22A5,0x22A5,0x22A5,0x22A5,0x2AC6,0x22A5,0x22A5,0x2285,0x22A5,0x22A5,0x22A5,0x22A5,0x2285,
  0x2285,0x2285,0x22A5,0x2285,0x2265,0x2AA6,0x22A5,0x22A5,0x22A5,0x22A5,0x2AC6,0x22A5,0x22A5,0x22A5,0x22A5,0x22A5,
  0x22A5,0x22A5,0x22A5,0x22A5,0x22A5,0x22C6,0x22A5,0x22A5,0x2AC5,0x2AC6,0x2AC6,0x2AE6,0x2AE5,0x2AE6,0x2285,0x952D,
  0xEF13,0xCE30,0xA52E,0xBDD0,0xC5F0,0xADAF,0xCE30,0xCE30,0x9D2E,0x8CEC,0xCE10,0x748B,0x1A85,0x22A6,0x22A5,0x1A64,
  0x4B48,0xC5F0,0xC5CF,0xA50C,0x844A,0xCE10,0x32E6,0x3B67,0x3B07,0x0A24,0x8CED,0xDE91,0xEED2,0x744B,0x6C09,0xE692,
  0xDE91,0x7C6B,0x0A03,0x32E6,0x4368,0x1A64,0xBDF0,0x94AC,0x8CCA,0xC5EF,0xCE11,0x6C09,0x1A44,0x22A5,0x22A6,0x2285,
  0x6C4A,0xC611,0x950C,0x950D,0xC610,0xC5EF,0xAD6E,0xBDAF,0xBDF0,0x9D0D,0xC610,0xF714,0xA54E,0x1A85,0x2AC6,0x22A5,
  0x2AC6,0x2AC6,0x2AC6,0x2AC6,0x2AC6,0x2AE5,0x2B06,0x2AE5,0x2AC5,0x2AC6,0x22A5,0x22A5,0x2285,0x22A5,0x22A5,0x2285,
  0x2265,0x22A5,0x2265,0x2285,0x22A5,0x22A5,0x2265,0x2285,0x2285,0x2285,0x2AC6,0x2AC6,0x22A5,0x22A5,0x22A5,0x22A5,
  0x22A5,0x22A5,0x22A5,0x22A5,0x22A5,0x22A5,0x2AC6,0x22A5,0x22A5,0x22A5,0x22A5,0x22A5,0x2285,0x22A5,0x22A5,0x2285,
  0x2265,0x2AA6,0x2285,0x22A5,0x2265,0x2285,0x2285,0x2285,0x22A5,0x22A5,0x22C6,0x22A5,0x22A5,0x2AC6,0x22A5,0x22A5,
  0x22A5,0x22A5,0x22A5,0x22A5,0x22A5,0x22A5,0x2285,0x2AC6,0x2285,0x22A5,0x22A5,0x2285,0x2265,0x2285,0x22A5,0x2285,
  0x2265,0x2285,0x22A5,0x22A5,0x22A5,0x22A5,0x22A5,0x22A5,0x22A5,0x22A5,0x22A5,0x2285,0x22A5,0x2AC6,0x2AC6,0x22A5,
  0x22A5,0x22C6,0x2285,0x22A5,0x2AC6,0x2AC6,0x2AC6,0x2AC6,0x2AE5,0x2AC5,0x2B06,0x53C9,0x4B47,0x3B07,0x640A,0x746B,
  0x4BA9,0x8CED,0x9D4D,0xC5F0,0xBDCF,0x9D0D,0xB58E,0xAD4D,0x2264,0x22A5,0x2AA5,0x1204,0xA54E,0xAD4D,0x6BC8,0x9CCC,
  0xE6B2,0x5BC8,0x1264,0x2AC6,0x1243,0x744A,0xDE91,0xDE71,0xAD4E,0x7C6A,0x7C6A,0xA52D,0xE6B2,0xDE71,0x63C9,0x1264,
  0x22C5,0x1A85,0x3B06,0xDE71,0xA52C,0x6BC8,0x9CCC,0xBDF0,0x2285,0x2265,0x22A6,0x2285,0x94EC,0xB5AE,0x9D2D,0xC5EF,
  0xC611,0xA52D,0x8CCC,0x53A9,0x6C2A,0x6C2A,0x3B27,0x4347,0x53A8,0x2AE6,0x22A5,0x22A5,0x2AC6,0x22A5,0x2AC6,0x2AE6,
  0x2AC5,0x2AE5,0x2AE6,0x2AE6,0x22C5,0x2AC6,0x2AC6,0x22A5,0x22A5,0x22A5,0x2285,0x22A5,0x2285,0x2285,0x2244,0x2265,
  0x22A5,0x2285,0x2265,0x2265,0x2285,0x2285,0x22A5,0x2AA5,0x22A5,0x22A5,0x22A5,0x22A5,0x22A5,0x22A5,0x22A5,0x22A5,
  0x22A5,0x22A5,0x22A5,0x22A5,0x2AC6,0x22A5,0x22A5,0x22A5,0x22A5,0x22A5,0x22A5,0x2285,0x2265,0x2285,0x2265,0x22A5,
  0x2285,0x22A5,0x22A5,0x22A5,0x22A5,0x2AC6,0x22C5,0x2AC5,0x2AC5,0x2AC6,0x22A5,0x22A5,0x22A5,0x22C6,0x22A5,0x22A5,
  0x22A5,0x22A5,0x22A5,0x22A5,0x2285,0x22A5,0x2285,0x2285,0x2285,0x2285,0x2285,0x2265,0x2265,0x2285,0x22A5,0x22A5,
  0x2AC6,0x22A5,0x2285,0x22A5,0x22A5,0x22A5,0x22A5,0x2285,0x22A5,0x2AC6,0x22A5,0x22A5,0x22A5,0x22A5,0x2285,0x2AC6,
  0x2AC6,0x22A5,0x2285,0x2AC6,0x2AC6,0x2AC6,0x22A5,0x2285,0x1A85,0x22A5,0x2285,0x1A85,0x22A5,0x1A64,0x1A84,0x2AA5,
  0x5BC8,0x7CAB,0x950C,0xB5AE,0x2AE6,0x22A5,0x1A85,0x3B07,0xAD6E,0x94AB,0xAD4D,0xAD4D,0x94EC,0x1A64,0x2AA5,0x1A85,
  0x63E9,0xD650,0xD650,0xCE50,0x6C09,0xCE0F,0xD630,0x744A,0xC610,0xDE30,0xD650,0x5388,0x1A65,0x2AE6,0x1A44,0x744B,
  0xB56D,0xAD2C,0x94CB,0xAD4E,0x5BA8,0x1224,0x22A5,0x2AC5,0xAD8E,0x9D2D,0x8CCB,0x63E9,0x2AA5,0x1A44,0x1A44,0x2285,
  0x1A44,0x1A64,0x2285,0x1A85,0x1A85,0x22A5,0x2AC6,0x22A5,0x2AC6,0x2AC6,0x2AC6,0x2AE5,0x2AE6,0x2AE5,0x2AC5,0x2AC6,
  0x22A5,0x2AC6,0x22A5,0x2285,0x22A5,0x22A5,0x2285,0x2285,0x2285,0x2265,0x2285,0x2265,0x22A5,0x2285,0x2265,0x2265,
  0x2265,0x22A6,0x22C6,0x22A5,0x22A5,0x22A5,0x22A5,0x22A5,0x22A5,0x22A5,0x22A5,0x22A5,0x22A5,0x22A5,0x22A5,0x2AC6,
  0x2AC6,0x22C6,0x2AA5,0x2285,0x2AC6,0x2AC6,0x22A5,0x22A5,0x2285,0x2285,0x2285,0x22A5,0x22A5,0x22A5,0x22A5,0x22A5,
  0x22A5,0x2AC6,0x2AE6,0x2AE6,0x2AE6,0x22A6,0x22A5,0x22A5,0x22A5,0x22C6,0x22A5,0x22A5,0x22A5,0x2285,0x22A5,0x2285,
  0x2285,0x2285,0x22A5,0x2285,0x2285,0x2265,0x2285,0x2285,0x2285,0x2285,0x22A5,0x22A5,0x22A5,0x22A5,0x2285,0x2285,
  0x22A5,0x22A5,0x2285,0x22A5,0x22A5,0x2AC6,0x22A5,0x2AC6,0x22A5,0x22A5,0x2285,0x2AC6,0x2AC6,0x22A5,0x22A5,0x22A5,
  0x2AC6,0x2AC6,0x2AC6,0x2AC6,0x2AC6,0x2AC5,0x2AC6,0x2AC6,0x2AC6,0x2AC6,0x2AE5,0x22A5,0x1A85,0x2284,0x3306,0x4BA8,
  0x2AE6,0x2AC6,0x1264,0x848B,0xC5EF,0x8449,0x7409,0xC5F0,0x32E6,0x22A5,0x1A85,0x5388,0xDE50,0xD62F,0xDE90,0x7449,
  0xBDAE,0x6C08,0x5BA8,0xC5EF,0x6BE9,0xD62F,0xD62F,0xD630,0x4347,0x1A85,0x2AC6,0x2285,0xB5AE,0x8C6A,0x7C08,0xBDAD,
  0xA54D,0x1A85,0x2AE6,0x2AC6,0x4B88,0x3B06,0x2285,0x1A84,0x22C5,0x2AA5,0x2AC6,0x2AC6,0x2AC5,0x22A5,0x22A5,0x2AA5,
  0x2AE6,0x2AC6,0x22A5,0x2AC6,0x2AC6,0x2AA5,0x2AC5,0x22C5,0x2AE6,0x2AE5,0x2AE6,0x2AE6,0x2AE6,0x22A5,0x22A5,0x22A5,
  0x22A5,0x22A5,0x2285,0x2285,0x2285,0x2285,0x2285,0x2285,0x22A5,0x22A5,0x2285,0x2265,0x2265,0x2285,0x22C6,0x22A5,
  0x22A5,0x22A5,0x22A5,0x22A5,0x22A5,0x22A5,0x22A5,0x22A5,0x22A5,0x22A5,0x22A5,0x2AC6,0x22A5,0x2AE6,0x22A5,0x2285,
  0x22A5,0x22A6,0x22A5,0x22A5,0x2285,0x2285,0x2285,0x22A5,0x2285,0x22A5,0x22A5,0x2AC6,0x22A5,0x22A5,0x2AC6,0x2AC6,
  0x2AC6,0x2AC6,0x22A5,0x22A5,0x22A5,0x22A5,0x22A5,0x22A5,0x22A5,0x22A5,0x22A5,0x2285,0x2265,0x2285,0x2285,0x2285,
  0x2285,0x2285,0x2285,0x2285,0x2285,0x2285,0x22A5,0x22A5,0x22A6,0x22A5,0x22A5,0x22A5,0x22A5,0x22A6,0x22A5,0x22A5,
  0x2AC6,0x22A5,0x22A5,0x2AC6,0x22A5,0x22A5,0x22A5,0x22A5,0x2AC6,0x22A5,0x22A5,0x2AC5,0x2AC5,0x2AC6,0x2AC6,0x2AC6,
  0x2AC5,0x2AE5,0x2AE5,0x22A5,0x22A5,0x22C5,0x22A5,0x2285,0x1A85,0x22A5,0x1A64,0x1A84,0x1A85,0x1A85,0x2AC6,0xA52D,
  0xA54C,0xDE4F,0xD64F,0x4B68,0x1A64,0x2AC5,0x1A65,0x4B87,0xD60E,0xD650,0xA52C,0x5368,0xBDAD,0x7429,0x5BA8,0xC5CE,
  0x5368,0xA52D,0xDE4F,0xCE0F,0x4326,0x2285,0x2AC6,0x1A84,0x2AA5,0xC5F0,0xE66F,0xB58D,0xAD6D,0x4B67,0x1265,0x22A5,
  0x1A44,0x1244,0x22A5,0x22A5,0x2285,0x1A85,0x22A5,0x22A5,0x2285,0x2285,0x22A5,0x22A5,0x22A5,0x22A5,0x22A5,0x2AC6,
  0x22A5,0x2AE5,0x2AE6,0x22C5,0x2B06,0x2AE6,0x2AE6,0x2AC6,0x2AE6,0x22A5,0x22A5,0x22A5,0x22A5,0x22A5,0x22A5,0x2285,
  0x2285,0x2285,0x2265,0x2285,0x2285,0x22A5,0x2265,0x2285,0x2285,0x22A5,0x2AC6,0x22A5,0x22A5,0x2AC6,0x22A5,0x22A5,
  0x22A5,0x22A5,0x22A5,0x22A5,0x22A5,0x22A5,0x22A5,0x22A5,0x22A5,0x22A5,0x22A5,0x2285,0x2AC6,0x22A5,0x22A5,0x22A5,
  0x22A5,0x22A5,0x22A5,0x22A5,0x2285,0x22A5,0x22A5,0x22A5,0x2AC6,0x22A5,0x2AC6,0x22A5,0x22A5,0x2AC6,0x22A5,0x22A5,
  0x22A5,0x22A5,0x2AC6,0x2AC6,0x2AC6,0x22A5,0x22A5,0x2AA6,0x2285,0x2285,0x2285,0x2285,0x2285,0x2285,0x2285,0x22A5,
  0x2285,0x2285,0x22A5,0x2285,0x22A5,0x22A5,0x2285,0x22A5,0x2285,0x2285,0x22A5,0x22A5,0x22A5,0x22A5,0x22A5,0x22A5,
  0x22A5,0x22A5,0x2285,0x22A5,0x2AC6,0x22A5,0x22A5,0x22C5,0x2AE5,0x2AE6,0x2AC6,0x2AC6,0x2AC5,0x2AC5,0x22A5,0x4346,
  0x4346,0x4366,0x4346,0x4326,0x4326,0x32E6,0x6C09,0x5367,0x4B87,0x4326,0x7C8A,0x9D0C,0xC5CD,0xDE4F,0x8CCC,0x2AA5,
  0x32C5,0x2285,0x22A5,0x2285,0xB56D,0xBDAD,0x7C4A,0xCDEE,0x7429,0xBDAD,0xC5CE,0x7C2A,0xC5CD,0x8C8A,0xC5AD,0xB56E,
  0x1A45,0x2AC5,0x2285,0x2AC6,0x2AA5,0x740A,0xDE4F,0xCE0F,0x950C,0x94EB,0x4326,0x3B46,0x4347,0x6C09,0x3B46,0x4B26,
  0x4B46,0x4B67,0x4306,0x4326,0x4326,0x2AA5,0x22A5,0x2AC6,0x2AC6,0x2AC6,0x2AC6,0x22C6,0x2AA5,0x2AE5,0x2AE6,0x2AE5,
  0x2AE6,0x2AE6,0x2AE5,0x22A5,0x2AC6,0x2AC6,0x22A5,0x22A5,0x22A5,0x22A5,0x22A5,0x22A5,0x22A5,0x22A5,0x2285,0x2285,
  0x2285,0x2285,0x2265,0x2285,0x2285,0x22A5,0x22A6,0x22A5,0x22A5,0x2AC6,0x22A5,0x22A5,0x22A5,0x22A5,0x2AC6,0x2AC6,
  0x22A5,0x22A5,0x22A5,0x22A5,0x22A5,0x22A5,0x2AC6,0x22A5,0x22A5,0x2AC6,0x22A5,0x22A5,0x22A5,0x2285,0x22A5,0x2AC6,
  0x2285,0x2285,0x22A5,0x22A5,0x22A5,0x22A5,0x22A5,0x22A5,0x22A5,0x22A5,0x22A5,0x22A5,0x22A5,0x22A5,0x2AC6,0x22A5,
  0x2AE6,0x2AC6,0x2285,0x22A5,0x2285,0x2285,0x2285,0x2285,0x2265,0x2285,0x2285,0x2285,0x2285,0x2285,0x22A5,0x2285,
  0x22A5,0x22A5,0x2285,0x22A5,0x2285,0x22A6,0x22A5,0x22A5,0x22A5,0x22A5,0x2AC6,0x22A5,0x2AC6,0x2AC6,0x2285,0x2AA6,
  0x22A5,0x22A5,0x22A6,0x22A5,0x2AE6,0x2AE6,0x2AE6,0x2AE6,0x2AE6,0x22A5,0x848A,0xD62F,0xCE0E,0xCE0D,0xC5CD,0xC5EE,
  0xCE0E,0x8CAA,0x9D0B,0xC5EE,0xBDAD,0xBDCE,0xAD6D,0x94EC,0xC5CD,0xBD6C,0xB58C,0xC5CD,0xC5CE,0x53A7,0x1A65,0x1A65,
  0x744A,0x8C8A,0xBD8D,0xCDEE,0x8C8A,0xAD2C,0xBD8E,0x846A,0xCDEE,0xBDAD,0x94AB,0x7429,0x1A44,0x2285,0x3B26,0xBDCD,
  0xC5CD,0xBD8D,0xC5AE,0xC5CD,0x9D0C,0xA52C,0xC5AD,0xB5AE,0xBDCE,0xB56C,0x7C6A,0xCE2F,0xCDEE,0xC5EE,0xCE0E,0xCDED,
  0xD62E,0xA52C,0x22A5,0x2AA5,0x2AE6,0x2AC5,0x2AC6,0x2AC6,0x2AC5,0x2AE5,0x22C5,0x2AE5,0x2AE6,0x2AC6,0x2AC6,0x2AA6,
  0x2AC6,0x2AC6,0x22A5,0x2AA6,0x22A5,0x22A5,0x22A5,0x22A5,0x2285,0x2285,0x2285,0x2285,0x2285,0x2285,0x2285,0x2265,
  0x2285,0x2285,0x2AA6,0x22A5,0x22A5,0x22A5,0x22A5,0x2AC6,0x2AC6,0x22A5,0x22A5,0x2AC6,0x2285,0x22A5,0x22A5,0x2AC6,
  0x22A5,0x2AC6,0x22A5,0x22A5,0x22A5,0x22A5,0x22A5,0x22A5,0x22A5,0x2285,0x2285,0x22A5,0x2265,0x2285,0x22A5,0x22A5,
  0x22A5,0x2285,0x22A5,0x2AC6,0x22A5,0x22A5,0x22A5,0x22A5,0x22A5,0x22A5,0x2AC6,0x2AC6,0x2AC6,0x2AC6,0x2AC6,0x22A5,
  0x2285,0x2285,0x2265,0x2265,0x2285,0x2285,0x2285,0x2265,0x2285,0x2285,0x2265,0x2285,0x22A5,0x22A5,0x22A5,0x22A5,
  0x2285,0x2285,0x22A5,0x22A5,0x22A5,0x22A5,0x2AC6,0x22A5,0x2AC6,0x2AC6,0x2285,0x2AC6,0x2AC6,0x22A5,0x22A5,0x22C5,
  0x2AE5,0x2AE6,0x2B06,0x2B06,0x2AE6,0x22A5,0xA52B,0xDE2E,0xC58D,0x6409,0x8CEB,0x8CCA,0x9D0A,0x6C29,0x7429,0x9CEA,
  0x94CA,0x94CA,0x94CA,0xBD6C,0x9CAA,0x9CCA,0x8449,0x7C09,0xE66D,0x7C69,0x1244,0x22A6,0x2AC6,0xAD4B,0xB56C,0xA52C,
  0xBD6B,0x7C49,0x8CCB,0xB56C,0xA52B,0xA52B,0xBD8C,0x2AE6,0x2285,0x1A64,0x5BE8,0xE66E,0x94AA,0x8449,0x9CEB,0x94AA,
  0xBD8D,0x9CCB,0x94AA,0x94CA,0x94CA,0x7C6A,0x63E8,0x9D0B,0x8CEA,0x950A,0x63E9,0xB56C,0xDE2E,0xBDAD,0x2AC6,0x22C6,
  0x2AE6,0x2AC5,0x2AE6,0x2AC6,0x22C5,0x2AE5,0x2AE5,0x2B06,0x2AE6,0x2AC6,0x2AC6,0x2AC6,0x2AC6,0x2AE6,0x2AA5,0x22A5,
  0x22A5,0x22A5,0x22A5,0x2285,0x2265,0x2285,0x22A5,0x2285,0x2285,0x2285,0x2285,0x2285,0x2285,0x2285,0x2AC6,0x22A5,
  0x2AC6,0x22A5,0x22A5,0x22A5,0x2AC6,0x22A5,0x22A5,0x22A5,0x22A5,0x22A5,0x22A5,0x22A5,0x22A5,0x2AC6,0x2AC6,0x22A5,
  0x22A5,0x22A5,0x22A5,0x22A5,0x22A5,0x22A5,0x22A5,0x22C6,0x22A5,0x22A5,0x2285,0x22A5,0x2AC6,0x22A5,0x22A5,0x22A5,
  0x2285,0x22A5,0x2AC6,0x22A5,0x2285,0x2AC6,0x22A5,0x22A5,0x22A5,0x22A5,0x2AC6,0x22C6,0x2285,0x2285,0x2265,0x2265,
  0x2265,0x2265,0x2265,0x2265,0x2265,0x2285,0x2265,0x2265,0x22A5,0x2285,0x2285,0x22A5,0x2285,0x2285,0x22A5,0x22A5,
  0x22A5,0x22A5,0x22A5,0x22A5,0x2285,0x22A5,0x22A5,0x22C6,0x2AE6,0x22A5,0x22A5,0x2AC6,0x2AE6,0x22C5,0x2AE6,0x2AE6,
  0x2AC6,0x22A5,0x4347,0xB56C,0xDE0C,0x8CAA,0x8CAB,0xDE0D,0xCDCC,0x8CAA,0x94EA,0xC5CD,0xBD8C,0xBD8C,0xBDAC,0xBDAC,
  0xBDAD,0xD60C,0x94AB,0xB54B,0xBDAC,0x32E6,0x22A5,0x22A5,0x22A5,0x9CEA,0x9D0B,0xBD8C,0xBDAC,0x746A,0x7409,0xBD8C,
  0xC58B,0x950B,0x9D2B,0x32E6,0x2285,0x22A5,0x2AA6,0xA52B,0xCDCC,0x8C6A,0xD5ED,0xBDAC,0xBD8C,0xBDAC,0xBDAC,0xBD8C,
  0xBD8C,0xAD4C,0x7469,0xCDCD,0xD60D,0x9D0B,0x844A,0xD5EC,0xC5AC,0x53A9,0x22A5,0x2AC6,0x2AC6,0x2AC6,0x2AE6,0x2AC6,
  0x2AE6,0x2AE5,0x2AE6,0x2AE6,0x2AC6,0x2AC6,0x2AC6,0x2AC6,0x2AC6,0x22C6,0x22A5,0x22A5,0x22A5,0x22A5,0x2265,0x2265,
  0x2265,0x2265,0x2285,0x2285,0x2285,0x2AA6,0x22A5,0x2285,0x2285,0x2285,0x22A5,0x2AC6,0x22A5,0x2AC6,0x22A5,0x22A5,
  0x2AC6,0x22A5,0x22A5,0x22A5,0x2AC6,0x2AC6,0x22A5,0x2AC6,0x22A5,0x22A5,0x2AC6,0x22A5,0x2AC6,0x2285,0x22A5,0x22A5,
  0x2285,0x22A5,0x22A5,0x2AC6,0x22A5,0x22A5,0x22A5,0x2AC6,0x22A5,0x2285,0x22A5,0x22A5,0x22A5,0x22A5,0x22A5,0x22A5,
  0x22A5,0x22A5,0x22A5,0x22A5,0x2AC6,0x2AC6,0x2AA6,0x2AC6,0x2285,0x2285,0x2285,0x2265,0x2265,0x2265,0x2265,0x2285,
  0x2285,0x2265,0x2265,0x2265,0x22A6,0x2285,0x2285,0x2285,0x2285,0x22A5,0x22A5,0x22A5,0x2AC6,0x2AC6,0x22A5,0x22A5,
  0x22A5,0x22A5,0x22A5,0x22A5,0x2AC6,0x2AC6,0x22A5,0x22A5,0x2AE6,0x2AC6,0x2AC6,0x2AC6,0x2AE5,0x2AE5,0x22A5,0x2AE6,
  0x9D0B,0xDE0C,0x84AB,0xA50B,0xB54B,0x2265,0x22A6,0x2AC6,0x2AC6,0x2AC6,0x2AA6,0x2285,0x4326,0xAD2B,0xA52A,0xC5CC,
  0x4307,0x1A64,0x22A5,0x22A5,0x1A45,0x5BA8,0xCDED,0x848A,0xC58B,0x7C48,0x7409,0xD5CC,0x844A,0xCDCD,0x6408,0x1A85,
  0x2285,0x22A5,0x2285,0x2AA6,0xB58C,0xB54B,0xAD0A,0x5BC8,0x1A85,0x2AC5,0x2AA5,0x2AA5,0x2AC6,0x22C6,0x1A65,0x94CA,
  0xBD8D,0x744A,0xD5EC,0xB56C,0x3B06,0x1A85,0x2AE6,0x2AC6,0x2AC6,0x2AC6,0x2AC6,0x2AC6,0x2AC5,0x2AE5,0x2AC6,0x2AC6,
  0x2AE6,0x2AC6,0x22A5,0x2AC6,0x2AC6,0x2AC6,0x2AA5,0x22A5,0x22A5,0x2285,0x2265,0x2265,0x2285,0x2265,0x2285,0x2285,
  0x2285,0x2285,0x2285,0x2285,0x2285,0x2285,0x22A5,0x22C5,0x22A5,0x2AC6,0x22A5,0x22A5,0x22A5,0x22A5,0x2AC6,0x2AC6,
  0x22A5,0x2AC6,0x2AC6,0x2AC6,0x2AC6,0x2AC6,0x2AC6,0x2AC6,0x2AC6,0x22A5,0x22A5,0x22A5,0x22A5,0x22A5,0x2AC6,0x2AC6,
  0x22A5,0x22A5,0x22A5,0x2AC6,0x22A5,0x22A5,0x22A5,0x2AC6,0x22A5,0x22A5,0x22A5,0x22A5,0x22A5,0x22A5,0x22A5,0x22A5,
  0x2AC6,0x22A5,0x22A5,0x22C5,0x22A5,0x2285,0x2285,0x2265,0x2285,0x2265,0x2265,0x2265,0x2285,0x2265,0x2285,0x2285,
  0x22A5,0x2285,0x22A5,0x22A5,0x2285,0x2285,0x22A5,0x2AE6,0x2AC6,0x22A5,0x22A5,0x22A5,0x22A5,0x22A5,0x22A5,0x22A5,
  0x2AC6,0x2AC6,0x22A5,0x2AC6,0x2AE6,0x2AC6,0x2AC6,0x2AC6,0x2AC6,0x2AC6,0x2AC6,0x22A5,0x22C5,0x63E8,0x950B,0x6C09,
  0x848A,0x4B47,0x1A65,0x2285,0x2AC6,0x2AC6,0x2AA5,0x1A64,0x63E8,0xCDCC,0xB54B,0x3B27,0x1A65,0x2285,0x2285,0x22A5,
  0x1A44,0x5387,0x94CB,0xA4E9,0xB56B,0xA52B,0x9D0A,0xB52A,0xA4E9,0x94CB,0x63E8,0x1A64,0x22A5,0x2285,0x22A5,0x2285,
  0x22A5,0x9CCA,0xD58A,0x8489,0x1265,0x2AA5,0x22A5,0x22A5,0x22A5,0x2285,0x3B06,0x7CAA,0x63E9,0x8CEB,0x7449,0x2AC6,
  0x2285,0x2AA5,0x2AC6,0x22A5,0x2AC6,0x2AC6,0x2AA6,0x2AC6,0x2AE6,0x2AE5,0x2AC6,0x2AC6,0x22A5,0x22A5,0x22A5,0x2AC6,
  0x2AC6,0x22C6,0x22A5,0x2285,0x2285,0x2285,0x2265,0x2265,0x2265,0x2265,0x2285,0x2265,0x2265,0x2285,0x2285,0x2285,
  0x2285,0x2285,0x22A5,0x22A5,0x22A5,0x22A5,0x22A5,0x22A5,0x22A5,0x22A5,0x2AC6,0x22A5,0x22A5,0x22A5,0x2AC6,0x22A5,
  0x22A5,0x2AC6,0x2AE6,0x2AC6,0x2AC6,0x22A5,0x22A5,0x22A5,0x22A5,0x22A5,0x22A5,0x2AC6,0x2AC6,0x22A5,0x22A5,0x22A5,
  0x22A5,0x22A5,0x2AC6,0x2AC6,0x2285,0x2AC6,0x22A5,0x22A5,0x22A5,0x22A5,0x22A5,0x22A5,0x22A5,0x22A5,0x2AC6,0x22A5,
  0x22A5,0x22A5,0x2285,0x2285,0x2265,0x2265,0x2265,0x2265,0x1A44,0x2265,0x2285,0x22A5,0x2285,0x2265,0x2285,0x22A5,
  0x22A5,0x22A5,0x22A5,0x2AC6,0x2AC6,0x22A5,0x22A5,0x22A5,0x2AC6,0x22A5,0x22A5,0x22A5,0x2AC6,0x22A5,0x2285,0x22A5,
  0x2AC6,0x2AC6,0x2AC6,0x2AC6,0x2AA6,0x2AA6,0x22A5,0x2AC6,0x22C6,0x1AA5,0x5BC8,0x94EA,0x7489,0x6449,0x1A65,0x2AC5,
  0x2AC6,0x22A5,0x2AC6,0x2285,0xA50A,0xB56B,0x32E6,0x1A64,0x2AC6,0x2285,0x2A86,0x2285,0x22A5,0x1A85,0x9489,0xA4EA,
  0x8CA9,0xC589,0xCDCB,0x94CA,0x94AB,0xA52B,0x22A5,0x22A5,0x2AC6,0x22A6,0x2285,0x2AC6,0x2285,0x2265,0x94CA,0xBD6B,
  0x2AA5,0x22A5,0x2AC5,0x22A5,0x2AA5,0x1A45,0x5BC8,0x7449,0x84AA,0x6C29,0x1A65,0x2285,0x2AC6,0x22A5,0x2AC6,0x2AC6,
  0x2AC6,0x22A5,0x22A5,0x2AC6,0x2AE6,0x2AE5,0x2AC5,0x22A6,0x2285,0x22A5,0x2AC6,0x22A5,0x2AC6,0x22A5,0x2AC6,0x2AA6,
  0x2285,0x2265,0x2285,0x2265,0x2265,0x2285,0x2AA6,0x2285,0x2285,0x2285,0x2265,0x2265,0x2285,0x2285,0x22A5,0x22A5,
  0x22A5,0x22A5,0x22A5,0x2AC6,0x2285,0x22A5,0x2AC6,0x22A5,0x22A5,0x22A5,0x2AC6,0x2AC6,0x2AC6,0x2AC6,0x22A5,0x2AC6,
  0x2AC6,0x22A5,0x22A5,0x22A5,0x22A5,0x22A5,0x2A85,0x2AE6,0x22A5,0x22A5,0x2285,0x22A5,0x2AC6,0x22A5,0x22A5,0x22A5,
  0x22A5,0x2AC6,0x2AC6,0x22A5,0x22A5,0x22A5,0x22A5,0x22A5,0x2285,0x22A5,0x2AC6,0x22A5,0x2285,0x2285,0x2265,0x2285,
  0x2265,0x2265,0x2265,0x2265,0x2265,0x2265,0x2285,0x2285,0x2285,0x2265,0x2285,0x22A5,0x22A5,0x22A5,0x22A5,0x22A5,
  0x22A5,0x22A5,0x22A5,0x22A5,0x22A6,0x22A5,0x22A5,0x22A5,0x2AC6,0x22A5,0x2285,0x22A5,0x22A5,0x22A5,0x22A5,0x2AC6,
  0x2AC6,0x22C5,0x22A5,0x2AC6,0x2AC5,0x2B06,0x1A85,0x4367,0x84A9,0x8489,0x3306,0x2285,0x22C5,0x22A5,0x2285,0x3B26,
  0x94CA,0x2A85,0x1A85,0x2AA5,0x2AC6,0x2285,0x22A5,0x2285,0x22A5,0x1A44,0x6BE9,0x8C69,0xAD2A,0xB549,0xBD4A,0xAD4B,
  0x8C89,0x6C29,0x2285,0x22A5,0x22A5,0x22A5,0x22A5,0x2AC6,0x22A5,0x2265,0x1A44,0x8CAA,0x53C8,0x1A85,0x2AC6,0x2285,
  0x22A5,0x2AA5,0x7C89,0x7CA9,0x5BC8,0x1A65,0x2AC6,0x2AC6,0x2AC6,0x2AC6,0x22A5,0x22A5,0x2AC6,0x22A5,0x2AA5,0x2AC6,
  0x2AE6,0x2AE5,0x2AC5,0x22A5,0x2AC5,0x2AC6,0x2AC6,0x2AC6,0x22A5,0x2AC6,0x22A5,0x2285,0x2285,0x2285,0x2265,0x2265,
  0x2265,0x2285,0x2285,0x2285,0x2285,0x2285,0x2265,0x2265,0x2285,0x2285,0x22A5,0x22A5,0x22A5,0x22A5,0x22A5,0x2AC6,
  0x22A5,0x2AC6,0x2AC6,0x22A5,0x22A5,0x22A5,0x2AC6,0x22A5,0x2AC6,0x2AC6,0x22A5,0x22A5,0x22A5,0x22A5,0x22A5,0x22A5,
  0x22A5,0x22A5,0x2AA5,0x2AC6,0x22A5,0x2285,0x22A5,0x22A5,0x2AC6,0x2AC6,0x2AA5,0x2AC6,0x2AE6,0x2AE6,0x22A5,0x22A5,
  0x22A5,0x22A5,0x22A5,0x22A5,0x2285,0x22A5,0x2AE6,0x2AC6,0x2285,0x2285,0x2285,0x2285,0x2265,0x2265,0x2265,0x2265,
  0x2265,0x2265,0x2265,0x2285,0x2285,0x22A5,0x22A5,0x22A5,0x2285,0x22A5,0x22A5,0x2AC6,0x22A5,0x2AC6,0x22A5,0x22A5,
  0x2AC6,0x2285,0x22C6,0x2AE6,0x2AC6,0x22A5,0x22A5,0x22A5,0x22A5,0x2285,0x2AC6,0x2AC6,0x2AE5,0x2AE5,0x22A5,0x22A6,
  0x2AE6,0x2B06,0x2AE6,0x1A64,0x32C6,0xAD4B,0x8C88,0x1A65,0x22C5,0x22A5,0x22A5,0x32E6,0x2AA5,0x2285,0x2285,0x22A5,
  0x22A5,0x22A5,0x2285,0x2285,0x2265,0x1A65,0x32C5,0xAD2A,0x8469,0xAD09,0xB529,0x7C28,0xB54A,0x4346,0x1A65,0x22A5,
  0x2285,0x22A5,0x2285,0x2AC6,0x2AC6,0x22A5,0x22A5,0x2AC5,0x3326,0x2285,0x2AC6,0x2AC6,0x1A65,0x6C08,0xC5AB,0x4347,
  0x1A44,0x2AA6,0x2AC5,0x2AC6,0x2AC6,0x2AC6,0x2AC6,0x2AC6,0x22A5,0x22A5,0x2AC6,0x2AC6,0x2AE6,0x2AE5,0x2AC5,0x2AE5,
  0x2AE6,0x22A5,0x2AC6,0x2AC6,0x22A5,0x2AC6,0x22A5,0x2285,0x2285,0x2285,0x2265,0x2265,0x2265,0x2285,0x2285,0x2285,
  0x2285,0x2285,0x2265,0x2285,0x2285,0x2265,0x2265,0x2285,0x2285,0x22A5,0x2AC6,0x2AC6,0x22A5,0x22A5,0x22A5,0x22A5,
  0x22A5,0x22A5,0x2AE6,0x2AC6,0x22A5,0x2AC6,0x2AC6,0x22A5,0x2AC6,0x22A5,0x22A5,0x22A5,0x22A5,0x22A5,0x2AC6,0x22A5,
  0x2285,0x22A5,0x22A5,0x22A5,0x22A5,0x22A5,0x2285,0x22A5,0x2AC6,0x2AC6,0x22A5,0x2285,0x22A5,0x2AC6,0x22A5,0x22A5,
  0x22A5,0x22A5,0x2AC6,0x22A5,0x2285,0x22A5,0x2285,0x2285,0x2285,0x2285,0x2265,0x2265,0x2265,0x2265,0x2285,0x2285,
  0x2285,0x2285,0x2285,0x22A5,0x2285,0x2285,0x2AC6,0x2AC6,0x22A5,0x22A5,0x22A5,0x22A5,0x2AC6,0x22A5,0x2AC6,0x2AC6,
  0x2AC6,0x2AC6,0x22A5,0x22C5,0x22C5,0x22A5,0x2AE6,0x2AC6,0x2B06,0x2AE6,0x2AC6,0x2AC6,0x2AC6,0x2AE6,0x22A5,0x2AA5,
  0x2285,0x2AC5,0x8CAA,0x4347,0x1A85,0x2AC6,0x22A5,0x22A5,0x22A5,0x2AC6,0x22A5,0x22A5,0x22A5,0x22A5,0x22A5,0x2285,
  0x2285,0x2265,0x2AC6,0x7429,0xB54A,0x8CA9,0x7448,0xB529,0x7C49,0x3B06,0x1A64,0x22A5,0x2285,0x2AC6,0x22A5,0x2AC6,
  0x22A5,0x22A5,0x2AA5,0x22C6,0x22A5,0x2AA5,0x22A5,0x22C5,0x32E6,0x84A9,0x3B06,0x22A6,0x2AC6,0x22A5,0x22A5,0x2AC6,
  0x2AC6,0x2AC6,0x2AC6,0x2AC6,0x22A5,0x2AC6,0x22A5,0x2AC6,0x2AE6,0x22A5,0x22A5,0x2AE6,0x2AE6,0x22A5,0x2AC6,0x22A5,
  0x22A5,0x22A5,0x22A5,0x2285,0x2285,0x2285,0x2265,0x2265,0x2265,0x2265,0x2285,0x2285,0x2265,0x2285,0x2285,0x2285,
  0x2285,0x2285,0x2265,0x2285,0x22A5,0x22A5,0x22A5,0x22A5,0x2AC6,0x22A5,0x22A5,0x2AC6,0x2AC6,0x2AC6,0x22A5,0x2AC6,
  0x22A5,0x22A5,0x22A5,0x22A5,0x22A5,0x22A5,0x22A5,0x2AC6,0x22A5,0x2AC6,0x22A5,0x22A5,0x22A5,0x22A5,0x2285,0x22A5,
  0x2AC6,0x2285,0x22A5,0x2AC6,0x2AC6,0x2AC6,0x2AC6,0x22A5,0x22A5,0x22A5,0x22A5,0x22A5,0x22A5,0x22A5,0x22A5,0x22A5,
  0x22A5,0x2285,0x2265,0x2285,0x22A5,0x2285,0x2285,0x2285,0x2285,0x2285,0x2265,0x2285,0x2285,0x22A5,0x2285,0x2265,
  0x2285,0x2285,0x22A5,0x22A5,0x2AC6,0x22A5,0x22A5,0x2AC6,0x22A5,0x2AE6,0x2AA5,0x22A5,0x2AC6,0x2AC6,0x22A5,0x22A5,
  0x2AE5,0x2AE5,0x2AE6,0x2AE5,0x2AE5,0x2AC5,0x2AC6,0x2AC6,0x22C5,0x2AA5,0x2285,0x22A5,0x2AC5,0x22A6,0x2AC6,0x3326,
  0x22A5,0x2AA5,0x22A5,0x22A5,0x2AA5,0x22A5,0x22A5,0x22A5,0x22A5,0x2285,0x22A6,0x2285,0x22A5,0x22A5,0x1225,0x7428,
  0x94A9,0x9489,0x9488,0x8C88,0x8C68,0x1A44,0x22A5,0x22A5,0x22A5,0x2AC6,0x22A5,0x2AC6,0x22A5,0x22A5,0x22A5,0x2AA5,
  0x2AC6,0x2AC6,0x2AC6,0x22C5,0x3307,0x2AE6,0x2285,0x2AC6,0x22A5,0x22A5,0x22A5,0x2AC6,0x22A5,0x22A5,0x22A5,0x22A5,
  0x22A5,0x22A5,0x2AC6,0x2AC6,0x2AC6,0x2AC6,0x22A5,0x2AC6,0x2AE6,0x22A5,0x22A5,0x22A5,0x22A5,0x22A5,0x22A5,0x2285,
  0x2285,0x2285,0x2265,0x2285,0x2285,0x2265,0x2265,0x2285,0x2285,0x2285,0x2285,0x2285,0x22A5,0x22A5,0x2285,0x2285,
  0x2285,0x22A5,0x22A5,0x22A5,0x22A5,0x22A5,0x2AC6,0x2AC6,0x2AC6,0x2AC6,0x22A5,0x22A5,0x2AC6,0x2AC6,0x22A5,0x22A5,
  0x22A5,0x22A5,0x22A5,0x2AC6,0x2AC6,0x2AC6,0x22A5,0x2AC6,0x22A5,0x22A5,0x22A5,0x22A5,0x22A5,0x22A5,0x2AC6,0x2285,
  0x22A5,0x22A5,0x22A5,0x22A5,0x2AC6,0x22A5,0x22A5,0x2AC6,0x2AC6,0x22A5,0x2285,0x22A5,0x22A5,0x22A5,0x2285,0x22A5,
  0x2285,0x22A5,0x2285,0x2285,0x2265,0x2285,0x2285,0x2265,0x2285,0x22A5,0x2AA6,0x2265,0x2265,0x22A5,0x22A5,0x22A5,
  0x22A5,0x2AC6,0x2AC6,0x2AC6,0x22A5,0x22C6,0x2AA5,0x22A5,0x2AC6,0x22A5,0x22A5,0x22C5,0x2AE6,0x2B06,0x2AE6,0x2AE6,
  0x2AE6,0x2AC5,0x2AC6,0x22A5,0x2AE6,0x2285,0x2285,0x22A5,0x22A5,0x2AC6,0x2AE6,0x22C5,0x2AE6,0x22A5,0x22A5,0x22A5,
  0x22A5,0x22A5,0x22A5,0x22A5,0x2285,0x22A5,0x22A5,0x2285,0x2285,0x22A5,0x2265,0x3B06,0x7C28,0xB508,0xB508,0x7C28,
  0x4326,0x2285,0x22A5,0x2285,0x2AC6,0x22A5,0x22A5,0x22A5,0x22A5,0x2AC6,0x22A5,0x22A5,0x22A5,0x22A5,0x2AC6,0x22C6,
  0x22C5,0x2AC6,0x2AC6,0x22A5,0x22A5,0x22A5,0x22A5,0x2AC6,0x2AC6,0x22A5,0x2AC6,0x2AC6,0x22A5,0x22A5,0x2AC6,0x22A5,
  0x2AC6,0x2AC6,0x22A5,0x2AC6,0x2AE6,0x22A5,0x22A5,0x22A5,0x22A5,0x22A5,0x22A5,0x2285,0x2285,0x2265,0x2265,0x2265,
  0x2265,0x2265,0x2285,0x2285,0x2285,0x2265,0x2285,0x2285,0x22A5,0x22A5,0x2285,0x2285,0x22A5,0x22A5,0x2285,0x22A5,
  0x22A5,0x22A5,0x22A5,0x22A5,0x2AC6,0x22A5,0x22A5,0x2AC6,0x22A5,0x2AE6,0x2AC6,0x22A5,0x22A5,0x22A5,0x2AC6,0x2AC6,
  0x22A5,0x22A5,0x2285,0x2AC6,0x22A5,0x22A5,0x22A5,0x22A5,0x22A5,0x22A5,0x22A5,0x22A5,0x22A5,0x22A5,0x22A5,0x22A5,
  0x22A5,0x22A5,0x22A5,0x2AC6,0x22A5,0x22A5,0x22A5,0x22A5,0x22A5,0x2285,0x22A5,0x22A5,0x22A5,0x22A5,0x2285,0x2285,
  0x2265,0x2285,0x2AA6,0x2265,0x2285,0x22A5,0x22A6,0x2285,0x2265,0x22A5,0x22A5,0x2285,0x22C6,0x2AC6,0x2AC6,0x2AC6,
  0x22A5,0x22A5,0x22A5,0x2AC6,0x22A5,0x22A5,0x22A5,0x2AE6,0x2AE6,0x2AE5,0x2B06,0x2AE6,0x2AC6,0x2AC6,0x2AC6,0x2AC6,
  0x2AE6,0x22A5,0x2AA6,0x22A5,0x22A5,0x2AC6,0x2AC6,0x2AC6,0x2AC6,0x2AC6,0x2AC6,0x22A5,0x22A5,0x22A5,0x22A5,0x22A5,
  0x2285,0x22A5,0x22A5,0x22A5,0x2285,0x22A5,0x2285,0x2265,0x9CC7,0xB508,0xACC7,0xAD09,0x2286,0x2265,0x2285,0x2285,
  0x2AC6,0x22A5,0x22A5,0x22A5,0x22A5,0x2AC6,0x22A5,0x22A5,0x22A5,0x22A5,0x2AC6,0x22A5,0x2AA5,0x2AC6,0x2AC6,0x22A5,
  0x22A5,0x22A5,0x22A5,0x2AC6,0x2AC6,0x2AC6,0x2AE6,0x2AC6,0x22A5,0x22A5,0x22A5,0x22A5,0x2AC6,0x2AC6,0x22A5,0x2AC6,
  0x2AC6,0x22A5,0x22A5,0x22A5,0x22A5,0x22A5,0x22A5,0x2285,0x2285,0x2265,0x2265,0x2265,0x1A44,0x2285,0x22A6,0x2285,
  0x22A5,0x2285,0x22A5,0x2285,0x2285,0x22A5,0x22A5,0x22A5,0x22A5,0x22A5,0x22A5,0x2AC6,0x22A5,0x2AC6,0x22A5,0x2AC6,
  0x2AC6,0x22A5,0x2AC6,0x2AC6,0x22A5,0x22A5,0x2AC6,0x22A5,0x22A5,0x22A5,0x2285,0x22A5,0x2AC6,0x22A5,0x22A5,0x2AE6,
  0x22A5,0x22A5,0x2AC6,0x2AC6,0x2285,0x2285,0x22A5,0x22A5,0x22A5,0x22A5,0x22A5,0x22A5,0x22A5,0x22A5,0x22A5,0x22A5,
  0x22A5,0x2AC6,0x22A5,0x22A5,0x22A5,0x22A5,0x22A5,0x22A5,0x22A5,0x2285,0x2285,0x2285,0x2265,0x2285,0x2285,0x2265,
  0x2285,0x22A5,0x22A5,0x2285,0x2265,0x22A5,0x22A5,0x2285,0x2AC6,0x2AC6,0x22A5,0x2AC6,0x22A5,0x22A5,0x2AC6,0x22A5,
  0x22A5,0x22A5,0x22A5,0x2AC6,0x2AE5,0x22C5,0x2B06,0x2AE5,0x2AC6,0x2AC6,0x2AC6,0x22A5,0x22C5,0x2AA5,0x22A5,0x22A5,
  0x22A5,0x2AC6,0x22A5,0x2AE6,0x2AC6,0x22A5,0x22A5,0x22A5,0x2AC6,0x2AC6,0x22A5,0x22A5,0x22A5,0x22A5,0x22A5,0x22A5,
  0x22A5,0x22A5,0x22A5,0x1A45,0x7407,0xB507,0xB4E7,0x8468,0x2285,0x2285,0x2285,0x2285,0x22A5,0x22A5,0x22A5,0x22A5,
  0x22A5,0x2AC6,0x22A5,0x2AC6,0x22A5,0x2AC6,0x2AC6,0x22A5,0x22A5,0x2AC6,0x2AC6,0x2AC6,0x2AC6,0x2AC6,0x2AC6,0x2AC6,
  0x2AC6,0x2AC6,0x2AC6,0x22A5,0x22A5,0x2AC6,0x2AC6,0x2AE6,0x2AC6,0x2AC6,0x2AC6,0x2AC6,0x2AC6,0x22A5,0x22A5,0x2AC6,
  0x22A5,0x22A5,0x2285,0x2285,0x2285,0x2265,0x2265,0x2265,0x2265,0x2285,0x2285,0x2285,0x22A6,0x2285,0x22A5,0x22A5,
  0x2285,0x22A5,0x22A5,0x22A5,0x22A5,0x2AC6,0x22A5,0x2AC6,0x22A5,0x2AC6,0x2AC6,0x22A5,0x22A5,0x22A5,0x2AC6,0x22A5,
  0x22A5,0x22A5,0x2AC6,0x2AC6,0x22A5,0x2AC6,0x22A5,0x2285,0x22A5,0x22A5,0x2AA5,0x2AE6,0x2AC6,0x2AC6,0x2AC6,0x2AC6,
  0x2285,0x2265,0x2285,0x22A5,0x22A5,0x2AC6,0x22A5,0x22A5,0x22A5,0x22A5,0x22A5,0x22A5,0x22A5,0x2AC6,0x2AC6,0x2AC6,
  0x2AC6,0x2AC6,0x22A5,0x22A6,0x22A5,0x22A5,0x2265,0x2285,0x2285,0x2265,0x2265,0x2265,0x2265,0x2285,0x2265,0x2285,
  0x2265,0x22A5,0x2AC6,0x22A5,0x2AC6,0x22A5,0x22A5,0x22A5,0x22A5,0x22A5,0x2AC6,0x2AC6,0x22A5,0x22A5,0x2AA6,0x2AC6,
  0x2AC6,0x2AC6,0x2AE6,0x2AC5,0x2AC6,0x2AC6,0x22A5,0x22A5,0x22A5,0x2AC6,0x22A5,0x22A5,0x22A5,0x2AC6,0x2AC6,0x2AC6,
  0x22A5,0x2AC6,0x22A5,0x2AC6,0x22A5,0x2AC6,0x22A5,0x22A5,0x22A5,0x2285,0x22A5,0x22A5,0x22A5,0x22A5,0x2AC5,0x1A65,
  0x4326,0xACE8,0xB4E7,0x5386,0x1A45,0x22A5,0x22A5,0x22A5,0x22A5,0x22A5,0x2285,0x22A5,0x22A5,0x22A5,0x22A5,0x22A5,
  0x2AC6,0x22A5,0x22A5,0x2285,0x2AC6,0x2AE6,0x2AE6,0x2AC6,0x2AC6,0x2AC6,0x2AC6,0x22A5,0x22A5,0x2AC6,0x2AC6,0x2AC6,
  0x22A5,0x2AC6,0x2AC6,0x2AC6,0x2AE6,0x2AC6,0x2AC6,0x2AC6,0x2AE6,0x2AC6,0x2AC6,0x22A5,0x22A5,0x22C6,0x2285,0x2285,
  0x2265,0x2265,0x2265,0x2265,0x2265,0x2265,0x2265,0x22A5,0x2AC6,0x2285,0x22A5,0x22A5,0x2285,0x22A5,0x22A5,0x2285,
  0x2285,0x22A5,0x22A5,0x2AC6,0x2AC6,0x22A5,0x2AC6,0x22A5,0x22A5,0x22A5,0x22A5,0x22A5,0x22A5,0x22A5,0x22A5,0x22A5,
  0x2AC6,0x22A5,0x22A5,0x22A5,0x2AC6,0x2AC6,0x2AA6,0x2AE6,0x2AC6,0x22A5,0x2AC6,0x22A5,0x22A6,0x22A5,0x2285,0x22A5,
  0x22A5,0x22A5,0x22A5,0x2285,0x22A5,0x22A5,0x22A5,0x22A5,0x22A5,0x2AC6,0x22A5,0x2AC6,0x2AE6,0x22A5,0x22A5,0x22A5,
  0x22A5,0x2285,0x2265,0x2265,0x2285,0x2265,0x2244,0x2265,0x2265,0x2285,0x2285,0x2285,0x2285,0x22A5,0x22A5,0x2AC6,
  0x2AC6,0x2AC6,0x2AC6,0x22A5,0x22A5,0x22A5,0x22A5,0x22A5,0x22A5,0x22A5,0x2AC6,0x2AC6,0x2AC6,0x2AC6,0x2AC6,0x2AC6,
  0x2AC6,0x22A5,0x22A5,0x22A5,0x2AC6,0x22A5,0x22A5,0x22A5,0x22A5,0x22A5,0x2AC6,0x22A5,0x22A5,0x22A5,0x2AC6,0x22A5,
  0x2AC6,0x22A5,0x22A5,0x22A5,0x22A5,0x22A5,0x22A5,0x22A5,0x2285,0x22A5,0x22A5,0x2285,0x22A5,0x9487,0xA4C8,0x32E5,
  0x1A65,0x22A5,0x22A6,0x2285,0x22A5,0x2AC6,0x2285,0x22A5,0x22A5,0x2AC6,0x2285,0x2AC6,0x2AC6,0x2AE6,0x2AC6,0x2AC6,
  0x2AC6,0x2AE6,0x22E5,0x2AC5,0x2AC6,0x2AC6,0x22A5,0x22A5,0x22A5,0x22A5,0x22A5,0x2AC6,0x2AC6,0x2AE6,0x2AC6,0x2AC6,
  0x2AE6,0x2AC6,0x2AC6,0x2AC6,0x2AC6,0x2AC6,0x22A5,0x2AC6,0x22A5,0x22A5,0x2285,0x2285,0x2265,0x2265,0x2265,0x2265,
  0x2265,0x2285,0x2265,0x22A5,0x22A5,0x2285,0x22A5,0x22A5,0x22A5,0x22A5,0x22A5,0x22A5,0x22A5,0x22A5,0x22A5,0x22A5,
  0x22A5,0x2AC6,0x2AC6,0x22A5,0x2AC6,0x22A5,0x2285,0x22A5,0x2AC6,0x22A5,0x22A5,0x22A5,0x2AC6,0x22A5,0x22A5,0x22A5,
  0x22A5,0x22A5,0x22A5,0x2AC6,0x22A5,0x2AC6,0x2AC6,0x2AC6,0x22A5,0x2285,0x2285,0x22A5,0x22A5,0x22A5,0x22A5,0x2285,
  0x22A5,0x22A5,0x22A5,0x22A5,0x22A5,0x2AC6,0x2AC6,0x2AC6,0x2AC6,0x22C6,0x22A5,0x2285,0x22A5,0x2285,0x2265,0x2285,
  0x2AA6,0x2265,0x2285,0x1A24,0x2265,0x2AC6,0x22A5,0x2285,0x22A5,0x22A5,0x22A5,0x2AC6,0x2AC6,0x22A5,0x22A5,0x2AC6,
  0x22A5,0x22A5,0x2AC6,0x22A5,0x22A5,0x2AC6,0x2AC6,0x22A5,0x22A5,0x2AC6,0x2AC6,0x2AC6,0x2AC6,0x2AC6,0x22A5,0x2AC6,
  0x2AC6,0x22A5,0x2AC6,0x22A5,0x2AC6,0x22A5,0x22A5,0x2AC6,0x2AC6,0x2AC6,0x2AC6,0x2AC6,0x2AC6,0x22A5,0x2AC6,0x22A5,
  0x22A5,0x22A5,0x22A5,0x22A5,0x22A5,0x22A5,0x22A5,0x22A5,0x1A65,0x73E6,0x8447,0x1A85,0x2285,0x2265,0x2285,0x2265,
  0x2285,0x2AC6,0x22A5,0x22A5,0x2AC6,0x22A5,0x2AC6,0x2AE6,0x2AE6,0x22C5,0x2AC6,0x2AC6,0x2AC6,0x2AC6,0x2AC5,0x2AA5,
  0x2AC6,0x22A5,0x22A5,0x2AC6,0x22A5,0x22A5,0x22A5,0x2AC6,0x2AC6,0x2AC6,0x22A5,0x2AC6,0x2AC6,0x2AC6,0x22C6,0x2AC6,
  0x2AC6,0x2AE6,0x22A5,0x2AC6,0x22A5,0x22A5,0x22A5,0x22A5,0x2285,0x2265,0x2285,0x22A5,0x22A5,0x2285,0x2285,0x22A5,
  0x2285,0x2285,0x2285,0x22A6,0x22A5,0x22A5,0x2285,0x22A5,0x22A5,0x2AC6,0x22A5,0x2285,0x2AA6,0x22A5,0x2AC6,0x2AC6,
  0x2AC6,0x22A5,0x22A5,0x2AC6,0x22A5,0x2285,0x22A5,0x22A5,0x22A5,0x2AC6,0x2AC6,0x22A5,0x22A5,0x22A5,0x2AA5,0x2AC6,
  0x22A5,0x22A5,0x22A5,0x2AC6,0x22A5,0x2285,0x2265,0x22C6,0x2285,0x22A5,0x22A5,0x22A5,0x2AC6,0x22A5,0x22A5,0x22A5,
  0x22A5,0x2AC6,0x2AC6,0x2AC6,0x2AC6,0x2AC6,0x22A5,0x2285,0x22A5,0x2285,0x2285,0x2285,0x2285,0x2265,0x2285,0x2245,
  0x2285,0x22A5,0x22A5,0x22A5,0x22A5,0x22A5,0x2AC6,0x22A5,0x22A5,0x22A5,0x22A5,0x2AC6,0x22A5,0x22A5,0x22A5,0x2AC6,
  0x22A5,0x22A5,0x22A5,0x2AC6,0x22A5,0x2AC6,0x2AE6,0x2AC6,0x2AC6,0x2AC6,0x2AC6,0x22A5,0x22A5,0x22A5,0x22A5,0x22A5,
  0x22A5,0x2AC6,0x22A5,0x2AC6,0x2AC6,0x22A5,0x22A5,0x22A5,0x22A5,0x22A5,0x22A5,0x2AC6,0x22A5,0x22A5,0x22A5,0x22A5,
  0x22A5,0x22A5,0x22A5,0x22A5,0x1A44,0x4B66,0x5BA7,0x1A85,0x2AA5,0x2285,0x2285,0x2285,0x2285,0x2285,0x22A5,0x2AC6,
  0x2AC6,0x22A5,0x2AC6,0x2AE5,0x2AE5,0x22A5,0x22A6,0x2AC6,0x2AC6,0x2AE6,0x2AC6,0x2AA6,0x22A5,0x2AC6,0x2AC6,0x2AC6,
  0x2AC6,0x2AC6,0x2AC6,0x2AC6,0x22A5,0x2AC6,0x2AC6,0x2AC6,0x2AE6,0x2AE6,0x22A5,0x22A5,0x2AC6,0x2AC6,0x22A5,0x22A5,
  0x2AC6,0x22A5,0x22A5,0x22A5,0x22A5,0x2285,0x2265,0x2285,0x22A5,0x22A5,0x22A5,0x2285,0x2285,0x2285,0x22A5,0x2285,
  0x22A5,0x22A5,0x22A5,0x2285,0x22A5,0x22A5,0x22A5,0x22C6,0x2AE6,0x22A5,0x22A5,0x22A5,0x22A5,0x22A5,0x22A5,0x22A5,
  0x22A5,0x2285,0x22A5,0x22A5,0x22A5,0x2AC6,0x2AC6,0x2AC6,0x22A5,0x22A5,0x22A5,0x22C6,0x2285,0x2285,0x2285,0x2285,
  0x22A5,0x22A5,0x2285,0x22A5,0x22A5,0x22A5,0x22A5,0x22A5,0x2AC6,0x22A5,0x22A5,0x22A5,0x2AC6,0x22A5,0x2AC6,0x2AC6,
  0x2AC6,0x2AC6,0x22A5,0x2285,0x2285,0x2285,0x2285,0x2285,0x2285,0x2285,0x2265,0x2265,0x2285,0x22A5,0x2285,0x22A5,
  0x2AE6,0x2AC6,0x2AC6,0x2AC6,0x2AC6,0x2AC6,0x2AC6,0x2AC6,0x22A5,0x22A5,0x22A5,0x22A5,0x22A5,0x22A5,0x22A5,0x22A5,
  0x22A5,0x2AC6,0x2AC6,0x2AC6,0x22A5,0x2AC6,0x2AE6,0x22A5,0x22A5,0x2AC6,0x22A5,0x22A5,0x22A5,0x2AC6,0x2AC6,0x2AC6,
  0x2AC6,0x22A5,0x2AC6,0x22A5,0x22A5,0x22A5,0x22A5,0x22A5,0x22A5,0x22A5,0x22A5,0x22A5,0x2AC6,0x22A5,0x22A5,0x22A5,
  0x2285,0x22A5,0x2AC5,0x2285,0x2285,0x2285,0x2265,0x2285,0x2285,0x22A5,0x2AC6,0x2AC6,0x2AC6,0x2AC6,0x2AC6,0x22C5,
  0x2AC5,0x22A5,0x22A5,0x2AE6,0x2AC6,0x2AC6,0x2AC6,0x2AC6,0x2AC6,0x2AC6,0x2AC6,0x2AC6,0x2AC6,0x2AE6,0x2AC6,0x2AC6,
  0x2AC6,0x2AE6,0x2AC6,0x2AE6,0x2AE6,0x2AE6,0x2AE6,0x22C5,0x2AE6,0x2AC6,0x2AC6,0x2AE6,0x2AC6,0x22A5,0x22A5,0x2285,
  0x22A5,0x2285,0x2285,0x2265,0x2285,0x22A5,0x22A5,0x22A5,0x22A5,0x2285,0x22A5,0x2285,0x22A5,0x22A5,0x2285,0x22A5,
  0x22A5,0x2285,0x22A5,0x2AC6,0x2AC6,0x2AC6,0x22A5,0x22A5,0x22A5,0x22A5,0x22A5,0x22A5,0x2AC6,0x22A5,0x22A5,0x22A5,
  0x22A5,0x2AC6,0x22A5,0x22A5,0x22A5,0x22A5,0x22A5,0x2AC6,0x2265,0x2285,0x2265,0x2285,0x2285,0x22A5,0x22A5,0x22A5,
  0x22A5,0x22A5,0x22A5,0x22A5,0x22A5,0x22A5,0x22A5,0x22A5,0x22A5,0x22A5,0x2AC6,0x22A5,0x22A5,0x22A5,0x22A5,0x2285,
  0x2285,0x2285,0x2285,0x2265,0x22A5,0x22A5,0x2285,0x2265,0x2285,0x2265,0x2285,0x2285,0x2AC6,0x2AC6,0x22A5,0x2AC6,
  0x2AC6,0x22A5,0x2AC6,0x22A5,0x22A5,0x2285,0x22A5,0x22A5,0x22A5,0x22A5,0x22A5,0x22A5,0x2AC6,0x22A5,0x22A5,0x22A5,
  0x2AC6,0x22A5,0x22A5,0x2AC6,0x2AC6,0x2AC6,0x22A5,0x22A5,0x22A5,0x2AC6,0x2AE6,0x2AC6,0x22A5,0x2AC6,0x2AC6,0x2AC6,
  0x22A5,0x22A5,0x22A5,0x2AC6,0x2AC6,0x22A5,0x22A5,0x22C6,0x2AC6,0x2285,0x2285,0x2285,0x22A6,0x2285,0x2285,0x22A5,
  0x2285,0x2285,0x2285,0x2285,0x2285,0x22A5,0x22A5,0x22A5,0x2AC6,0x2AC6,0x2AC6,0x22A5,0x2AC6,0x22A5,0x22A5,0x2AC6,
  0x2AC6,0x2AC6,0x2AC6,0x2AC6,0x2AC6,0x22A5,0x22C5,0x2AC6,0x2AE6,0x2AE6,0x2AC6,0x2AE6,0x2B06,0x2AE5,0x22C5,0x2AE6,
  0x2AE6,0x2AE6,0x2AC6,0x2B06,0x2AE6,0x22A5,0x2AC5,0x2AE5,0x2AC5,0x22A5,0x22A5,0x22A5,0x22A5,0x2285,0x2265,0x2265,
  0x2265,0x2285,0x22A5,0x22A5,0x22A5,0x22A5,0x22A5,0x22A5,0x2285,0x22A5,0x22A5,0x22A5,0x22A5,0x22A5,0x22A5,0x2AA5,
  0x22A5,0x22A5,0x22A5,0x2AC6,0x2AC6,0x22A5,0x22A5,0x22A5,0x22A5,0x2AC6,0x22A5,0x2AC6,0x22A5,0x22A5,0x22A5,0x2285,
  0x22A5,0x22A5,0x22A5,0x2AC6,0x2285,0x2265,0x2285,0x22A5,0x2285,0x22A5,0x2285,0x22A5,0x22C6,0x2285,0x22A5,0x22A5,
  0x22A5,0x22A5,0x22A5,0x22A5,0x22A5,0x22A5,0x2AC6,0x22A5,0x2285,0x22A5,0x22A5,0x2285,0x2285,0x2285,0x2285,0x2285,
  0x22A5,0x2285,0x2285,0x2285,0x2285,0x2285,0x22A5,0x22A5,0x22A5,0x22A5,0x22A5,0x2AC6,0x2AC6,0x22A5,0x2AC6,0x22A5,
  0x22A5,0x22A5,0x22A5,0x2AC6,0x22A5,0x22A5,0x22A5,0x22A5,0x2AC6,0x2AC6,0x2AC6,0x2AC6,0x2AC6,0x22A5,0x22A5,0x2AC6,
  0x2AC6,0x22A5,0x2AC6,0x22A5,0x22A5,0x22A5,0x2AC6,0x22A5,0x22A5,0x2AC6,0x2AE6,0x22A5,0x2AC6,0x2AC6,0x2AC6,0x2AC6,
  0x2AC6,0x2AC6,0x22A5,0x2AC6,0x22A5,0x22A5,0x2285,0x22A5,0x22A5,0x2285,0x22A5,0x22A5,0x22A5,0x22A5,0x22A5,0x2AA6,
  0x2285,0x22A5,0x22A5,0x22A5,0x22A5,0x22A5,0x22A5,0x22A5,0x22A5,0x22A5,0x22A5,0x2AC6,0x2AC6,0x2AC6,0x2AC6,0x2AC6,
  0x22A5,0x2AA5,0x2AA5,0x2AC6,0x2AC6,0x2AC6,0x22A5,0x2AC6,0x2AE6,0x2AC6,0x2AC6,0x22A5,0x2AC6,0x2AC6,0x2AC5,0x2AE6,
  0x2AE6,0x22A6,0x22A5,0x2AE6,0x2AE6,0x2AC6,0x22A5,0x22A5,0x22A5,0x2285,0x2265,0x2265,0x2265,0x2285,0x2285,0x2285,
  0x2285,0x2285,0x2285,0x2285,0x2285,0x22A5,0x2AC6,0x22A5,0x2AC6,0x22A5,0x22A5,0x22A5,0x2285,0x22A5,0x2AC6,0x22A5,
  0x2AC6,0x2AC6,0x22A5,0x2AC6,0x22A5,0x2AC6,0x22A5,0x2AC6,0x22A5,0x22A5,0x22A6,0x22A5,0x2285,0x22A5,0x22A5,0x2AC6,
  0x2285,0x2265,0x2285,0x22A5,0x22A5,0x22A5,0x22A5,0x22A5,0x2AE6,0x22A5,0x22A5,0x2AC6,0x22A5,0x2285,0x22A5,0x2AC6,
  0x22A5,0x2285,0x22A5,0x22A5,0x22A5,0x22A5,0x22A5,0x2285,0x22A5,0x2285,0x2285,0x2285,0x2285,0x22A5,0x2285,0x22A6,
  0x22A5,0x2285,0x22A6,0x22A5,0x22A5,0x22A5,0x22A5,0x2AC6,0x2AC6,0x22A5,0x2AC6,0x22A5,0x22A5,0x2285,0x22A5,0x2AC6,
  0x2AC6,0x2285,0x2AC6,0x2AC6,0x2AC6,0x2AC6,0x2AC6,0x2AC6,0x2AC6,0x22A5,0x22A5,0x2AC6,0x2AC6,0x2AC6,0x2AC6,0x22A5,
  0x22A5,0x2285,0x22A5,0x2AC6,0x2AC6,0x2AC6,0x2AC6,0x2AC6,0x2AC6,0x22A5,0x2AC6,0x2285,0x22A5,0x2AC6,0x2AC6,0x2AC6,
  0x22A5,0x22A5,0x22A5,0x22A5,0x2AC6,0x2AC6,0x22A5,0x22A5,0x22A5,0x22A5,0x22A5,0x22A5,0x22A5,0x22A5,0x22A5,0x22A5,
  0x2285,0x2285,0x22A5,0x22A5,0x2AC6,0x22A5,0x22A5,0x2AC6,0x22A5,0x22A5,0x22A5,0x2AC6,0x22A5,0x2285,0x2AA5,0x2AE6,
  0x2AC6,0x2AC6,0x2AC6,0x2AC6,0x2AC6,0x2AC6,0x22A5,0x22A5,0x2AC6,0x2AC6,0x2AC5,0x2AC5,0x2AE6,0x22A6,0x22A5,0x2AE5,
  0x2AC5,0x2AC6,0x2285,0x22A6,0x22A5,0x2285,0x2265,0x2265,0x2265,0x2285,0x2285,0x2265,0x2285,0x2285,0x2285,0x2285,
  0x22A5,0x22A5,0x22A5,0x22A5,0x22A5,0x22A5,0x22A5,0x22A5,0x22A5,0x2AC6,0x2AC6,0x22A5,0x2285,0x2AC6,0x22A5,0x22A5,
  0x22A5,0x2AE6,0x2AC6,0x2AC6,0x22A5,0x22A5,0x2285,0x2285,0x22A5,0x2285,0x2285,0x2AC6,0x2285,0x2285,0x2285,0x22A5,
  0x22A5,0x2AC6,0x2AA5,0x22A5,0x2AC6,0x22A5,0x22A5,0x22A5,0x22A5,0x22A5,0x2AC6,0x2AC6,0x22A5,0x2285,0x22A5,0x22A5,
  0x22A5,0x22A5,0x22A5,0x2285,0x2285,0x2285,0x2285,0x2265,0x2285,0x22A5,0x22A5,0x22A5,0x22A5,0x2285,0x22A5,0x22A5,
  0x2285,0x22A5,0x22A5,0x22A5,0x22A5,0x2AC6,0x22A5,0x22A5,0x22A5,0x2285,0x22A5,0x2AC6,0x2AC6,0x2AC6,0x22A5,0x2AC6,
  0x2AC6,0x2AC6,0x22A5,0x22A5,0x22A5,0x22A5,0x2AC6,0x22A5,0x2AC6,0x22A5,0x2AC6,0x22A5,0x22A5,0x22A5,0x2285,0x22A5,
  0x2AC6,0x2AC6,0x2AC6,0x22C5,0x2AC6,0x22A5,0x22C6,0x22A5,0x22A5,0x2AC6,0x2AC6,0x22A5,0x22A5,0x22A5,0x2AC6,0x2AC6,
  0x22A5,0x22A5,0x22A5,0x22A5,0x22A5,0x22A5,0x22A5,0x22A5,0x2285,0x22A5,0x2285,0x22A5,0x22A5,0x2285,0x22A5,0x22A5,
  0x22A5,0x22A5,0x22A5,0x2AC6,0x2AC6,0x22A5,0x2AC6,0x2AC6,0x22A5,0x22A5,0x22A5,0x22C6,0x2AC6,0x2AC6,0x2AC6,0x22A5,
  0x2AC6,0x2AC6,0x22A5,0x22A5,0x22A5,0x2AC6,0x2AC6,0x2AC5,0x2AE5,0x2AC5,0x2AC5,0x2AC6,0x2AC5,0x22C5,0x22A5,0x22A5,
  0x2285,0x2285,0x2265,0x2265,0x2285,0x2AA6,0x2285,0x2265,0x2285,0x2265,0x2265,0x2285,0x22A5,0x22A5,0x2AC6,0x22A5,
  0x22A5,0x22A5,0x22A5,0x2285,0x22A5,0x2AC6,0x2AC6,0x22A5,0x22A5,0x2AC6,0x22A5,0x22A5,0x22A5,0x22A5,0x22A5,0x22A5,
  0x22A5,0x22A5,0x22A5,0x2285,0x22A5,0x2285,0x22A5,0x22A5,0x22A5,0x22A5,0x2285,0x22A5,0x22A5,0x2AC6,0x22A5,0x22A5,
  0x2AC6,0x2AC6,0x22A5,0x22A5,0x22A5,0x22A5,0x22A5,0x2AC6,0x22A5,0x2285,0x2AC6,0x2285,0x22A5,0x22A5,0x2285,0x2285,
  0x2265,0x2285,0x2265,0x2265,0x2285,0x22A5,0x22A5,0x22A5,0x22A5,0x22A5,0x2AC6,0x22A5,0x22A5,0x2285,0x22A5,0x22A5,
  0x2AC6,0x2AC6,0x22A5,0x22A5,0x2AC6,0x2285,0x22A5,0x22C6,0x2AC6,0x22C6,0x2AC6,0x2AC6,0x2AC6,0x2AC6,0x2AC6,0x2AC6,
  0x22A5,0x22A5,0x22A5,0x2AE6,0x2AE6,0x2AC6,0x22C5,0x2AC6,0x22A5,0x22A5,0x22A5,0x22A5,0x22A5,0x2AE6,0x2AE6,0x2AC6,
  0x2AA6,0x2AC6,0x22C6,0x2AC6,0x2AE6,0x2AE6,0x2AC6,0x22A5,0x22A5,0x22A5,0x2AC6,0x2AE6,0x2AC6,0x2AC6,0x22A5,0x22A5,
  0x22A5,0x22A5,0x2AC6,0x2AC6,0x22A5,0x22A5,0x22A5,0x22A6,0x2285,0x22A5,0x22A5,0x22A5,0x22A5,0x2AC6,0x22A5,0x2AC6,
  0x2AC6,0x22A5,0x2AE6,0x2AC6,0x22A5,0x22A5,0x2AC6,0x2AC6,0x2AC6,0x2AC6,0x2AC6,0x22A5,0x2AE6,0x2AC6,0x22A5,0x22A5,
  0x22A5,0x2AC6,0x2AE6,0x2AE5,0x2AE6,0x2AC5,0x2AE6,0x22A6,0x22C6,0x22C5,0x22A5,0x22A5,0x22A5,0x2285,0x2285,0x2285,
  0x2285,0x2285,0x2285,0x2285,0x2285,0x2265,0x2265,0x2285,0x22A5,0x22A5,0x2AC6,0x22A5,0x22A5,0x22A5,0x22A5,0x22A5,
  0x2AC6,0x2AC6,0x22A5,0x22A5,0x22A5,0x2AC6,0x22A5,0x22A5,0x2AC6,0x22A5,0x22A5,0x22A5,0x22A5,0x22A5,0x22A5,0x2285,
  0x2285,0x22A6,0x22A5,0x2285,0x22A5,0x22A5,0x2285,0x22A5,0x2AC6,0x2AC6,0x2AC6,0x2AC6,0x22C6,0x22A5,0x22A5,0x22A5,
  0x22A5,0x22A5,0x22A5,0x22A5,0x2285,0x22A5,0x2AC6,0x2285,0x2285,0x2285,0x2265,0x2285,0x2285,0x2285,0x2285,0x2265,
  0x2285,0x22A5,0x22A5,0x22A5,0x22A5,0x2285,0x22A5,0x22A5,0x2285,0x22A5,0x22A5,0x22A5,0x2AC6,0x22A5,0x22A5,0x22A5,
  0x22A5,0x2285,0x2AC6,0x2AC6,0x2AA6,0x2285,0x22A5,0x2AC6,0x2AC6,0x22A5,0x2AC6,0x2AC6,0x2AC6,0x2AC6,0x2AC6,0x2AE6,
  0x2AE6,0x2AC6,0x22A5,0x22A5,0x22A5,0x22A5,0x2AC6,0x2285,0x2AC6,0x2AE6,0x2AE6,0x2AE6,0x2AA5,0x2AA6,0x22A5,0x2AC6,
  0x2AE6,0x2AC6,0x2AC6,0x2AC6,0x22A5,0x22A5,0x2AE6,0x2AE6,0x2AC6,0x2AC6,0x22A5,0x22A5,0x2AC6,0x22A5,0x2AE6,0x22A5,
  0x22A5,0x22A5,0x22A5,0x2285,0x2285,0x22A5,0x22A5,0x22A5,0x22A5,0x2AC6,0x2AC6,0x2AC6,0x22A5,0x2AC6,0x2AC6,0x2AC6,
  0x22A5,0x22A5,0x2AC6,0x2AC6,0x2AC6,0x2AC6,0x2AC6,0x2AC6,0x2AC6,0x2AC6,0x22A5,0x22A5,0x2AC6,0x2AC6,0x2AC5,0x2AE6,
  0x2AE6,0x2AC5,0x2AC5,0x2AC6,0x2AC6,0x22C5,0x2285,0x22A5,0x22A5,0x2285,0x2285,0x2285,0x2265,0x2285,0x2265,0x2285,
  0x2285,0x2285,0x2285,0x2265,0x2285,0x22A5,0x22A5,0x22A5,0x22A5,0x22A5,0x22A5,0x22A5,0x22A5,0x22A5,0x22A5,0x22A5,
  0x22A5,0x22A5,0x22A5,0x2AC6,0x2AC6,0x2AC6,0x22A5,0x22A5,0x22A5,0x22A6,0x22A5,0x2285,0x22A5,0x22A5,0x22A5,0x22A5,
  0x22A5,0x22A5,0x22A5,0x22A5,0x22A5,0x2AC6,0x2AE6,0x2AE6,0x22C6,0x22A5,0x2285,0x22A5,0x22A5,0x22A5,0x22A5,0x22A5,
  0x2285,0x22A5,0x2285,0x2285,0x2285,0x22A5,0x22A5,0x2285,0x2265,0x2285,0x2285,0x2285,0x22A5,0x2285,0x22A5,0x22A5,
  0x22A5,0x2285,0x2285,0x22A5,0x22A5,0x22A5,0x22A5,0x22A5,0x2AC6,0x22A5,0x2AC6,0x22A5,0x22A5,0x22A5,0x22A5,0x2AC6,
  0x22A5,0x22A5,0x22A5,0x2AC6,0x2AC6,0x2AC6,0x2AC6,0x2AC6,0x2AC6,0x2AC6,0x2AC6,0x2AC6,0x22C5,0x2AA5,0x2285,0x22A5,
  0x22A5,0x22A5,0x22A5,0x22A5,0x2AC6,0x2AC6,0x2AC6,0x2AA6,0x2A85,0x2AA6,0x2AC6,0x2AC6,0x22A6,0x2AC6,0x2AC6,0x2AC6,
  0x2AC6,0x22A5,0x2AE6,0x2AE6,0x2AC6,0x2AC6,0x22A5,0x22A5,0x22A5,0x22A5,0x22A5,0x22A5,0x22A5,0x22A5,0x2285,0x2285,
  0x2265,0x2AC6,0x2AC6,0x22A5,0x2285,0x22A5,0x2AC6,0x22A5,0x22A5,0x22A5,0x22A5,0x2AC6,0x2AC6,0x2AC6,0x2AC6,0x2AC6,
  0x2AC6,0x22A5,0x2AC6,0x2AC6,0x2AC6,0x2AC6,0x2AC6,0x22A5,0x22A5,0x2AC6,0x22C5,0x2AE5,0x2AE5,0x2AE6,0x2AE6,0x2AE6,
  0x2AC6,0x22A5,0x22A5,0x22A5,0x22A5,0x2285,0x2285,0x2265,0x2285,0x2265,0x2285,0x22A5,0x22A6,0x2285,0x2265,0x2265,
  0x2285,0x22C6,0x22A5,0x22A5,0x22A5,0x22A5,0x22A5,0x22A5,0x22A5,0x22A5,0x22A5,0x22A5,0x22A5,0x22A5,0x2AC6,0x22A5,
  0x2AC6,0x22A5,0x22A5,0x22A5,0x22A5,0x22A5,0x22A5,0x22A5,0x22A5,0x22A5,0x22A5,0x22A5,0x22A5,0x22A5,0x2AC6,0x22A5,
  0x22A5,0x2AC6,0x2AC6,0x22C6,0x2AC6,0x2AC6,0x22A5,0x22A5,0x22A5,0x22A5,0x2AC6,0x22A5,0x22A5,0x22A5,0x22A5,0x2285,
  0x2285,0x2285,0x22A5,0x2285,0x2285,0x2285,0x2285,0x2285,0x2285,0x22A5,0x2285,0x22A5,0x22A5,0x22A5,0x22A5,0x22A5,
  0x22A5,0x22A5,0x22A5,0x22A5,0x2AC6,0x22A5,0x2AC6,0x22A5,0x2285,0x2285,0x22A5,0x2AC6,0x22A5,0x2285,0x2AC6,0x22C6,
  0x2AC6,0x2AC6,0x2AC6,0x2AC6,0x2AE6,0x2AC6,0x2AC6,0x2AC6,0x2AE6,0x2285,0x2285,0x22A5,0x22A5,0x22A5,0x22A5,0x22A5,
  0x22A5,0x22A5,0x2AC6,0x2285,0x22A6,0x22A5,0x2AC6,0x2AC6,0x22A6,0x2AA6,0x2AE6,0x2AC6,0x22A5,0x2AC6,0x2AC6,0x2AE6,
  0x2AC6,0x2AC6,0x22A5,0x22A5,0x22A5,0x22A5,0x22A5,0x22A5,0x22A5,0x22A5,0x2265,0x2285,0x2285,0x22A5,0x22A5,0x22A5,
  0x22A5,0x22A5,0x22A5,0x22A5,0x22A5,0x22A5,0x22A5,0x2AC6,0x2AC6,0x2AC6,0x2AC6,0x2AC6,0x2AC6,0x2AC6,0x2AC6,0x22A5,
  0x2AC6,0x2AC6,0x22A5,0x22A5,0x2AC6,0x2AE6,0x22C5,0x2B06,0x2B06,0x2AE6,0x2AC5,0x2AE6,0x2AC6,0x22A5,0x22A5,0x22A5,
  0x22A5,0x2285,0x2285,0x2265,0x2285,0x2285,0x22A5,0x22A5,0x22A5,0x2265,0x2285,0x2285,0x2285,0x22C6,0x22A5,0x22A5,
  0x2AC6,0x22A5,0x22A5,0x22A5,0x22A5,0x2AC6,0x22A5,0x22A5,0x22A5,0x22A5,0x22A5,0x22A5,0x22A5,0x2AC6,0x2285,0x22A5,
  0x2AC6,0x22A5,0x22A5,0x22A5,0x2285,0x22A5,0x22A5,0x22A5,0x2285,0x22A5,0x22A5,0x2AC6,0x22A5,0x2AC6,0x22A5,0x22A5,
  0x22A5,0x22A5,0x22A5,0x22A5,0x22A5,0x2AC6,0x2AC6,0x2AC6,0x22A5,0x22A5,0x22A5,0x2285,0x2285,0x2285,0x2285,0x2285,
  0x2285,0x2285,0x22A5,0x2285,0x22A5,0x22A5,0x22A5,0x22A5,0x22A5,0x2285,0x22A5,0x2285,0x2285,0x22A5,0x22A5,0x22A5,
  0x22A5,0x22A5,0x22A5,0x22A5,0x22A5,0x2285,0x22A5,0x22C6,0x22A5,0x22A5,0x2AA6,0x2AE6,0x2AE5,0x2AE5,0x2AE5,0x22C5,
  0x2AE5,0x2AE5,0x2AC6,0x2AC6,0x2AE6,0x22A5,0x22A5,0x22A5,0x22A5,0x22A5,0x2285,0x2265,0x2285,0x22A5,0x2AC6,0x22A5,
  0x22A5,0x2AC6,0x2AC6,0x2AC6,0x2285,0x2AA5,0x2AC6,0x2AC6,0x22A5,0x2AA6,0x2AC6,0x2AE6,0x2AC6,0x22A5,0x22A5,0x2AC6,
  0x2AC6,0x22A5,0x22A5,0x22A5,0x22A5,0x22A5,0x2285,0x2285,0x22A5,0x22A5,0x22A5,0x2285,0x2285,0x2285,0x2285,0x22A5,
  0x22A5,0x22A5,0x22A5,0x2AC6,0x2AC6,0x22A5,0x2AC6,0x22A5,0x2AC6,0x2AE6,0x2AC6,0x2AC6,0x2AC6,0x2AC6,0x2AC6,0x22A5,
  0x2AC5,0x2AE6,0x2AE5,0x2AE6,0x2AE5,0x2AE5,0x2AA5,0x2AC6,0x2AC6,0x22A5,0x22A5,0x22A5,0x22A5,0x22A5,0x22A5,0x22A5,
  0x22A5,0x2285,0x2285,0x2285,0x2285,0x2265,0x2265,0x2285,0x2285,0x22C6,0x22A5,0x22A5,0x2AC6,0x22A5,0x22A5,0x22A5,
  0x22A5,0x2AC6,0x2AC6,0x22A5,0x22A5,0x22A5,0x22A5,0x2AC6,0x22A5,0x2AC6,0x22A5,0x22A5,0x2AC6,0x22A5,0x22A5,0x22A5,
  0x2285,0x22A5,0x22A5,0x22A5,0x2285,0x22A5,0x22A5,0x22A5,0x2285,0x22A5,0x22A5,0x22A5,0x22A5,0x22A5,0x2285,0x22A5,
  0x22A5,0x2AC6,0x22A5,0x2AC6,0x2AE6,0x2285,0x22A5,0x2285,0x2265,0x2265,0x2285,0x2285,0x2265,0x2285,0x22A5,0x2285,
  0x22A5,0x22A5,0x22A5,0x22A5,0x22A5,0x22A5,0x22A5,0x2285,0x22A5,0x22A5,0x22A5,0x22A5,0x22A5,0x2AC6,0x22A5,0x2AC6,
  0x2AC6,0x2265,0x22A5,0x22A5,0x22A5,0x2AC6,0x22A5,0x2AE6,0x2B06,0x2AE5,0x2AE6,0x2AE6,0x22C5,0x2AE6,0x2AC6,0x22A5,
  0x22C5,0x22A5,0x22A5,0x22A5,0x22A5,0x22A5,0x2285,0x2285,0x2285,0x22A5,0x22A5,0x22A5,0x2AC6,0x2AC6,0x2AE6,0x2AE6,
  0x2285,0x2AA5,0x22C5,0x22A5,0x2AC6,0x22A5,0x2AA6,0x2AE6,0x2AC6,0x22A5,0x22A5,0x2AC6,0x2AC6,0x22A5,0x22A5,0x22A5,
  0x2285,0x22A5,0x22A6,0x22C6,0x22A5,0x22A5,0x2AC6,0x22A5,0x2285,0x2285,0x2285,0x22A5,0x22C5,0x22A5,0x22A5,0x22A5,
  0x22A5,0x22A5,0x2AC6,0x2AC6,0x2AC6,0x2AC6,0x22A5,0x2AC6,0x2AC6,0x2AC6,0x2AC6,0x2AC6,0x2AE6,0x22E5,0x2AE5,0x2AE6,
  0x22E5,0x2AE6,0x2AC5,0x2AC6,0x2AC6,0x22A5,0x22A5,0x22A5,0x22A5,0x22A5,0x22A5,0x22A5,0x22A5,0x2285,0x2265,0x2285,
  0x2285,0x2285,0x2265,0x2285,0x2285,0x22A5,0x22C5,0x22A5,0x22A5,0x22A5,0x22A5,0x2AC6,0x2AC6,0x22A5,0x2AC6,0x22A5,
  0x22A5,0x22A5,0x2AC6,0x22A5,0x2AC6,0x22A5,0x22A5,0x22A5,0x22A5,0x22A5,0x22A5,0x22A5,0x2285,0x22A5,0x22A5,0x22A5,
  0x22A5,0x22A5,0x22A5,0x22A5,0x22A5,0x22A5,0x2AC6,0x22A5,0x22A5,0x22A5,0x22A5,0x22A5,0x22A5,0x2AC6,0x2AC6,0x2AC6,
  0x22C5,0x2AC6,0x22A5,0x2285,0x2285,0x2265,0x2265,0x2285,0x2285,0x2285,0x2265,0x2285,0x2285,0x2265,0x2285,0x22A5,
  0x22A5,0x2285,0x22A5,0x2285,0x2285,0x22A5,0x22A5,0x22A5,0x22A5,0x2AC6,0x22A5,0x22C6,0x2AC6,0x2285,0x22A5,0x22C6,
  0x22A5,0x22A5,0x22A5,0x2AC6,0x2AE5,0x2B06,0x2B06,0x2AC5,0x2AC6,0x2AC6,0x22A5,0x22A5,0x22C5,0x2AA6,0x2285,0x22A5,
  0x2285,0x22A5,0x2AA6,0x2285,0x2285,0x22A5,0x22A5,0x2AC6,0x2AC6,0x2AC6,0x2AC6,0x2AC6,0x22A6,0x22A6,0x2AC6,0x2AC6,
  0x22A5,0x22A5,0x2AC6,0x22A5,0x22A5,0x22A5,0x22A5,0x22A5,0x2AC6,0x2AC6,0x22A5,0x22A5,0x22A5,0x2AC6,0x22A5,0x22A5,
  0x22A5,0x22A5,0x22A5,0x22A6,0x22A6,0x22A5,0x2285,0x2AA6,0x22A5,0x2AC6,0x2AC6,0x2AC6,0x2AE5,0x2AE6,0x2AC6,0x2AC6,
  0x2AE6,0x22A5,0x22A5,0x2AE6,0x2AC6,0x2AE6,0x2AC6,0x2AC6,0x2AC6,0x2AE5,0x2B06,0x2AE5,0x22C5,0x2AC6,0x2AC6,0x2AC6,
  0x2AC6,0x2AC6,0x22A5,0x2285,0x22A5,0x2285,0x2285,0x2265,0x2285,0x2285,0x22A5,0x2285,0x22A5,0x2285,0x2285,0x2285,
  0x2285,0x22C5,0x22A5,0x22A5,0x2AC6,0x22A5,0x22A5,0x2AC6,0x2AC6,0x2AC6,0x22A5,0x2AC6,0x22A5,0x22A5,0x22A5,0x22A5,
  0x2AC6,0x2AC6,0x22A5,0x22A5,0x22A5,0x22A5,0x22A5,0x22A5,0x22A5,0x22A5,0x22A5,0x22A5,0x22A5,0x22A5,0x22A5,0x22A5,
  0x22A5,0x22A5,0x22A5,0x22A5,0x22A5,0x2AC6,0x22A5,0x2285,0x22A5,0x22A5,0x22A5,0x22A5,0x22A5,0x2AC6,0x2AC6,0x2285,
  0x2285,0x2265,0x2265,0x2265,0x2265,0x2265,0x2265,0x2265,0x2265,0x2265,0x2285,0x22A5,0x2285,0x2285,0x22A5,0x22A5,
  0x2285,0x22A5,0x22A5,0x22A5,0x22A5,0x22A5,0x22A5,0x2285,0x22A5,0x2AA5,0x22A5,0x22C6,0x2AA6,0x2AA5,0x2AC6,0x2AE6,
  0x22C5,0x2AE6,0x2AE5,0x2AE6,0x22A5,0x22A5,0x22A5,0x22A5,0x2AC6,0x22A5,0x22A5,0x22A5,0x22A5,0x22A5,0x22A5,0x2285,
  0x22A5,0x22A6,0x22A6,0x2AC6,0x22A5,0x22A5,0x22A5,0x22A5,0x22A6,0x22A5,0x2AC6,0x2AC6,0x22A5,0x22A5,0x2AC6,0x2AC6,
  0x22A5,0x22A5,0x22A5,0x22A5,0x2AC6,0x2AC6,0x22A5,0x2AC6,0x2AC6,0x22A5,0x22A5,0x22A5,0x22A5,0x22A5,0x22A5,0x22A6,
  0x22A5,0x22A5,0x2285,0x22A5,0x2AC6,0x2AC6,0x2AA6,0x22C5,0x2AE6,0x2AE6,0x22A5,0x2AC6,0x2AC6,0x2AC6,0x2AC6,0x2AC6,
  0x2AC6,0x2AC6,0x2AC6,0x2AC6,0x2AE6,0x2AE5,0x2AE6,0x2AE5,0x2AE6,0x2AC6,0x2AC6,0x2AC6,0x2AC6,0x22A5,0x22A5,0x22A5,
  0x22A5,0x2285,0x2265,0x2265,0x2265,0x2285,0x22A5,0x2285,0x22A5,0x22A5,0x2285,0x2285,0x2265,0x22A5,0x2AC6,0x22A5,
  0x2AC6,0x22A5,0x22A5,0x22A5,0x22A5,0x22A5,0x22A5,0x2AC6,0x2AC6,0x22A5,0x2AC6,0x2AC6,0x22A5,0x2AC6,0x22A5,0x22C6,
  0x22A5,0x22A5,0x22A5,0x2285,0x22A5,0x2AC6,0x2285,0x22A5,0x22A5,0x22A5,0x22A5,0x2AC6,0x2285,0x22A5,0x22A5,0x22A5,
  0x22A5,0x2285,0x22A5,0x22A5,0x22A5,0x22A5,0x22A5,0x2AC6,0x2AC6,0x22A5,0x2AC6,0x22A6,0x2285,0x2285,0x2265,0x2265,
  0x2265,0x2265,0x2285,0x2285,0x2285,0x2265,0x2285,0x22A5,0x2285,0x2285,0x2285,0x2285,0x2285,0x22A5,0x22C5,0x2AC6,
  0x2AA6,0x22A5,0x22A5,0x2285,0x22A5,0x22A5,0x22A5,0x2AC6,0x2AC6,0x22A5,0x22A5,0x2AC6,0x2AC6,0x2AC6,0x2AC5,0x2AC6,
  0x22A5,0x22A5,0x22A5,0x22A5,0x2AC6,0x2AC6,0x2AA6,0x22A5,0x22A5,0x2285,0x2285,0x2AC6,0x22A5,0x22A5,0x2AC6,0x2AC6,
  0x2AC6,0x22A5,0x22A5,0x22A5,0x22A5,0x22A5,0x2AC6,0x2AC6,0x22A5,0x22A5,0x2AC6,0x22A5,0x2285,0x22A5,0x22A5,0x22A5,
  0x22A5,0x22A5,0x22A5,0x2AC6,0x22C6,0x22A5,0x22A5,0x22A5,0x22A5,0x22A5,0x22A5,0x22A5,0x22A5,0x2285,0x2285,0x22A5,
  0x2AC6,0x2AC6,0x22A5,0x22A5,0x2AC6,0x2AE6,0x2AC6,0x22A5,0x22A5,0x2AC6,0x2AC6,0x2AC6,0x2AC6,0x2AC6,0x2AC6,0x22C5,
  0x2AE6,0x2AC6,0x2AC6,0x2AC6,0x2AC6,0x22A5,0x22A5,0x2AC6,0x2AC6,0x2AC6,0x22A5,0x22A5,0x22A5,0x2285,0x2265,0x2265,
  0x2265,0x2285,0x2285,0x2285,0x2285,0x2285,0x2285,0x2285,0x22A5,0x22A5,0x22C5,0x22A5,0x2AC6,0x22A5,0x22A5,0x22A5,
  0x22A5,0x2AC6,0x2AC6,0x22A5,0x2AC6,0x2AC6,0x2AC6,0x2AC6,0x2AC6,0x2AC6,0x2AC6,0x22C6,0x2AA5,0x22A5,0x22A5,0x22A5,
  0x22A5,0x2AC6,0x22A5,0x2285,0x2AC6,0x22A5,0x22A5,0x22A5,0x22A5,0x22A5,0x2AC6,0x22A5,0x22A5,0x22A5,0x22A5,0x22A5,
  0x22A5,0x22A5,0x22A5,0x22A5,0x22A5,0x2285,0x22A5,0x22A5,0x22A5,0x22A5,0x2285,0x2285,0x2265,0x2265,0x2265,0x2285,
  0x2265,0x2285,0x2285,0x22A5,0x22A5,0x22A5,0x2285,0x2285,0x2285,0x22A5,0x2AE6,0x2AC6,0x22A5,0x22A5,0x22A5,0x22A5,
  0x22A5,0x22A5,0x22A5,0x22A5,0x2AC6,0x22A5,0x22A5,0x2AC6,0x2AC6,0x2AC6,0x2AC6,0x2AC6,0x2AC6,0x22A5,0x2AC6,0x22A5,
  0x22A5,0x22A5,0x22A6,0x22A5,0x22A5,0x22A5,0x22A5,0x2AC6,0x22A5,0x2AE6,0x2AE6,0x22A5,0x22A5,0x22A5,0x22A5,0x22A5,
  0x22A5,0x22C5,0x22A5,0x22A5,0x22A5,0x22A5,0x22A5,0x22A5,0x2265,0x2285,0x22A5,0x22A5,0x22A5,0x22A5,0x2285,0x22A5,
  0x22C6,0x22A5,0x2285,0x22A5,0x22A5,0x22A5,0x2285,0x22A5,0x22A5,0x2285,0x2285,0x2AC6,0x2AC6,0x22A5,0x2AC6,0x22A5,
  0x2AC6,0x2AE6,0x2AC6,0x22A5,0x22A5,0x2AC6,0x2AC6,0x22A5,0x22A5,0x22A5,0x2AE6,0x2B06,0x2AE6,0x2AC6,0x2AC6,0x22A5,
  0x22A5,0x22A5,0x2AC6,0x2AC6,0x22A5,0x2AC6,0x22A5,0x22A5,0x2285,0x2285,0x2265,0x2265,0x2265,0x2285,0x2265,0x2265,
  0x2285,0x2285,0x2265,0x2285,0x22A5,0x22A5,0x22A5,0x22A5,0x22A5,0x22A5,0x22A5,0x22A5,0x22A5,0x2AC6,0x2AC6,0x22A5,
  0x2285,0x2AC6,0x22A5,0x22A5,0x22A5,0x2AE6,0x2AC6,0x2AC6,0x22A5,0x22A5,0x22A5,0x22A5,0x22A5,0x22A5,0x22A5,0x22A5,
  0x22A5,0x22A5,0x22A5,0x22A5,0x22A5,0x2AC6,0x2AC6,0x2285,0x22A5,0x2AC6,0x2285,0x22A5,0x22A5,0x22A5,0x22A5,0x22A5,
  0x22A5,0x22A5,0x22A5,0x22A5,0x22A6,0x2285,0x2285,0x2265,0x2265,0x2265,0x2265,0x2265,0x2265,0x2285,0x22A6,0x2285,
  0x2285,0x2285,0x22A5,0x22A5,0x2AA6,0x22A5,0x2AC6,0x2AC6,0x22A5,0x22A5,0x22A5,0x2AC6,0x22A5,0x22A5,0x22A5,0x22C6,
  0x2AC6,0x2285,0x22A5,0x22A5,0x2AC6,0x2AC6,0x2AC6,0x2AC6,0x2AC6,0x22A5,0x2AC6,0x22A5,0x22A5,0x2AC6,0x22A5,0x2AC6,
  0x22A5,0x2AC6,0x2AC6,0x2AC6,0x22A5,0x22A5,0x2AC6,0x22A5,0x22A5,0x22A5,0x2AC6,0x2AC6,0x22A5,0x22A5,0x22A5,0x22A5,
  0x2265,0x2285,0x22A5,0x22A5,0x2285,0x2285,0x22A5,0x22A5,0x22A5,0x22A5,0x22A5,0x22A5,0x2AC6,0x22A5,0x22A5,0x22A5,
  0x2AC6,0x22A5,0x22A5,0x2AC6,0x22A5,0x22A5,0x22A5,0x22A5,0x22A5,0x2AC6,0x22A5,0x22A5,0x2AC6,0x2AE6,0x2AC6,0x2AC6,
  0x22A5,0x2AC6,0x2AC6,0x2AC6,0x2AC6,0x22A5,0x2AC6,0x2AE6,0x2AC6,0x2AC6,0x22A5,0x2285,0x22A5,0x2AC6,0x22A5,0x2AC6,
  0x22C6,0x22A5,0x22A5,0x2285,0x2285,0x2285,0x2265,0x2265,0x2265,0x2AA6,0x2285,0x2285,0x2285,0x2265,0x2245,0x2285,
  0x22A5,0x22A5,0x22A6,0x22A5,0x22A5,0x22A5,0x22A5,0x2285,0x22A5,0x2AC6,0x2AC6,0x22A5,0x22A5,0x2AC6,0x2AC6,0x2AC6,
  0x2AC6,0x22A5,0x22A5,0x2AC6,0x22A5,0x22A5,0x22A5,0x22A5,0x22A5,0x22A5,0x22A5,0x22A5,0x22A5,0x2285,0x22A5,0x2AC6,
  0x22A5,0x22A5,0x22A5,0x2AA6,0x22C6,0x2AC6,0x2AA5,0x22A5,0x22A5,0x22A5,0x22A5,0x2285,0x2285,0x22C6,0x2AA6,0x2285,
  0x22A5,0x2265,0x22A5,0x2265,0x2265,0x2265,0x2265,0x2285,0x2265,0x2285,0x2285,0x2285,0x2285,0x2285,0x22A5,0x2285,
  0x22A5,0x22A5,0x22A5,0x2AC6,0x22C5,0x22A5,0x22A5,0x2AC6,0x22A5,0x22A5,0x2AC6,0x2AC6,0x22A5,0x2285,0x22A5,0x22A5,
  0x22A5,0x22A5,0x2AC6,0x2AC6,0x2AC6,0x22A5,0x2AC6,0x2AC6,0x2AC6,0x2AC6,0x22A5,0x22A5,0x22A5,0x2AC6,0x2AC6,0x22A5,
  0x22A5,0x22A5,0x22A5,0x2AC6,0x22A5,0x2285,0x22A5,0x22A5,0x22A5,0x22A5,0x22A5,0x2285,0x2265,0x2285,0x22C5,0x22A5,
  0x2285,0x2285,0x22A5,0x2285,0x22A5,0x22A5,0x22A5,0x22A5,0x2AC6,0x22A5,0x22A5,0x22A5,0x22A5,0x22A5,0x22A5,0x2AC6,
  0x22A5,0x22A5,0x22A5,0x22A5,0x2AC6,0x2AC6,0x2AC6,0x2AC6,0x2AC6,0x2AC6,0x22A5,0x22A5,0x2AC6,0x2AC6,0x22A5,0x22A5,
  0x22A5,0x22A5,0x22C6,0x2AE6,0x2AE6,0x2AC6,0x2AC6,0x2AC6,0x2AC6,0x2AC6,0x2AC6,0x22A5,0x22C5,0x22C6,0x2285,0x2285,
  0x2285,0x2285,0x2285,0x2265,0x2285,0x2285,0x2285,0x2285,0x2285,0x2265,0x2265,0x2285,0x2285,0x22A5,0x22A5,0x22A5,
  0x22A5,0x22A5,0x2AC6,0x22A5,0x2AC6,0x2AC6,0x22A5,0x22A5,0x22A5,0x2AC6,0x22A5,0x22A5,0x2AC6,0x2AC6,0x22A5,0x22A5,
  0x22A5,0x22A5,0x22A5,0x22A5,0x22A5,0x22A5,0x22A5,0x22A5,0x2285,0x22A5,0x2AC6,0x2AC6,0x2AC6,0x22A5,0x22C5,0x2AE6,
  0x2AE6,0x2AC6,0x22A5,0x22A5,0x22A5,0x22A5,0x22A5,0x2285,0x22A5,0x2AE6,0x2AA6,0x2285,0x2285,0x2285,0x2285,0x2285,
  0x2265,0x2265,0x2265,0x2265,0x2265,0x2285,0x2265,0x2285,0x22A5,0x22C5,0x22A5,0x2285,0x22A5,0x2AC6,0x22C5,0x2AC6,
  0x22A5,0x22A5,0x22A5,0x2AC6,0x2285,0x22A5,0x2AC6,0x2AC6,0x2AA5,0x22A5,0x22A5,0x2AC6,0x2285,0x2AC6,0x2AC6,0x2AC6,
  0x2AE6,0x2AA5,0x2AC6,0x22A5,0x2AC6,0x22A5,0x22A5,0x22A5,0x22A5,0x22A5,0x2AC6,0x22A5,0x22A5,0x22A5,0x2AC6,0x2285,
  0x22A5,0x22A5,0x22A5,0x2AC6,0x22A5,0x2AC6,0x2AC5,0x2285,0x2285,0x2285,0x22A5,0x2285,0x2285,0x22A5,0x22A5,0x22A5,
  0x22A5,0x22A5,0x22A5,0x22A5,0x2AC6,0x22A5,0x22A5,0x22A5,0x22A5,0x22A5,0x2AC6,0x2AC6,0x22A5,0x22A5,0x22A5,0x2AC6,
  0x2AC6,0x2AC6,0x22A5,0x2AC6,0x2AC6,0x2AE6,0x22A5,0x2AC6,0x2AC6,0x2AC6,0x22A5,0x22A5,0x22A5,0x22A5,0x22C6,0x2AE6,
  0x2AE6,0x2AC6,0x2AE6,0x2AE6,0x22C5,0x22A5,0x2AC6,0x22A5,0x22A5,0x22C5,0x2285,0x2285,0x2285,0x2265,0x2265,0x2265,
  0x2285,0x2AA6,0x2285,0x2265,0x2265,0x2285,0x2285,0x2285,0x2265,0x2265,0x2285,0x22A5,0x22A5,0x2AC6,0x2AC6,0x22A5,
  0x22A5,0x22A5,0x22A5,0x22A5,0x22A5,0x2AC6,0x2AC6,0x22A5,0x2AA6,0x2AC6,0x22A5,0x22A5,0x22A5,0x22A5,0x22A5,0x2AC6,
  0x22A5,0x2AC6,0x22A5,0x22A5,0x22A5,0x22A5,0x22A5,0x2AC6,0x22A5,0x2285,0x22A5,0x2AC6,0x2AC6,0x22A5,0x2285,0x22A5,
  0x2AC6,0x22A5,0x22A5,0x22A5,0x22A5,0x2AE6,0x2AA5,0x2285,0x22A5,0x2285,0x2285,0x2265,0x2285,0x2285,0x2265,0x2285,
  0x2285,0x2285,0x2265,0x2265,0x2AA6,0x22C5,0x2AC6,0x22A5,0x22A5,0x22A5,0x22A5,0x22A5,0x2285,0x22A5,0x2AC6,0x2AC6,
  0x22A5,0x22A5,0x22A5,0x2AC6,0x2AA6,0x22A5,0x22A5,0x2AC6,0x22A5,0x2AE6,0x2AE5,0x2AE6,0x2AE6,0x2AC6,0x2AC6,0x2AC6,
  0x2AC6,0x2AC6,0x2AC6,0x22A5,0x22A5,0x2285,0x22A5,0x2AC6,0x22A5,0x22A5,0x22A5,0x22A5,0x22A5,0x2AC6,0x22A5,0x2AC6,
  0x22A5,0x2AE6,0x2AC6,0x2285,0x22A5,0x2285,0x22A5,0x22A5,0x22A5,0x22A5,0x22A5,0x22A5,0x2AC6,0x22A5,0x22A5,0x22A5,
  0x2AC6,0x22A5,0x22A5,0x22A5,0x22A5,0x22A5,0x2AC6,0x2AC6,0x2AC6,0x22A5,0x2AC6,0x22A5,0x2AC6,0x22A5,0x22A5,0x2AC6,
  0x2AC6,0x22A5,0x2AC6,0x2AC6,0x2AC6,0x2AC6,0x2AC6,0x22A5,0x2AC6,0x22A5,0x2AC6,0x2AC6,0x2AC6,0x22A5,0x2AC6,0x2AE6,
  0x22C5,0x22A5,0x22A5,0x22A5,0x22A5,0x22C5,0x2285,0x2285,0x2285,0x2285,0x2265,0x2265,0x2265,0x2285,0x22A5,0x2285,
  0x2265,0x2285,0x2285,0x2285,0x22A6,0x2265,0x2285,0x22A5,0x22A5,0x22A5,0x22A5,0x2AC6,0x2AC6,0x22A5,0x2AC6,0x22A5,
  0x2AC6,0x22A5,0x22C6,0x22A5,0x2AC6,0x22A5,0x22A5,0x22A5,0x22A5,0x22A5,0x22A5,0x2AC6,0x2AC6,0x22A5,0x22A5,0x22A5,
  0x22A5,0x22A5,0x22A5,0x2AC6,0x22A5,0x22A5,0x2AC6,0x2AC6,0x2AC6,0x2AC6,0x2285,0x22A5,0x22A5,0x22A5,0x22A5,0x22A5,
  0x22A5,0x22A5,0x2AA5,0x22A5,0x22A5,0x2285,0x2285,0x2285,0x2265,0x2285,0x2285,0x2285,0x2285,0x2285,0x2AA6,0x2265,
  0x2285,0x2AC6,0x2AC6,0x22A5,0x22A5,0x22A5,0x22A5,0x22C5,0x2285,0x2AC6,0x2AC6,0x2AC6,0x2AC6,0x22A5,0x2AC6,0x2AC6,
  0x22A5,0x2AE6,0x2AC5,0x2AE6,0x2AE6,0x2AE6,0x2AE5,0x2AE6,0x2AE6,0x2AC6,0x2AC6,0x2AC6,0x22A5,0x2285,0x22A5,0x22A5,
  0x2AC6,0x2AC6,0x22A5,0x2AC6,0x2AC6,0x2AC6,0x22A5,0x22A5,0x22A5,0x2AC6,0x2AC6,0x2AC6,0x22A5,0x22A5,0x22A5,0x2AA5,
  0x22A5,0x22A5,0x2AC6,0x22A5,0x22A5,0x2AC6,0x22A5,0x22A5,0x2AC6,0x22A5,0x22A5,0x22A5,0x22A5,0x22A5,0x22A5,0x22A5,
  0x22A5,0x22A5,0x22A5,0x2AC6,0x2AC6,0x2AC6,0x2AC6,0x22A5,0x2AC6,0x2AC6,0x22A5,0x22A5,0x22A5,0x2AC6,0x2AC6,0x2AC6,
  0x22A5,0x22A5,0x2AC6,0x22A5,0x2285,0x2AC6,0x2AC6,0x22A5,0x2AC6,0x22A5,0x2AC5,0x2AE6,0x2AC5,0x22A5,0x22A5,0x22A6,
  0x22A5,0x22C6,0x2285,0x2285,0x2285,0x2265,0x2265,0x2285,0x2285,0x2265,0x2285,0x2285,0x2285,0x2285,0x22A5,0x2285,
  0x2285,0x2285,0x22A5,0x2285,0x22A5,0x22A5,0x22A5,0x2285,0x22A5,0x22A5,0x2AC6,0x2AC6,0x2AC6,0x22A5,0x22C5,0x2AC6,
  0x2AE6,0x22C6,0x2AC6,0x22A5,0x22A5,0x22A5,0x2AC6,0x2AC6,0x2AC6,0x22A5,0x22A5,0x2AC6,0x22A5,0x22A5,0x22A5,0x22A5,
  0x22A5,0x2AC6,0x22A5,0x22A5,0x22A5,0x22A5,0x22A5,0x22A5,0x22A5,0x22A5,0x2AC6,0x2AC6,0x22A5,0x2285,0x22A5,0x22A5,
  0x22A5,0x22A5,0x2285,0x2285,0x2285,0x2265,0x2285,0x2285,0x2285,0x2285,0x2265,0x2265,0x2285,0x22A5,0x22A5,0x22A5,
  0x2285,0x22A5,0x2AC6,0x22A5,0x2AC6,0x22A5,0x2AC6,0x2AC6,0x2AC6,0x22A5,0x2AC6,0x2AE6,0x2AE5,0x2AE6,0x2AE5,0x2AE6,
  0x2AC6,0x2AC6,0x2AC5,0x2AC5,0x2AC6,0x22A5,0x2AC6,0x2AC6,0x2AC6,0x22A5,0x22A5,0x2AC6,0x2AC6,0x2AC6,0x2AC6,0x2AC6,
  0x2AC6,0x22A5,0x22A5,0x22A5,0x22A5,0x22A5,0x2AC6,0x22A5,0x22A5,0x22A5,0x22A5,0x22A5,0x22A5,0x22A5,0x2AC6,0x22A5,
  0x22A5,0x22A5,0x2AC6,0x2AA5,0x2AC6,0x22A5,0x2AC6,0x2AC6,0x2285,0x22A5,0x22A5,0x22A5,0x22A5,0x22A5,0x2AC6,0x22A5,
  0x2AC6,0x22A5,0x22A5,0x22A5,0x2AC6,0x2AC6,0x22A5,0x22A5,0x22A5,0x22A5,0x2AC6,0x22A5,0x22A5,0x22A5,0x22A5,0x22A5,
  0x22A5,0x22A5,0x2AC6,0x2AC6,0x2AC6,0x22A5,0x2AC6,0x2AC6,0x22A5,0x22A5,0x22A5,0x2AC6,0x22A5,0x22A5,0x22A5,0x2285,
  0x2285,0x2265,0x2265,0x2265,0x2265,0x2285,0x2285,0x2285,0x2285,0x2285,0x2285,0x2285,0x22A5,0x22A5,0x22A5,0x22A5,
  0x22A5,0x22A5,0x22A5,0x22A5,0x22A5,0x22A5,0x22A5,0x22A5,0x22A5,0x22A5,0x2AC6,0x22A5,0x2AC6,0x2AE6,0x22A5,0x22A5,
  0x22A5,0x22A5,0x2AC6,0x22A5,0x22A5,0x22A5,0x22A5,0x2AC6,0x22A5,0x22A5,0x22A5,0x22A5,0x2285,0x22A5,0x22A5,0x22A5,
  0x22A5,0x22A5,0x22A5,0x2AC6,0x22A5,0x2285,0x2AC6,0x2AC6,0x22A5,0x22A5,0x22A5,0x22A5,0x22A5,0x2285,0x2285,0x2265,
  0x2285,0x2285,0x2285,0x2285,0x22A6,0x22A6,0x2265,0x2265,0x2285,0x22A5,0x22A5,0x22A5,0x2AC6,0x2AC6,0x2AC6,0x22A5,
  0x2AC6,0x22A5,0x22A5,0x2AC6,0x22A5,0x22A5,0x2AC6,0x2B06,0x2B06,0x2B06,0x2B06,0x2AE6,0x22C6,0x2AC6,0x2AC5,0x2AE6,
  0x22A5,0x22A5,0x22A5,0x2AC6,0x2AC6,0x2AE6,0x2AC6,0x2AC6,0x22A5,0x22A5,0x22A5,0x2AC6,0x2AC6,0x22A5,0x2AC6,0x22A5,
  0x2AC6,0x22A5,0x22A5,0x22A5,0x22A5,0x2AC6,0x2AC6,0x22A5,0x22A5,0x22A5,0x22A5,0x22A5,0x22A5,0x22A5,0x22A5,0x22C6,
  0x22A5,0x22A5,0x22C6,0x22A5,0x22A5,0x22A5,0x22A5,0x22A5,0x22A5,0x22A5,0x2AC6,0x22A5,0x22A5,0x22A5,0x22A5,0x2AC6,
  0x22A5,0x2AC6,0x2AC6,0x2AC6,0x22A5,0x2AC6,0x2AC6,0x22A5,0x22A5,0x22A5,0x22A5,0x22A5,0x2AC6,0x22A5,0x22A5,0x2AC6,
  0x22A5,0x22A5,0x22A5,0x2AC6,0x22A5,0x2AC6,0x22A5,0x22A5,0x22A5,0x22A5,0x2285,0x2285,0x2285,0x2265,0x2265,0x2265,
  0x2265,0x2285,0x2285,0x2285,0x22A5,0x22A5,0x2285,0x2285,0x22A5,0x22A5,0x22A5,0x22A5,0x22A5,0x22A5,0x2AC6,0x22A5,
  0x2AC6,0x2AC6,0x22A5,0x2AC6,0x22A5,0x22A5,0x22A5,0x22A5,0x22A5,0x22C6,0x22A5,0x22A5,0x22A5,0x2285,0x22A5,0x2AC6,
  0x22A5,0x22A5,0x22A5,0x22A5,0x22A5,0x22A5,0x2AC5,0x2285,0x2285,0x22A5,0x22A5,0x22A5,0x2AC6,0x22A5,0x22A5,0x22A5,
  0x22A5,0x22A5,0x2AC6,0x2AC6,0x22A5,0x22A5,0x22A5,0x22A5,0x22A5,0x2285,0x2285,0x2265,0x22C5,0x22A5,0x2265,0x2285,
  0x22A5,0x22A5,0x2285,0x2265,0x22A5,0x22A5,0x22A5,0x22A5,0x2AC6,0x2AC6,0x22A5,0x22A5,0x22A5,0x22A5,0x2AC6,0x22A5,
  0x22A5,0x22A5,0x2AC6,0x2AE6,0x2AE6,0x2B06,0x2B06,0x2AE6,0x2AC6,0x2AC6,0x2AC5,0x2AE6,0x22A5,0x2AC6,0x2AC6,0x2AC6,
  0x2AC6,0x2AC6,0x2AC6,0x2AE5,0x2AC5,0x2AC6,0x22A5,0x2AC6,0x2AC6,0x22A5,0x22A5,0x22A5,0x2AC6,0x2AC6,0x22A5,0x22A5,
  0x22A5,0x22A5,0x2AC6,0x22A5,0x22A5,0x22A5,0x2AC6,0x22A5,0x22A5,0x2285,0x22A5,0x2AE6,0x22A5,0x22A5,0x22A5,0x22A5,
  0x2AC6,0x22A5,0x22A5,0x22A5,0x22A5,0x22A5,0x22A5,0x22A5,0x2AC6,0x2AC6,0x22A5,0x22A5,0x2285,0x2AA5,0x2AC6,0x22A5,
  0x2AA6,0x2AE6,0x2AC6,0x22A5,0x22A5,0x22A5,0x22A5,0x2AC6,0x22A5,0x22A5,0x2AC6,0x2AE6,0x2AC6,0x22A5,0x22A5,0x2AC6,
  0x22A5,0x22A5,0x22A5,0x22A5,0x2285,0x2285,0x2265,0x1A44,0x2285,0x2285,0x2265,0x2285,0x2265,0x2AA6,0x2265,0x2285,
  0x22C5,0x22A5,0x22A5,0x22A5,0x22A5,0x22A5,0x2AC6,0x22A5,0x2AC6,0x22A5,0x2AC6,0x2AC6,0x22A5,0x2AC6,0x22A5,0x22A5,
  0x22A5,0x2AC6,0x2AC6,0x22A5,0x22A5,0x22A5,0x2AC6,0x22A5,0x2AC6,0x22A5,0x22A5,0x22A5,0x22A5,0x2AC6,0x2AC6,0x22A5,
  0x22A5,0x22A5,0x2AC5,0x2285,0x2265,0x2285,0x22A5,0x22A5,0x2AC6,0x2AC6,0x22A5,0x22A5,0x2AC6,0x22A5,0x22A5,0x2AC6,
  0x22A5,0x22A5,0x22A5,0x22A5,0x22A5,0x22A5,0x2285,0x2285,0x22A5,0x2285,0x2285,0x2285,0x22A5,0x22A5,0x2265,0x2265,
  0x22A5,0x22A5,0x22A5,0x2AC6,0x22A5,0x22A5,0x2AC6,0x22A5,0x22A5,0x2AC6,0x22A5,0x22A5,0x22A5,0x2AC6,0x2AC6,0x2AE6,
  0x2AC5,0x2B06,0x2AE6,0x22C5,0x2AC6,0x2AC6,0x2AC5,0x2AC5,0x22A5,0x22A5,0x22A5,0x2AC6,0x2AC6,0x22A5,0x2AE6,0x2AC5,
  0x2AC5,0x2AC6,0x22A5,0x2AC6,0x2AC6,0x22A5,0x22A5,0x22A5,0x22A5,0x22A5,0x22A5,0x22A5,0x22A5,0x22A5,0x2AC6,0x2AC6,
  0x22A5,0x22A5,0x2AA5,0x22C6,0x22A5,0x2285,0x2285,0x22A5,0x22A5,0x22A5,0x22A5,0x22A5,0x2AC6,0x22A5,0x22A5,0x2285,
  0x22A5,0x22A5,0x22A5,0x22A5,0x2AC6,0x2AC6,0x2AC6,0x2AC6,0x22C6,0x2AC6,0x22A5,0x22A5,0x2AC6,0x2AC6,0x22A5,0x22A5,
  0x22A5,0x2AC6,0x2AC6,0x2AC6,0x2AC6,0x2AC6,0x2AC6,0x2AC6,0x22A5,0x22A5,0x2AC6,0x2AC6,0x22A5,0x22A5,0x22A5,0x22A5,
  0x2285,0x2285,0x2285,0x2265,0x2285,0x2285,0x2285,0x22A5,0x2265,0x2285,0x2285,0x2265,0x22A5,0x22A5,0x22A5,0x22A5,
  0x2AC6,0x22A5,0x2AC6,0x22A5,0x2AC6,0x2AC6,0x22C6,0x22A5,0x22A5,0x2AC6,0x22A5,0x22A5,0x2285,0x22A5,0x22A5,0x22A5,
  0x2AC6,0x22A5,0x22A5,0x2AC6,0x2AC6,0x22A5,0x22A5,0x2AC6,0x2AC6,0x22A5,0x22A5,0x22A5,0x22A5,0x2AC6,0x22A5,0x22A5,
  0x22A5,0x22A5,0x22A5,0x22A5,0x22A5,0x22A5,0x22A5,0x2AC6,0x2AC6,0x2AC6,0x22A5,0x2AC6,0x2AC6,0x22A5,0x2AC6,0x22A5,
  0x22A5,0x2285,0x2285,0x2285,0x2265,0x2265,0x2265,0x2285,0x22A6,0x2285,0x2285,0x2265,0x22A5,0x22A5,0x22A5,0x2AC6,
  0x22A5,0x22A5,0x22A5,0x22A5,0x2AC6,0x2AC6,0x2AC6,0x22A5,0x22A5,0x2AC6,0x2AC6,0x2AC6,0x2AE6,0x2AE6,0x2AC6,0x2AC6,
  0x2AC6,0x2AC6,0x2AC6,0x2AC6,0x2AC6,0x22A5,0x22A5,0x22A5,0x2AC6,0x2AC6,0x2AC6,0x2AC6,0x2AC6,0x2AC6,0x2AC6,0x2AC6,
  0x2AC6,0x22A5,0x22A5,0x22A5,0x22A5,0x22A5,0x22A5,0x2AC6,0x22A5,0x22A5,0x2AC6,0x2AC6,0x22A5,0x22A5,0x2AC6,0x22A5,
  0x2285,0x2285,0x2285,0x22A5,0x22A6,0x2285,0x22A5,0x2285,0x22A5,0x2AC6,0x22A5,0x22A5,0x22A5,0x2AA5,0x2285,0x22A5,
  0x2AE6,0x2AC6,0x2AC6,0x22A5,0x2AC6,0x2AC6,0x22A5,0x22A5,0x22C6,0x2AC6,0x2AC6,0x22A5,0x22A5,0x2AC6,0x2AC6,0x2AC6,
  0x2AC6,0x2AC6,0x2AC6,0x2AC6,0x2AC6,0x2AC6,0x22A5,0x22A5,0x2AC6,0x2285,0x22A5,0x2285,0x2265,0x2265,0x2265,0x2285,
  0x2285,0x2285,0x22A5,0x22A6,0x2285,0x2285,0x22A5,0x2285,0x22A5,0x22A5,0x2285,0x2285,0x22A5,0x2AC6,0x2AC6,0x2AC6,
  0x2AC6,0x2AC6,0x22A5,0x2AC6,0x22A5,0x22A5,0x22A5,0x22A5,0x22A5,0x22A5,0x22A5,0x22A5,0x2AC6,0x2AC6,0x2AC6,0x2AC6,
  0x22A5,0x22A5,0x22A5,0x22A5,0x22A5,0x2AC6,0x22A5,0x22A5,0x22A5,0x22A5,0x22A5,0x22A5,0x22A5,0x22A5,0x2285,0x22A5,
  0x22A5,0x22A5,0x22A5,0x22A5,0x2AC6,0x2AC6,0x2AC6,0x2AE6,0x22A5,0x22A5,0x22A5,0x22A5,0x22A5,0x2285,0x2285,0x2285,
  0x2265,0x2265,0x2265,0x2265,0x22A5,0x22A5,0x2285,0x2285,0x22A5,0x22A5,0x2AC6,0x2AC6,0x2AC6,0x22A5,0x22A5,0x22A5,
  0x22A5,0x22A5,0x22A5,0x22A5,0x22A5,0x2AC6,0x2AC6,0x2AE6,0x2AE6,0x2AC6,0x2AC6,0x2AE6,0x22A5,0x22A5,0x22A5,0x2AC6,
  0x22A5,0x22A5,0x22A5,0x22A5,0x2AC6,0x2AC6,0x22A5,0x22A5,0x2AC6,0x2AC6,0x2AC6,0x2AC6,0x2AC6,0x22A5,0x22A5,0x22A5,
  0x22A5,0x2AC6,0x22A5,0x22A5,0x22A5,0x22A5,0x22A5,0x22A5,0x2285,0x2285,0x22A5,0x22A5,0x22A5,0x22A5,0x22A5,0x22A5,
  0x22A6,0x2285,0x22A5,0x22A5,0x22A5,0x2285,0x22A5,0x2AC6,0x2AC6,0x22C6,0x22A5,0x2AC6,0x2AE6,0x2AC6,0x2AC6,0x2AC6,
  0x2AC6,0x22A5,0x22A5,0x22A5,0x2285,0x2AA5,0x2AC6,0x2AC6,0x2AC6,0x2AC6,0x2AC6,0x2AC6,0x2AC6,0x2AC6,0x22A5,0x2AC6,
  0x22A5,0x2AC6,0x2AC6,0x22A5,0x22A5,0x2285,0x2285,0x2265,0x2265,0x2265,0x2265,0x2265,0x2265,0x2285,0x22A5,0x22A5,
  0x2285,0x22A6,0x22A5,0x22A5,0x22A5,0x22A5,0x22A5,0x22A5,0x22A5,0x22A5,0x2AC6,0x22A5,0x2AC6,0x22A5,0x22A5,0x2AC6,
  0x22A5,0x2285,0x22A5,0x22A5,0x22A5,0x22A5,0x22A5,0x2AC6,0x22A5,0x2AC6,0x22A5,0x2AC6,0x22A5,0x22A5,0x22A5,0x2285,
  0x22A5,0x22A5,0x2AC6,0x2AC6,0x22A5,0x22A5,0x22A5,0x22A5,0x22A5,0x22A5,0x2285,0x2285,0x22A5,0x22A5,0x22A5,0x22A5,
  0x2AC6,0x2AE5,0x2AC5,0x2AC6,0x22A5,0x22A5,0x22A5,0x22A5,0x2285,0x2285,0x2285,0x22A6,0x2265,0x2285,0x1A44,0x2285,
  0x22A6,0x22A5,0x22A5,0x22A5,0x22A5,0x22A5,0x2AC6,0x2AC6,0x2AC6,0x22A5,0x2AC6,0x22A5,0x22A5,0x22A5,0x22A5,0x22A5,
  0x22A5,0x2AC6,0x2AC6,0x22A5,0x2AC6,0x2AC6,0x2AC6,0x2AC6,0x2AC6,0x2AC6,0x2AC6,0x2AC6,0x2AC6,0x2AC6,0x22A5,0x2AC6,
  0x22A5,0x2AC6,0x2AC6,0x2AC6,0x2AC6,0x2AC6,0x2AC6,0x2AC6,0x22A5,0x2AC6,0x22A5,0x2AC6,0x2AC6,0x22A5,0x22A5,0x22A5,
  0x2AC6,0x22A5,0x22A5,0x22A5,0x2265,0x22A5,0x22A5,0x22A5,0x2285,0x2285,0x2265,0x2285,0x2AC6,0x22A5,0x22A5,0x22A5,
  0x22A5,0x22A5,0x2AE6,0x2AC6,0x2AC6,0x2AC6,0x2AC6,0x2AA5,0x2AC6,0x22C5,0x2AA6,0x2AC6,0x22A5,0x22A5,0x2AC6,0x22A5,
  0x2285,0x22A5,0x2AC6,0x2AC6,0x2AC6,0x2AC6,0x2AC6,0x2AC6,0x2AC6,0x2AC6,0x2AC6,0x2AE6,0x2AC6,0x22A5,0x2AC6,0x22A5,
  0x22A5,0x22A5,0x22A5,0x2285,0x2265,0x2285,0x22A5,0x2285,0x2285,0x2285,0x2285,0x2285,0x2285,0x2285,0x22A6,0x22A5,
  0x22A5,0x2285,0x22A5,0x22A5,0x2AC6,0x22A5,0x22A5,0x22A5,0x22A5,0x2AC6,0x2AC6,0x2AC6,0x22A5,0x22A5,0x22A5,0x22A5,
  0x2285,0x22A5,0x22A5,0x22A5,0x22A5,0x22A5,0x22A5,0x22A5,0x22A5,0x22A5,0x22A5,0x2285,0x22A5,0x22A5,0x22A5,0x22A5,
  0x22A5,0x2285,0x2AC6,0x22A5,0x22A5,0x22A5,0x22A5,0x22A5,0x22A5,0x22A5,0x22A5,0x22A5,0x2AC6,0x2AE6,0x2AC5,0x2AE6,
  0x2AC6,0x22A5,0x22A5,0x22A5,0x2285,0x22A5,0x22A5,0x2285,0x2265,0x2285,0x2244,0x2285,0x22A5,0x22A5,0x22A5,0x22A5,
  0x22A5,0x2AC6,0x22A5,0x2AA5,0x22A5,0x22A5,0x2AC6,0x22A5,0x22A5,0x22A5,0x2AC6,0x22A5,0x22A5,0x22A5,0x22C5,0x2AA5,
  0x2AC6,0x2AE6,0x2AC6,0x2AC6,0x2AC6,0x2AC6,0x22A5,0x2AC6,0x2AC6,0x2AC6,0x22A5,0x22A5,0x22A5,0x22A5,0x2AC6,0x2AC6,
  0x2AC6,0x22A5,0x2AC6,0x2AC6,0x22A5,0x2AC6,0x2AC6,0x2AC6,0x22A5,0x22A5,0x22A5,0x22A5,0x22A5,0x22A5,0x22A5,0x2285,
  0x2265,0x2285,0x22C5,0x22A5,0x2285,0x2285,0x2285,0x2285,0x22A5,0x22A5,0x2AC6,0x22A5,0x22A5,0x2AC6,0x2AC6,0x2AC6,
  0x22A5,0x2AC6,0x2AC6,0x2AC6,0x2AC6,0x2AE6,0x2AA5,0x2AA5,0x22C6,0x2AC6,0x2AC6,0x2AC6,0x22A5,0x2AC6,0x22A5,0x22A5,
  0x2AC6,0x2AC6,0x2AC6,0x2AC6,0x2AC6,0x22A5,0x22A5,0x2AC6,0x2AC6,0x22A5,0x2AC6,0x2AC6,0x22A5,0x22A5,0x22A5,0x2285,
  0x2285,0x2285,0x22A5,0x22A6,0x22A5,0x22A5,0x2285,0x2285,0x2285,0x2285,0x2285,0x22A5,0x22A5,0x22A5,0x2285,0x22A5,
  0x22A5,0x22A5,0x22A5,0x2AC6,0x22A5,0x22A5,0x22A5,0x22A5,0x22A5,0x22A5,0x22C5,0x22A5,0x2285,0x22A5,0x22A5,0x2AC6,
  0x2AC6,0x2AC6,0x22A5,0x22A5,0x22A5,0x22A5,0x22A5,0x22A5,0x2285,0x22A5,0x2AC6,0x22A5,0x22A5,0x22A5,0x22A5,0x22A5,
  0x22A5,0x22A5,0x22A5,0x2AC6,0x22A5,0x22A5,0x22A5,0x2AC6,0x22A5,0x2AC6,0x2AE6,0x2AC6,0x2AC6,0x22A5,0x22A5,0x22A5,
  0x22A5,0x2285,0x22A6,0x2285,0x2265,0x2265,0x2265,0x2285,0x22A5,0x2285,0x22A5,0x2AC6,0x2AC6,0x2AC6,0x22A5,0x2AA5,
  0x2AC6,0x2AC6,0x2AC6,0x22A5,0x22A5,0x22A5,0x22A5,0x22A5,0x22A5,0x22A5,0x2AC6,0x22A5,0x2AC6,0x2AC6,0x2AC6,0x22A5,
  0x2AC6,0x2AE6,0x22A5,0x22A5,0x22A5,0x22A5,0x22A5,0x22A5,0x2AC6,0x2AC6,0x2AC6,0x2AC6,0x22A5,0x2AC6,0x22A5,0x22A5,
  0x22A5,0x22A5,0x22A5,0x22A5,0x22A5,0x22A5,0x2AC6,0x2AC6,0x22A5,0x22A5,0x22A5,0x22A5,0x2285,0x22A5,0x22A5,0x2285,
  0x2285,0x2285,0x2285,0x2285,0x22A5,0x2AC6,0x2AC6,0x2AC6,0x2AC6,0x2AC6,0x22A5,0x2AC6,0x22A5,0x22A5,0x2AE6,0x2AC6,
  0x2AC6,0x2AC6,0x2AC6,0x2AC6,0x2AC6,0x2AC6,0x2AC6,0x2AC6,0x2AC5,0x2AC6,0x2AC6,0x2AC6,0x2AE6,0x2AC6,0x2AE6,0x2AE6,
  0x2AE6,0x2AC6,0x22C5,0x2AE6,0x2AC6,0x2AC6,0x2AE6,0x2AC6,0x22A5,0x22A5,0x2285,0x22A6,0x22A5,0x2285,0x2265,0x22A5,
  0x22A6,0x22A5,0x22A5,0x22A5,0x2285,0x22A5,0x2285,0x22A5,0x22A5,0x2285,0x22A5,0x22A5,0x2285,0x22A5,0x2AC6,0x2AC6,
  0x2AC6,0x22A5,0x22A5,0x22A5,0x22A5,0x22A5,0x22A5,0x2AC6,0x22A5,0x22A5,0x22A5,0x2AC6,0x2AC6,0x22A5,0x22A5,0x22A5,
  0x22A5,0x2AC6,0x22A5,0x22A5,0x22A5,0x22A5,0x22A5,0x22A5,0x22A5,0x22A5,0x22A5,0x22A5,0x22A5,0x22A5,0x22A5,0x22A5,
  0x22A5,0x2AC6,0x22A5,0x22A5,0x2AC6,0x2AC6,0x2AC6,0x22A5,0x22A5,0x22A5,0x22A5,0x22A5,0x22A5,0x22A5,0x2285,0x22A5,
  0x2285,0x2265,0x2265,0x2285,0x2285,0x2265,0x2285,0x2AC6,0x2AC6,0x22A5,0x2AC6,0x2AC6,0x22A5,0x2AC6,0x22A5,0x22A5,
  0x2285,0x22A5,0x22A5,0x22A5,0x2285,0x22A5,0x2AC6,0x2AC6,0x22A5,0x2AC6,0x2AC6,0x2AC6,0x22A5,0x22A5,0x2AC6,0x2AC6,
  0x2AC6,0x22A5,0x2AC6,0x22A5,0x2AC6,0x2AE6,0x2AC6,0x22A5,0x2AC6,0x2AC6,0x2AC6,0x22A5,0x2AC6,0x22A5,0x2AC6,0x22A5,
  0x22A5,0x22A5,0x2AC6,0x22C6,0x2285,0x2285,0x22A5,0x22A6,0x22A5,0x22A5,0x22A5,0x22A5,0x2285,0x2265,0x2285,0x2285,
  0x22A5,0x22A5,0x22A5,0x2AC6,0x2AC6,0x2AC6,0x22A5,0x22A5,0x22A5,0x22A5,0x2AC6,0x2AC6,0x2AC6,0x2AC6,0x2AC6,0x2AC6,
  0x22A5,0x2AC5,0x2AC6,0x2AE6,0x2AE6,0x2AC5,0x2AE6,0x2AE6,0x2AC6,0x2AC6,0x2B06,0x2B06,0x2AE6,0x2AC6,0x2AE6,0x2AE6,
  0x22A5,0x2AC6,0x2AE6,0x2AC6,0x2AC6,0x22A5,0x22A5,0x22A5,0x2285,0x2265,0x2265,0x2285,0x22A5,0x22A5,0x22A5,0x22A5,
  0x22A5,0x22A5,0x22A5,0x2285,0x22A5,0x22A5,0x22A5,0x22A5,0x22A5,0x22A5,0x2AC6,0x22A5,0x22A5,0x22A5,0x2AC6,0x22A5,
  0x2285,0x22A5,0x22A5,0x22A5,0x2AC6,0x22A5,0x2AC6,0x22A5,0x22A5,0x2AC6,0x2285,0x22A5,0x22A5,0x22A5,0x22A5,0x22A5,
  0x22A5,0x2AC6,0x22A5,0x22A5,0x22A5,0x22A5,0x22A5,0x22A5,0x22A5,0x22A5,0x22A5,0x22A5,0x22A5,0x2AA5,0x22A5,0x22C5,
  0x22A5,0x2AC6,0x22A5,0x22A5,0x22A5,0x22A5,0x2285,0x2285,0x2285,0x2285,0x2285,0x2285,0x2285,0x2285,0x2285,0x2285,
  0x2285,0x2285,0x22A5,0x22A5,0x22A5,0x2AC6,0x2AC6,0x2AC6,0x22A5,0x2AC6,0x22A5,0x22A5,0x22A5,0x22A5,0x2AC6,0x22A5,
  0x22A5,0x22A5,0x2AC6,0x2AC6,0x2AC6,0x2AC6,0x2AC6,0x2AC6,0x22A5,0x22A5,0x22A5,0x2AC6,0x22A5,0x22A5,0x22A5,0x22A5,
  0x2AC6,0x2AC6,0x22A5,0x22A5,0x2AC6,0x2AE6,0x22A5,0x2AC6,0x2AC6,0x2AC6,0x2AC6,0x2AC6,0x2AC6,0x22A5,0x2AC6,0x22A5,
  0x2285,0x2285,0x22A5,0x22A5,0x2285,0x22A5,0x22A5,0x22A5,0x22A5,0x22A5,0x22A6,0x2285,0x22A5,0x22A5,0x22A5,0x22A5,
  0x2AC6,0x22A5,0x22A5,0x22A6,0x22A5,0x22A5,0x22A5,0x2AC6,0x2AC6,0x2AC6,0x2AC6,0x22A5,0x2AA6,0x22A5,0x2AC6,0x2AC6,
  0x2AC5,0x22A5,0x2AC6,0x2AE6,0x2AC6,0x2AC6,0x2AC5,0x2AC6,0x2AC6,0x2AC6,0x2AE6,0x2AE5,0x22A5,0x2AA6,0x2AE6,0x2AC6,
  0x2AC6,0x22A5,0x22A5,0x22A6,0x2285,0x2265,0x2285,0x2265,0x2285,0x2285,0x2285,0x22A5,0x2285,0x2285,0x22A5,0x2285,
  0x22A5,0x2AC6,0x22A5,0x2AC6,0x22A5,0x22A5,0x22A5,0x2285,0x22A5,0x22A5,0x22A5,0x2AC6,0x22C6,0x2AC6,0x2AC6,0x22A5,
  0x2AC6,0x2AC6,0x2AC6,0x2AC6,0x22A5,0x2AC6,0x22A5,0x22A5,0x2AC6,0x22A5,0x22A5,0x22A5,0x2285,0x22A5,0x22A5,0x22A5,
  0x22A5,0x22A5,0x22A5,0x2AC6,0x22A5,0x22A5,0x22A5,0x22A5,0x22A5,0x22A5,0x22C6,0x22C6,0x2285,0x22A5,0x22A5,0x22A5,
  0x22A5,0x2285,0x2285,0x2285,0x2285,0x2265,0x2285,0x2285,0x2285,0x2285,0x22A6,0x2285,0x2285,0x22A5,0x22A5,0x22A5,
  0x22A5,0x22A5,0x2AC6,0x2AC6,0x2AC6,0x2AC6,0x22A5,0x2285,0x22A5,0x22A5,0x2AE6,0x22A5,0x22A5,0x22A5,0x2AC6,0x2AC6,
  0x2AC6,0x2AC6,0x2AC6,0x2AC6,0x22A5,0x22A5,0x2AC6,0x2AC6,0x2AC6,0x2AC6,0x22A5,0x22A5,0x2285,0x22A5,0x2AC6,0x2AC6,
  0x2AC6,0x2AE6,0x2AC6,0x2AC6,0x2AC6,0x2AC6,0x2285,0x2AC6,0x2AC6,0x2AC6,0x2AC6,0x2AC6,0x22A5,0x22A5,0x2AC6,0x2AC6,
  0x2AC6,0x2AC5,0x22A5,0x22A5,0x22A5,0x22A5,0x22A5,0x22A5,0x22A5,0x22A5,0x22A5,0x2285,0x22A5,0x22A5,0x22A5,0x22A6,
  0x22A6,0x22A5,0x22A5,0x22A5,0x22A5,0x22A5,0x2AC6,0x2285,0x2285,0x2AA6,0x2AE6,0x2AC6,0x2AC6,0x22A6,0x2AC6,0x2AE6,
  0x2AC6,0x22A5,0x22A5,0x2AC6,0x2AC6,0x2AC6,0x2AE6,0x2AE5,0x2AA5,0x2AC6,0x2AE6,0x2AC6,0x22A5,0x2285,0x22A5,0x2285,
  0x2265,0x2265,0x2265,0x2285,0x2285,0x2285,0x2265,0x2285,0x2285,0x2285,0x22A5,0x22A5,0x22A5,0x22A5,0x22A5,0x22A5,
  0x22A5,0x22A5,0x22A5,0x22A5,0x2AC6,0x2AC6,0x22A5,0x2285,0x22C6,0x22A5,0x22A5,0x2AC6,0x2AE6,0x2AC6,0x2AC6,0x22A5,
  0x2AC6,0x2AC6,0x22A5,0x22A5,0x22A5,0x22A5,0x22A5,0x22A5,0x2285,0x22A5,0x22A5,0x2285,0x2AC6,0x22A5,0x22A5,0x2AC6,
  0x22A5,0x22A5,0x22A5,0x22A5,0x22A5,0x2AC6,0x22C5,0x22A5,0x2285,0x22A5,0x22A5,0x22A5,0x22A5,0x2285,0x2285,0x2285,
  0x2285,0x2285,0x2265,0x2285,0x2285,0x2285,0x22A5,0x22A5,0x2285,0x22A5,0x22A5,0x2285,0x22A5,0x22A5,0x22A5,0x2AC6,
  0x2AC6,0x22A5,0x22A5,0x22A5,0x2285,0x22A5,0x2AC6,0x2AC6,0x22A5,0x2AC6,0x2AC6,0x2AC6,0x2AC6,0x22A5,0x22A5,0x22A5,
  0x22A5,0x2AC6,0x22C5,0x2AC5,0x2AC6,0x2AC6,0x22A5,0x22A5,0x22A5,0x2285,0x22A5,0x2AC6,0x2AC6,0x2AC6,0x2AC6,0x2AC6,
  0x22A5,0x2AC6,0x22A5,0x22A5,0x2AC6,0x2AC6,0x2AC6,0x22A5,0x2AC6,0x2AC5,0x22A5,0x22A5,0x22A5,0x22A5,0x22A5,0x22A5,
  0x22A5,0x22A5,0x22A5,0x22A5,0x22A5,0x2285,0x22A5,0x22A5,0x2285,0x22A5,0x22A5,0x2AC6,0x2AC6,0x22A5,0x2AC6,0x2AC6,
  0x22A5,0x2AC6,0x2AC6,0x2AA6,0x22A5,0x22A5,0x2AC6,0x2AC6,0x2AC6,0x2AC6,0x22A5,0x2AC6,0x2AC6,0x22A5,0x22A5,0x2AC6,
  0x2AC6,0x2AC6,0x22C5,0x2AE5,0x22A5,0x2AC6,0x2AC6,0x2AC6,0x2AC6,0x22A5,0x22A5,0x2285,0x2285,0x2265,0x2265,0x2265,
  0x2AA6,0x2265,0x2285,0x2285,0x2265,0x2265,0x2285,0x22A5,0x22A5,0x22A5,0x22A5,0x22A5,0x22A5,0x2AC6,0x22A5,0x22A5,
  0x2AC6,0x22A5,0x22A5,0x22A5,0x2AC6,0x2AC6,0x22A5,0x22A5,0x22A5,0x22A5,0x22A5,0x2AC6,0x2AC6,0x22A5,0x22A5,0x22A5,
  0x22A5,0x22A5,0x22A5,0x22A5,0x22A5,0x22A5,0x22A5,0x22A5,0x2AC6,0x22A5,0x22A5,0x2AC6,0x22A5,0x22A5,0x22A5,0x22A5,
  0x22A5,0x22A5,0x22C6,0x22A5,0x2285,0x22C6,0x2285,0x22A5,0x22A5,0x2285,0x2285,0x2265,0x2285,0x2265,0x2265,0x2285,
  0x22A5,0x22A5,0x22A5,0x22A5,0x22A5,0x2AC6,0x22A5,0x22A5,0x2285,0x22A5,0x22A5,0x2AC6,0x2AC6,0x22A5,0x22A5,0x2AC6,
  0x22A5,0x22A5,0x2AC6,0x2AC6,0x2AC6,0x2AC6,0x2AC6,0x2AC6,0x2AC6,0x22A5,0x22A5,0x22A5,0x22A5,0x22A5,0x2AE5,0x2AE5,
  0x2AC6,0x22A5,0x2AC6,0x22A5,0x22A5,0x22A5,0x22A5,0x22A5,0x2AE6,0x2AC6,0x2AC6,0x2AC6,0x2AC6,0x22A5,0x2AC6,0x2AE6,
  0x2AE6,0x2AC6,0x2AC6,0x2AC6,0x22A6,0x2AC5,0x2AE6,0x2AC5,0x22A6,0x22A5,0x22A5,0x22A5,0x22A5,0x2AC6,0x2AC6,0x22A5,
  0x22A5,0x22A5,0x22A6,0x2285,0x22A5,0x22A5,0x22A5,0x22A5,0x22A5,0x22A5,0x2AC6,0x2AC6,0x22A5,0x2AE6,0x2AC6,0x22C5,
  0x22A5,0x2AC6,0x22A5,0x2AC6,0x2AC6,0x2AC6,0x22A5,0x2AE6,0x2AC6,0x22A5,0x22A5,0x22A5,0x2AC6,0x2AC6,0x2AE5,0x2AE5,
  0x2AC6,0x2AC6,0x2AA5,0x2AC6,0x22A5,0x22A5,0x22A5,0x22A5,0x2285,0x2285,0x2265,0x2285,0x2285,0x2285,0x2285,0x2285,
  0x2265,0x2265,0x2285,0x2285,0x22A5,0x2AC6,0x22A5,0x22A5,0x22A5,0x22A5,0x2285,0x22C6,0x22C6,0x22A5,0x22A5,0x22A5,
  0x2AC6,0x22A5,0x22A5,0x2AC6,0x22A5,0x22A5,0x22A5,0x22A5,0x22A5,0x2AC6,0x22A5,0x22A5,0x22A5,0x22A5,0x22A5,0x2285,
  0x22A5,0x22A5,0x2285,0x22A5,0x22C5,0x2AC6,0x2AC6,0x2AC6,0x22A5,0x22A5,0x22A5,0x22A5,0x22A5,0x22A5,0x22C5,0x22A5,
  0x2AA5,0x2AC6,0x2285,0x2285,0x2285,0x2265,0x2285,0x2285,0x2285,0x2265,0x2265,0x2285,0x22A5,0x22A5,0x22A5,0x22A5,
  0x2285,0x22A6,0x22A5,0x22A5,0x22A5,0x2285,0x22A5,0x2AC6,0x22A5,0x22A5,0x22A5,0x22A5,0x2285,0x2AC6,0x2AC6,0x22A5,
  0x2285,0x2AC6,0x2AC6,0x2AC6,0x22A5,0x2AC6,0x2AC6,0x2AC6,0x2AC6,0x2AC6,0x2AE6,0x2AE6,0x2AE6,0x22A5,0x22A5,0x22A5,
  0x22A5,0x2AC6,0x2285,0x2AC6,0x2AE6,0x2AE6,0x2AC6,0x22A5,0x2AC6,0x22A5,0x2AC6,0x2AE6,0x2AE6,0x2AC6,0x2AC6,0x2AC6,
  0x22A5,0x2AE6,0x2AE6,0x2AC5,0x2AC6,0x22A5,0x22A5,0x2AC6,0x22A5,0x2AE6,0x22A5,0x22A5,0x22A5,0x22A5,0x2285,0x2285,
  0x2AA6,0x22A5,0x2285,0x22A5,0x2AC6,0x2AC6,0x2AC6,0x22A5,0x2AC6,0x2AC6,0x2AC6,0x22A5,0x2AA5,0x2AC6,0x2AC6,0x2AC6,
  0x2AC6,0x2AC6,0x2AC6,0x2AC6,0x2AC6,0x22A5,0x22A5,0x2AC6,0x2AC6,0x2AC6,0x2AE6,0x2AE6,0x2AC5,0x2AC6,0x22C5,0x2AC6,
  0x2AA5,0x2285,0x22A5,0x22A5,0x2285,0x2285,0x2285,0x2265,0x2285,0x2265,0x2285,0x2285,0x2265,0x2285,0x2265,0x2285,
  0x22A5,0x22A5,0x22A5,0x22A5,0x22A5,0x22A5,0x22A5,0x2AC6,0x22A5,0x22A5,0x22A5,0x22A5,0x22A5,0x22A5,0x2AC6,0x2AC6,
  0x2AC6,0x22A5,0x2AC6,0x2AC6,0x22A5,0x2AC6,0x22A5,0x2AC6,0x22A5,0x22A5,0x22A5,0x2285,0x22A5,0x2AC6,0x2285,0x22A5,
  0x2AE5,0x2AE5,0x2AE6,0x22A5,0x22A5,0x22A5,0x22A5,0x22A5,0x22A5,0x22A5,0x22A5,0x2285,0x22A5,0x2285,0x2285,0x22A5,
  0x22A5,0x2285,0x2285,0x2265,0x2285,0x2285,0x2285,0x22A5,0x2285,0x22A5,0x22A5,0x22A5,0x2285,0x22A5,0x22A5,0x2285,
  0x22A5,0x22A5,0x22A5,0x2AC6,0x22A5,0x22A5,0x22A5,0x22A5,0x22A5,0x22A5,0x2AC6,0x22A5,0x22A5,0x22A5,0x2AC6,0x2AC6,
  0x2AC6,0x2AC6,0x2AC6,0x2AC6,0x22A5,0x2AC6,0x2AC6,0x2AC6,0x2AC6,0x2285,0x22A5,0x22A5,0x22A5,0x22C5,0x22A5,0x2AC6,
  0x2AC6,0x2AC6,0x2AC6,0x2285,0x2AA6,0x22A5,0x22A5,0x22A5,0x2AC6,0x2AC6,0x2AC6,0x22A5,0x22A5,0x2AE6,0x2AC6,0x2AC6,
  0x2AC6,0x22A5,0x22A5,0x22A5,0x22A5,0x2AC6,0x22A5,0x22A5,0x2285,0x2285,0x2285,0x2285,0x2AA6,0x2AC6,0x22A5,0x2285,
  0x22A5,0x2AC6,0x2AC6,0x22A5,0x2AC6,0x2AC6,0x2AC6,0x2AC6,0x2AA5,0x2AC6,0x2AC6,0x2AC6,0x22A5,0x2AC6,0x2AC6,0x2AC6,
  0x2AC6,0x2AC6,0x22A5,0x22A5,0x2AC6,0x2AC6,0x2AE6,0x2AE5,0x2AE6,0x2AE5,0x2AE6,0x2AC6,0x2AA5,0x22A5,0x22A5,0x22A5,
  0x22A5,0x2285,0x2265,0x2285,0x2285,0x2285,0x22A5,0x22A5,0x2285,0x2265,0x2265,0x2285,0x2AC6,0x22A5,0x22A5,0x22A5,
  0x22A5,0x22A5,0x22A5,0x22A5,0x22A5,0x22A5,0x22A5,0x22A5,0x22A5,0x2AC6,0x22A5,0x2AC6,0x22A5,0x2285,0x22C5,0x22A5,
  0x2AC6,0x2AE6,0x2AC6,0x2AC6,0x22A5,0x22A5,0x22A5,0x22A5,0x22A5,0x22A6,0x22A5,0x2285,0x2AC5,0x2AC5,0x2AC6,0x2AC6,
  0x22A5,0x22A5,0x22A5,0x2AC6,0x22A5,0x22A5,0x22A5,0x22A5,0x22A5,0x2285,0x2285,0x2285,0x22A5,0x2285,0x2285,0x2285,
  0x2285,0x2265,0x2285,0x2285,0x22A5,0x2285,0x22A5,0x22A5,0x22A5,0x22A6,0x22A5,0x22A5,0x22A5,0x22A5,0x22A5,0x22A5,
  0x22A5,0x2AC6,0x22A5,0x22A5,0x2285,0x22A5,0x2AC6,0x22A5,0x22A5,0x22A5,0x2AC6,0x2AC6,0x2AC6,0x2AC6,0x2AC6,0x2AC6,
  0x2AC6,0x2AC6,0x2AC6,0x2AC6,0x22A5,0x2285,0x22A5,0x22A5,0x22A5,0x22A5,0x22A5,0x2AA6,0x2AA6,0x2AC6,0x2285,0x22A5,
  0x22A5,0x2AC6,0x22A5,0x22A5,0x2AA6,0x2AE6,0x2AC6,0x22A5,0x2AC6,0x2AC6,0x2AE6,0x2AC6,0x2AC6,0x22A5,0x2285,0x22A5,
  0x22A5,0x22A5,0x22A5,0x22A5,0x2285,0x2265,0x2285,0x2285,0x2AC6,0x22A5,0x22A5,0x22A5,0x22A5,0x22A5,0x22A5,0x22A5,
  0x22A5,0x22A5,0x2AC6,0x22C5,0x2AE6,0x2AE6,0x2AC6,0x2AC6,0x22A5,0x2AC6,0x22A5,0x2AC6,0x2AC6,0x22A5,0x22A5,0x2AC6,
  0x2AE6,0x2AC5,0x2B06,0x2AE6,0x2AE6,0x2AE5,0x2AE6,0x22A6,0x22A5,0x22A5,0x22A5,0x22A5,0x22A5,0x2285,0x2265,0x2285,
  0x2265,0x22A5,0x22A5,0x22A6,0x2265,0x2285,0x2285,0x2285,0x2AC6,0x22A5,0x22A5,0x2AC6,0x22A5,0x22A5,0x22A5,0x22A5,
  0x22A5,0x22A5,0x22A5,0x22A5,0x22A5,0x22A5,0x22A5,0x22A5,0x2AA5,0x2285,0x22A5,0x22C5,0x22A5,0x2AC6,0x2AC6,0x2AC6,
  0x22A5,0x22A5,0x22A5,0x22A5,0x22A5,0x22A5,0x22A5,0x22A6,0x2AC6,0x22A5,0x22A5,0x2AC6,0x22A5,0x2AA5,0x22C5,0x22A5,
  0x2AC6,0x2AC6,0x2AC6,0x22A5,0x22A5,0x22A5,0x2285,0x2285,0x2285,0x22A5,0x2285,0x22A5,0x2285,0x22A5,0x22A5,0x22A5,
  0x22A5,0x2285,0x22A5,0x22A5,0x2285,0x22A5,0x22A5,0x2285,0x22A5,0x22A5,0x22A5,0x22A5,0x22A5,0x22A5,0x22A5,0x2285,
  0x2285,0x22A5,0x2AC6,0x22A5,0x22A5,0x2AC6,0x2AC6,0x2AE6,0x2AE5,0x2AC5,0x2AC5,0x2AC6,0x2AC6,0x2AC6,0x2AC6,0x2AE6,
  0x22A5,0x22A5,0x22A5,0x22A5,0x22A5,0x2285,0x2285,0x2285,0x22A6,0x2AC6,0x2285,0x22A5,0x22A5,0x2AC6,0x22A5,0x2285,
  0x2285,0x2AC6,0x2AC6,0x22A5,0x2AC6,0x2AE6,0x2AE5,0x2AE6,0x2AC6,0x22A5,0x22A5,0x22A5,0x22A5,0x22A5,0x22A5,0x22A5,
  0x22A5,0x2285,0x2285,0x22A5,0x22A5,0x22A5,0x2285,0x2285,0x2285,0x22A6,0x22A6,0x22A5,0x22A5,0x22A5,0x2AC6,0x2AC6,
  0x22A5,0x2AC6,0x2AC6,0x2AC6,0x2AC6,0x2AC6,0x22A5,0x2AC6,0x2AC6,0x2AC6,0x22A5,0x2AC6,0x2AE6,0x2AE5,0x2AE6,0x2B06,
  0x2AC6,0x22A5,0x2AE6,0x2AC6,0x22A5,0x22A5,0x22A5,0x22A5,0x22A5,0x22A5,0x22A5,0x22A5,0x2285,0x2285,0x22A5,0x2285,
  0x2265,0x2285,0x2285,0x2285,0x2AC6,0x22A5,0x22A5,0x2AC6,0x22A5,0x22A5,0x22A5,0x22A5,0x2AC6,0x2AA5,0x2285,0x22A5,
  0x22A5,0x22A5,0x2AC6,0x22A5,0x2AC6,0x22A5,0x22A5,0x2AC6,0x2AC6,0x22A5,0x22A5,0x22A5,0x22A5,0x22A5,0x22A5,0x22A5,
  0x22A5,0x2285,0x22A5,0x22A5,0x22A5,0x2285,0x22A5,0x22A5,0x22A5,0x22A5,0x22C5,0x22A5,0x2AC6,0x22A5,0x2AC6,0x2AC6,
  0x2285,0x22A5,0x2285,0x2285,0x2285,0x2285,0x2285,0x2285,0x2285,0x22A5,0x2285,0x22A5,0x22A5,0x22A5,0x22A5,0x22A5,
  0x22A5,0x22A5,0x2285,0x22A5,0x22A5,0x22A5,0x22A5,0x22A5,0x2AC6,0x22A5,0x22C6,0x22A6,0x2265,0x22A5,0x22A5,0x22A5,
  0x2AC6,0x22A5,0x2AE6,0x2AE6,0x2AE5,0x2AE5,0x2AE5,0x2AC5,0x2AC6,0x2AC6,0x22A5,0x2AC6,0x22A5,0x22A5,0x22A5,0x22A5,
  0x22A5,0x2285,0x2285,0x2285,0x22A6,0x22A5,0x22A5,0x22C6,0x22A5,0x2AC6,0x2AC6,0x2285,0x2AA6,0x2AA5,0x22A5,0x2AC6,
  0x22A5,0x2AE6,0x2AE6,0x22C5,0x22A5,0x22A5,0x2AC6,0x2AC6,0x22A5,0x22A5,0x22A5,0x1A65,0x2285,0x22A5,0x22A5,0x22A5,
  0x22A5,0x2AC6,0x2285,0x2285,0x2285,0x22A5,0x22A5,0x22A5,0x22A5,0x22A5,0x22A5,0x22A5,0x22A5,0x2AC6,0x22A5,0x2AC6,
  0x2AC6,0x2AC6,0x2AC6,0x2AC6,0x2AC6,0x2AC6,0x2AC6,0x2AC6,0x2AE5,0x2AE5,0x2AE6,0x2AE5,0x2AE6,0x2AC6,0x22C6,0x2AC6,
  0x22A5,0x22A5,0x22A5,0x22A5,0x22A5,0x22A5,0x22A5,0x2285,0x2285,0x2285,0x22A5,0x2285,0x2265,0x2265,0x2285,0x2285,
  0x22A5,0x22A5,0x22A5,0x2AC6,0x22A5,0x22A5,0x2AC6,0x22A5,0x22C6,0x2AC6,0x2285,0x22A5,0x22A5,0x2AC6,0x22A5,0x2AC6,
  0x22A5,0x22A5,0x22A5,0x22A5,0x2AC6,0x2AC6,0x22A5,0x22A5,0x22A5,0x22A5,0x22A5,0x22A5,0x2285,0x2285,0x22A5,0x2285,
};
